caseyear,state,st_case,statename,ve_total,ve_forms,pvh_invl,peds,pernotmvit,permvit,persons,county,countyname,city,cityname,day,dayname,month,monthname,year,day_week,day_weekname,hour,hourname,minute,minutename,nhs,nhsname,rur_urb,rur_urbname,func_sys,func_sysname,rd_owner,rd_ownername,route,routename,tway_id,tway_id2,milept,mileptname,latitude,latitudename,longitud,longitudname,sp_jur,sp_jurname,harm_ev,harm_evname,man_coll,man_collname,reljct1,reljct1name,reljct2,reljct2name,typ_int,typ_intname,wrk_zone,wrk_zonename,road_fnc,road_fncname,rel_road,rel_roadname,lgt_cond,lgt_condname,weather1,weather1name,weather2,weather2name,weather,weathername,sch_bus,sch_busname,rail,railname,not_hour,not_hourname,not_min,not_minname,arr_hour,arr_hourname,arr_min,arr_minname,hosp_hr,hosp_hrname,hosp_mn,hosp_mnname,cf1,cf1name,cf2,cf2name,cf3,cf3name,fatals,drunk_dr
2018,8,80134,Colorado,1,1,0,0,0,1,1,1,ADAMS (1),0,NOT APPLICABLE,19,19,4,April,2018,5,Thursday,6,6:00am-6:59am,25,25,1,This section IS ON the NHS,2,Urban,1,Interstate,1,State Highway Agency,1,Interstate,I-76,,71,71,39.82411667,39.82411667,-104.959722200,-104.95972222,0,No Special Jurisdiction,35,Embankment,0,Not a Collision with Motor Vehicle In-Transport,1,Yes,19,Other location within Interchange Area,1,Not an Intersection,0,None,,,4,On Roadside,1,Daylight,1,Clear,0,No Additional Atmospheric Conditions,1,Clear,0,No,0000000,Not Applicable,99,Unknown,99,Unknown,99,Unknown EMS Scene Arrival Hour,99,Unknown EMS Scene Arrival Minutes,99,Unknown,99,Unknown EMS Hospital Arrival Time,0,None,0,None,0,None,1,1
2018,8,80135,Colorado,2,2,0,0,0,3,3,59,JEFFERSON (59),2550,WESTMINSTER,15,15,4,April,2018,1,Sunday,13,1:00pm-1:59pm,17,17,0,This section IS NOT on the NHS,2,Urban,4,Minor Arterial,4,City or Municipal Highway Agency,6,Local Street - Municipality,SIMMS ST,W 108TH AVE,0,None,39.89307222,39.89307222,-105.128644400,-105.12864444,0,No Special Jurisdiction,12,Motor Vehicle In-Transport,6,Angle,0,No,2,Intersection,2,Four-Way Intersection,0,None,,,1,On Roadway,1,Daylight,98,Not Reported,0,No Additional Atmospheric Conditions,98,Not Reported,0,No,0000000,Not Applicable,13,1:00pm-1:59pm,27,27,13,1:00pm-1:59pm,33,33,14,2:00pm-2:59pm,5,5,0,None,0,None,0,None,2,0
2018,8,80136,Colorado,2,2,0,0,0,2,2,5,ARAPAHOE (5),110,AURORA,25,25,4,April,2018,4,Wednesday,20,8:00pm-8:59pm,26,26,1,This section IS ON the NHS,2,Urban,3,Principal Arterial - Other,4,City or Municipal Highway Agency,6,Local Street - Municipality,E ILIFF AVE,S NAPLES WAY,0,None,39.67357222,39.67357222,-104.796094400,-104.79609444,0,No Special Jurisdiction,12,Motor Vehicle In-Transport,6,Angle,0,No,2,Intersection,2,Four-Way Intersection,0,None,,,1,On Roadway,3,Dark - Lighted,98,Not Reported,0,No Additional Atmospheric Conditions,98,Not Reported,0,No,0000000,Not Applicable,20,8:00pm-8:59pm,26,26,99,Unknown EMS Scene Arrival Hour,99,Unknown EMS Scene Arrival Minutes,88,Not Applicable (Not Transported),88,Not Applicable (Not Transported),0,None,0,None,0,None,1,0
2018,8,80137,Colorado,2,2,0,0,0,2,2,1,ADAMS (1),0,NOT APPLICABLE,21,21,4,April,2018,7,Saturday,6,6:00am-6:59am,45,45,1,This section IS ON the NHS,2,Urban,2,Principal Arterial - Other Freeways and Expressways,1,State Highway Agency,3,State Highway,SR-470  E-470,,268,268,39.81983889,39.81983889,-104.741933300,-104.74193333,0,No Special Jurisdiction,12,Motor Vehicle In-Transport,1,Front-to-Rear,0,No,7,Crossover-Related,1,Not an Intersection,0,None,,,1,On Roadway,1,Daylight,98,Not Reported,0,No Additional Atmospheric Conditions,98,Not Reported,0,No,0000000,Not Applicable,88,Not Applicable (Not Notified),88,Not Applicable (Not Notified),88,Not Applicable,88,Not Applicable,88,Not Applicable (Not Transported),88,Not Applicable (Not Transported),0,None,0,None,0,None,1,0
2018,8,80138,Colorado,1,1,0,0,0,1,1,89,OTERO (89),0,NOT APPLICABLE,28,28,4,April,2018,7,Saturday,4,4:00am-4:59am,4,4,0,This section IS NOT on the NHS,1,Rural,4,Minor Arterial,1,State Highway Agency,3,State Highway,SR-10,,697,697,37.98218889,37.98218889,-103.598350000,-103.598350000,0,No Special Jurisdiction,21,Bridge Pier or Support,0,Not a Collision with Motor Vehicle In-Transport,0,No,1,Non-Junction,1,Not an Intersection,0,None,,,4,On Roadside,2,Dark - Not Lighted,98,Not Reported,0,No Additional Atmospheric Conditions,98,Not Reported,0,No,0000000,Not Applicable,99,Unknown,99,Unknown,99,Unknown EMS Scene Arrival Hour,99,Unknown EMS Scene Arrival Minutes,88,Not Applicable (Not Transported),88,Not Applicable (Not Transported),0,None,0,None,0,None,1,1
2018,8,80139,Colorado,1,1,0,0,0,1,1,59,JEFFERSON (59),80,ARVADA,28,28,4,April,2018,7,Saturday,4,4:00am-4:59am,2,2,1,This section IS ON the NHS,2,Urban,3,Principal Arterial - Other,1,State Highway Agency,3,State Highway,SR-121  WADSWORTH BLVD,,188,188,39.81499167,39.81499167,-105.081550000,-105.081550000,0,No Special Jurisdiction,33,Curb,0,Not a Collision with Motor Vehicle In-Transport,0,No,1,Non-Junction,1,Not an Intersection,0,None,,,4,On Roadside,3,Dark - Lighted,98,Not Reported,0,No Additional Atmospheric Conditions,98,Not Reported,0,No,0000000,Not Applicable,4,4:00am-4:59am,2,2,4,4:00am-4:59am,7,7,88,Not Applicable (Not Transported),88,Not Applicable (Not Transported),0,None,0,None,0,None,1,1
2018,8,80140,Colorado,1,1,0,0,0,1,1,59,JEFFERSON (59),0,NOT APPLICABLE,28,28,4,April,2018,7,Saturday,8,8:00am-8:59am,30,30,1,This section IS ON the NHS,1,Rural,3,Principal Arterial - Other,1,State Highway Agency,2,U.S. Highway,US-285,,2464,2464,39.61972222,39.61972222,-105.226763900,-105.22676389,0,No Special Jurisdiction,1,Rollover/Overturn,0,Not a Collision with Motor Vehicle In-Transport,0,No,1,Non-Junction,1,Not an Intersection,0,None,,,1,On Roadway,1,Daylight,98,Not Reported,0,No Additional Atmospheric Conditions,98,Not Reported,0,No,0000000,Not Applicable,99,Unknown,99,Unknown,99,Unknown EMS Scene Arrival Hour,99,Unknown EMS Scene Arrival Minutes,88,Not Applicable (Not Transported),88,Not Applicable (Not Transported),0,None,0,None,0,None,1,1
2018,8,80141,Colorado,2,2,0,0,0,2,2,5,ARAPAHOE (5),110,AURORA,27,27,4,April,2018,6,Friday,21,9:00pm-9:59pm,42,42,1,This section IS ON the NHS,2,Urban,3,Principal Arterial - Other,4,City or Municipal Highway Agency,6,Local Street - Municipality,S CHAMBERS RD,E EVANSTON WAY,0,None,39.71309444,39.71309444,-104.810100000,-104.810100000,0,No Special Jurisdiction,12,Motor Vehicle In-Transport,6,Angle,0,No,2,Intersection,3,T-Intersection,0,None,,,1,On Roadway,3,Dark - Lighted,98,Not Reported,0,No Additional Atmospheric Conditions,98,Not Reported,0,No,0000000,Not Applicable,21,9:00pm-9:59pm,42,42,21,9:00pm-9:59pm,44,44,21,9:00pm-9:59pm,58,58,0,None,0,None,0,None,1,2
2018,8,80142,Colorado,1,1,0,0,0,2,2,89,OTERO (89),0,NOT APPLICABLE,29,29,4,April,2018,1,Sunday,13,1:00pm-1:59pm,6,6,0,This section IS NOT on the NHS,1,Rural,5,Major Collector,1,State Highway Agency,3,State Highway,SR-109,,610,610,38.05227500,38.05227500,-103.527986100,-103.52798611,0,No Special Jurisdiction,1,Rollover/Overturn,0,Not a Collision with Motor Vehicle In-Transport,0,No,1,Non-Junction,1,Not an Intersection,0,None,,,4,On Roadside,1,Daylight,98,Not Reported,0,No Additional Atmospheric Conditions,98,Not Reported,0,No,0000000,Not Applicable,99,Unknown,99,Unknown,99,Unknown EMS Scene Arrival Hour,99,Unknown EMS Scene Arrival Minutes,99,Unknown,99,Unknown EMS Hospital Arrival Time,0,None,0,None,0,None,1,0
2018,8,80143,Colorado,1,1,0,0,0,1,1,41,EL PASO (41),430,COLORADO SPGS,26,26,4,April,2018,5,Thursday,1,1:00am-1:59am,55,55,1,This section IS ON the NHS,2,Urban,3,Principal Arterial - Other,4,City or Municipal Highway Agency,6,Local Street - Municipality,E BARNES RD,,0,None,38.89862222,38.89862222,-104.706963900,-104.70696389,0,No Special Jurisdiction,24,Guardrail Face,0,Not a Collision with Motor Vehicle In-Transport,0,No,1,Non-Junction,1,Not an Intersection,0,None,,,3,On Median,3,Dark - Lighted,98,Not Reported,0,No Additional Atmospheric Conditions,98,Not Reported,0,No,0000000,Not Applicable,1,1:00am-1:59am,56,56,99,Unknown EMS Scene Arrival Hour,99,Unknown EMS Scene Arrival Minutes,88,Not Applicable (Not Transported),88,Not Applicable (Not Transported),0,None,0,None,0,None,1,1
2018,8,80144,Colorado,2,2,0,0,0,3,3,13,BOULDER (13),0,NOT APPLICABLE,30,30,4,April,2018,2,Monday,5,5:00am-5:59am,30,30,1,This section IS ON the NHS,1,Rural,3,Principal Arterial - Other,1,State Highway Agency,2,U.S. Highway,US-287,,3059,3059,40.02280556,40.02280556,-105.102827800,-105.10282778,0,No Special Jurisdiction,12,Motor Vehicle In-Transport,2,Front-to-Front,0,No,1,Non-Junction,1,Not an Intersection,0,None,,,1,On Roadway,2,Dark - Not Lighted,98,Not Reported,0,No Additional Atmospheric Conditions,98,Not Reported,0,No,0000000,Not Applicable,99,Unknown,99,Unknown,99,Unknown EMS Scene Arrival Hour,99,Unknown EMS Scene Arrival Minutes,99,Unknown,99,Unknown EMS Hospital Arrival Time,0,None,0,None,0,None,2,0
2018,8,80145,Colorado,2,2,0,0,0,3,3,31,DENVER (31),600,DENVER,28,28,4,April,2018,7,Saturday,7,7:00am-7:59am,25,25,0,This section IS NOT on the NHS,2,Urban,4,Minor Arterial,4,City or Municipal Highway Agency,6,Local Street - Municipality,E GVR BLVD,,0,None,39.78365278,39.78365278,-104.781344400,-104.78134444,0,No Special Jurisdiction,12,Motor Vehicle In-Transport,2,Front-to-Front,0,No,1,Non-Junction,1,Not an Intersection,0,None,,,1,On Roadway,1,Daylight,1,Clear,0,No Additional Atmospheric Conditions,1,Clear,0,No,0000000,Not Applicable,7,7:00am-7:59am,31,31,7,7:00am-7:59am,35,35,8,8:00am-8:59am,10,10,0,None,0,None,0,None,1,0
2018,8,80146,Colorado,2,2,0,0,0,2,2,59,JEFFERSON (59),2555,WHEAT RIDGE,14,14,4,April,2018,7,Saturday,17,5:00pm-5:59pm,45,45,1,This section IS ON the NHS,2,Urban,3,Principal Arterial - Other,1,State Highway Agency,3,State Highway,SR-72  WARD RD,,2,2,39.78291667,39.78291667,-105.137900000,-105.137900000,0,No Special Jurisdiction,1,Rollover/Overturn,0,Not a Collision with Motor Vehicle In-Transport,0,No,1,Non-Junction,1,Not an Intersection,0,None,,,1,On Roadway,1,Daylight,98,Not Reported,0,No Additional Atmospheric Conditions,98,Not Reported,0,No,0000000,Not Applicable,99,Unknown,99,Unknown,99,Unknown EMS Scene Arrival Hour,99,Unknown EMS Scene Arrival Minutes,88,Not Applicable (Not Transported),88,Not Applicable (Not Transported),0,None,0,None,0,None,1,1
2018,8,80147,Colorado,2,2,0,0,0,3,3,41,EL PASO (41),430,COLORADO SPGS,6,6,4,April,2018,6,Friday,12,12:00pm-12:59pm,50,50,1,This section IS ON the NHS,2,Urban,3,Principal Arterial - Other,4,City or Municipal Highway Agency,6,Local Street - Municipality,E HANCOCK PKWY,MONICA DR W,0,None,38.78890833,38.78890833,-104.747236100,-104.74723611,0,No Special Jurisdiction,12,Motor Vehicle In-Transport,6,Angle,0,No,2,Intersection,2,Four-Way Intersection,0,None,,,1,On Roadway,1,Daylight,2,Rain,0,No Additional Atmospheric Conditions,2,Rain,0,No,0000000,Not Applicable,12,12:00pm-12:59pm,51,51,99,Unknown EMS Scene Arrival Hour,99,Unknown EMS Scene Arrival Minutes,99,Unknown,99,Unknown EMS Hospital Arrival Time,0,None,0,None,0,None,1,0
2018,8,80148,Colorado,2,2,0,0,0,4,4,123,WELD (123),0,NOT APPLICABLE,29,29,4,April,2018,1,Sunday,15,3:00pm-3:59pm,30,30,1,This section IS ON the NHS,2,Urban,3,Principal Arterial - Other,1,State Highway Agency,2,U.S. Highway,US-85,SR-392,2725,2725,40.48100000,40.48100000,-104.700091700,-104.70009167,0,No Special Jurisdiction,12,Motor Vehicle In-Transport,6,Angle,0,No,2,Intersection,2,Four-Way Intersection,0,None,,,1,On Roadway,1,Daylight,1,Clear,0,No Additional Atmospheric Conditions,1,Clear,0,No,0000000,Not Applicable,99,Unknown,99,Unknown,99,Unknown EMS Scene Arrival Hour,99,Unknown EMS Scene Arrival Minutes,99,Unknown,99,Unknown EMS Hospital Arrival Time,0,None,0,None,0,None,1,0
2018,8,80149,Colorado,2,2,0,0,0,2,2,67,LA PLATA (67),0,NOT APPLICABLE,23,23,4,April,2018,2,Monday,23,11:00pm-11:59pm,9,9,0,This section IS NOT on the NHS,1,Rural,5,Major Collector,1,State Highway Agency,3,State Highway,SR-140,,60,60,37.08306389,37.08306389,-108.173583300,-108.17358333,3,Indian Reservation,12,Motor Vehicle In-Transport,2,Front-to-Front,0,No,1,Non-Junction,1,Not an Intersection,0,None,,,1,On Roadway,2,Dark - Not Lighted,98,Not Reported,0,No Additional Atmospheric Conditions,98,Not Reported,0,No,0000000,Not Applicable,99,Unknown,99,Unknown,99,Unknown EMS Scene Arrival Hour,99,Unknown EMS Scene Arrival Minutes,99,Unknown,99,Unknown EMS Hospital Arrival Time,0,None,0,None,0,None,1,2
2018,8,80150,Colorado,2,2,0,0,0,2,2,31,DENVER (31),600,DENVER,28,28,4,April,2018,7,Saturday,0,0:00am-0:59am,30,30,1,This section IS ON the NHS,2,Urban,1,Interstate,1,State Highway Agency,1,Interstate,I-25 RAMP B,,2129,2129,39.76911111,39.76911111,-104.992222200,-104.99222222,0,No Special Jurisdiction,12,Motor Vehicle In-Transport,1,Front-to-Rear,1,Yes,20,Entrance/Exit Ramp,1,Not an Intersection,0,None,,,1,On Roadway,3,Dark - Lighted,98,Not Reported,0,No Additional Atmospheric Conditions,98,Not Reported,0,No,0000000,Not Applicable,0,0:00am-0:59am,33,33,0,0:00am-0:59am,36,36,0,0:00am-0:59am,54,54,0,None,0,None,0,None,1,1
2018,8,80151,Colorado,1,1,0,0,0,4,4,87,MORGAN (87),0,NOT APPLICABLE,1,1,4,April,2018,1,Sunday,10,10:00am-10:59am,11,11,1,This section IS ON the NHS,1,Rural,1,Interstate,1,State Highway Agency,1,Interstate,I-76,,665,665,40.24704444,40.24704444,-104.047222200,-104.04722222,0,No Special Jurisdiction,31,"Post, Pole or Other Supports",0,Not a Collision with Motor Vehicle In-Transport,1,Yes,19,Other location within Interchange Area,1,Not an Intersection,0,None,,,3,On Median,1,Daylight,98,Not Reported,0,No Additional Atmospheric Conditions,98,Not Reported,0,No,0000000,Not Applicable,99,Unknown,99,Unknown,99,Unknown EMS Scene Arrival Hour,99,Unknown EMS Scene Arrival Minutes,99,Unknown,99,Unknown EMS Hospital Arrival Time,0,None,0,None,0,None,1,0
2018,8,80152,Colorado,2,2,0,0,0,2,2,101,PUEBLO (101),2050,PUEBLO,18,18,4,April,2018,4,Wednesday,22,10:00pm-10:59pm,21,21,0,This section IS NOT on the NHS,2,Urban,4,Minor Arterial,4,City or Municipal Highway Agency,6,Local Street - Municipality,JONES AVE,LAKE AVE,0,None,38.23688611,38.23688611,-104.625211100,-104.62521111,0,No Special Jurisdiction,12,Motor Vehicle In-Transport,6,Angle,0,No,2,Intersection,2,Four-Way Intersection,0,None,,,1,On Roadway,3,Dark - Lighted,98,Not Reported,0,No Additional Atmospheric Conditions,98,Not Reported,0,No,0000000,Not Applicable,99,Unknown,99,Unknown,99,Unknown EMS Scene Arrival Hour,99,Unknown EMS Scene Arrival Minutes,99,Unknown,99,Unknown EMS Hospital Arrival Time,0,None,0,None,0,None,1,0
2018,8,80153,Colorado,1,1,0,1,1,1,1,89,OTERO (89),1410,LA JUNTA,22,22,4,April,2018,1,Sunday,17,5:00pm-5:59pm,46,46,0,This section IS NOT on the NHS,2,Urban,7,Local,4,City or Municipal Highway Agency,6,Local Street - Municipality,E 8TH ST,,0,None,37.98073889,37.98073889,-103.535555600,-103.53555556,0,No Special Jurisdiction,8,Pedestrian,0,Not a Collision with Motor Vehicle In-Transport,0,No,1,Non-Junction,1,Not an Intersection,0,None,,,1,On Roadway,1,Daylight,98,Not Reported,0,No Additional Atmospheric Conditions,98,Not Reported,0,No,0000000,Not Applicable,17,5:00pm-5:59pm,46,46,17,5:00pm-5:59pm,48,48,88,Not Applicable (Not Transported),88,Not Applicable (Not Transported),0,None,0,None,0,None,1,0
2018,8,80154,Colorado,2,2,0,0,0,3,3,41,EL PASO (41),430,COLORADO SPGS,19,19,4,April,2018,5,Thursday,12,12:00pm-12:59pm,52,52,1,This section IS ON the NHS,2,Urban,3,Principal Arterial - Other,4,City or Municipal Highway Agency,6,Local Street - Municipality,E WOODMAN RD,LEXINGTON DR,0,None,38.93712778,38.93712778,-104.761652800,-104.76165278,0,No Special Jurisdiction,12,Motor Vehicle In-Transport,6,Angle,0,No,2,Intersection,2,Four-Way Intersection,0,None,,,1,On Roadway,1,Daylight,98,Not Reported,0,No Additional Atmospheric Conditions,98,Not Reported,0,No,0000000,Not Applicable,12,12:00pm-12:59pm,53,53,12,12:00pm-12:59pm,58,58,13,1:00pm-1:59pm,24,24,0,None,0,None,0,None,1,0
2018,8,80155,Colorado,1,1,0,0,0,1,1,5,ARAPAHOE (5),345,CENTENNIAL,1,1,1,January,2018,2,Monday,7,7:00am-7:59am,50,50,1,This section IS ON the NHS,2,Urban,3,Principal Arterial - Other,1,State Highway Agency,3,State Highway,SR-177  S UNIVERSITY BLVD,,19,19,39.59355556,39.59355556,-104.960394400,-104.96039444,0,No Special Jurisdiction,42,Tree (Standing Only),0,Not a Collision with Motor Vehicle In-Transport,0,No,1,Non-Junction,1,Not an Intersection,0,None,,,4,On Roadside,1,Daylight,98,Not Reported,0,No Additional Atmospheric Conditions,98,Not Reported,0,No,0000000,Not Applicable,99,Unknown,99,Unknown,99,Unknown EMS Scene Arrival Hour,99,Unknown EMS Scene Arrival Minutes,99,Unknown,99,Unknown EMS Hospital Arrival Time,0,None,0,None,0,None,1,0
2018,8,80156,Colorado,9,9,0,0,0,13,13,101,PUEBLO (101),0,NOT APPLICABLE,1,1,5,May,2018,3,Tuesday,12,12:00pm-12:59pm,52,52,1,This section IS ON the NHS,1,Rural,1,Interstate,1,State Highway Agency,1,Interstate,I-25,,1091,1091,38.41722222,38.41722222,-104.610855600,-104.61085556,0,No Special Jurisdiction,12,Motor Vehicle In-Transport,1,Front-to-Rear,0,No,1,Non-Junction,1,Not an Intersection,0,None,,,1,On Roadway,1,Daylight,98,Not Reported,0,No Additional Atmospheric Conditions,98,Not Reported,0,No,0000000,Not Applicable,99,Unknown,99,Unknown,99,Unknown EMS Scene Arrival Hour,99,Unknown EMS Scene Arrival Minutes,99,Unknown,99,Unknown EMS Hospital Arrival Time,19,Recent/Previous Crash scene Nearby,27,Backup Due to Prior Crash,0,None,1,0
2018,8,80157,Colorado,1,1,0,0,0,1,1,77,MESA (77),0,NOT APPLICABLE,6,6,5,May,2018,1,Sunday,17,5:00pm-5:59pm,16,16,0,This section IS NOT on the NHS,1,Rural,6,Minor Collector,2,County Highway Agency,4,County Road,CR-LANDS END RD,,0,None,38.95793889,38.95793889,-108.315922200,-108.31592222,0,No Special Jurisdiction,1,Rollover/Overturn,0,Not a Collision with Motor Vehicle In-Transport,0,No,1,Non-Junction,1,Not an Intersection,0,None,,,4,On Roadside,1,Daylight,98,Not Reported,0,No Additional Atmospheric Conditions,98,Not Reported,0,No,0000000,Not Applicable,99,Unknown,99,Unknown,99,Unknown EMS Scene Arrival Hour,99,Unknown EMS Scene Arrival Minutes,88,Not Applicable (Not Transported),88,Not Applicable (Not Transported),0,None,0,None,0,None,1,1
2018,8,80158,Colorado,2,2,0,0,0,2,2,41,EL PASO (41),430,COLORADO SPGS,2,2,5,May,2018,4,Wednesday,20,8:00pm-8:59pm,17,17,1,This section IS ON the NHS,2,Urban,3,Principal Arterial - Other,4,City or Municipal Highway Agency,6,Local Street - Municipality,S ACADEMY BLVD,AIRPORT RD,0,None,38.82541667,38.82541667,-104.757600000,-104.757600000,0,No Special Jurisdiction,12,Motor Vehicle In-Transport,6,Angle,0,No,2,Intersection,2,Four-Way Intersection,0,None,,,1,On Roadway,3,Dark - Lighted,2,Rain,0,No Additional Atmospheric Conditions,2,Rain,0,No,0000000,Not Applicable,20,8:00pm-8:59pm,17,17,99,Unknown EMS Scene Arrival Hour,99,Unknown EMS Scene Arrival Minutes,99,Unknown,99,Unknown EMS Hospital Arrival Time,0,None,0,None,0,None,1,0
2018,8,80159,Colorado,2,2,0,0,0,5,5,41,EL PASO (41),430,COLORADO SPGS,3,3,5,May,2018,5,Thursday,23,11:00pm-11:59pm,16,16,1,This section IS ON the NHS,2,Urban,3,Principal Arterial - Other,4,City or Municipal Highway Agency,6,Local Street - Municipality,N ACADEMY BLVD,SHRIDER RD,0,None,38.93668333,38.93668333,-104.797811100,-104.79781111,0,No Special Jurisdiction,12,Motor Vehicle In-Transport,7,Sideswipe - Same Direction,0,No,3,Intersection-Related,2,Four-Way Intersection,0,None,,,1,On Roadway,3,Dark - Lighted,98,Not Reported,0,No Additional Atmospheric Conditions,98,Not Reported,0,No,0000000,Not Applicable,23,11:00pm-11:59pm,16,16,23,11:00pm-11:59pm,20,20,23,11:00pm-11:59pm,45,45,0,None,0,None,0,None,1,1
2018,8,80160,Colorado,1,1,0,0,0,1,1,123,WELD (123),0,NOT APPLICABLE,8,8,5,May,2018,3,Tuesday,12,12:00pm-12:59pm,58,58,1,This section IS ON the NHS,1,Rural,1,Interstate,1,State Highway Agency,1,Interstate,I-76,,543,543,40.19854444,40.19854444,-104.264766700,-104.26476667,0,No Special Jurisdiction,1,Rollover/Overturn,0,Not a Collision with Motor Vehicle In-Transport,0,No,1,Non-Junction,1,Not an Intersection,0,None,,,3,On Median,1,Daylight,98,Not Reported,0,No Additional Atmospheric Conditions,98,Not Reported,0,No,0000000,Not Applicable,99,Unknown,99,Unknown,99,Unknown EMS Scene Arrival Hour,99,Unknown EMS Scene Arrival Minutes,88,Not Applicable (Not Transported),88,Not Applicable (Not Transported),0,None,0,None,0,None,1,0
2018,8,80161,Colorado,1,1,0,0,0,2,2,35,DOUGLAS (35),0,NOT APPLICABLE,6,6,5,May,2018,1,Sunday,13,1:00pm-1:59pm,24,24,0,This section IS NOT on the NHS,1,Rural,6,Minor Collector,2,County Highway Agency,4,County Road,CR-S PERRY PARK RD,,0,None,39.21047222,39.21047222,-104.923888900,-104.92388889,0,No Special Jurisdiction,31,"Post, Pole or Other Supports",0,Not a Collision with Motor Vehicle In-Transport,0,No,1,Non-Junction,1,Not an Intersection,0,None,,,4,On Roadside,1,Daylight,98,Not Reported,0,No Additional Atmospheric Conditions,98,Not Reported,0,No,0000000,Not Applicable,13,1:00pm-1:59pm,24,24,13,1:00pm-1:59pm,34,34,14,2:00pm-2:59pm,25,25,0,None,0,None,0,None,1,0
2018,8,80162,Colorado,2,2,0,0,0,2,2,123,WELD (123),0,NOT APPLICABLE,9,9,5,May,2018,4,Wednesday,22,10:00pm-10:59pm,2,2,0,This section IS NOT on the NHS,1,Rural,5,Major Collector,2,County Highway Agency,4,County Road,CR-74,,0,None,40.52381667,40.52381667,-104.801944400,-104.80194444,0,No Special Jurisdiction,12,Motor Vehicle In-Transport,2,Front-to-Front,0,No,1,Non-Junction,1,Not an Intersection,0,None,,,1,On Roadway,2,Dark - Not Lighted,98,Not Reported,0,No Additional Atmospheric Conditions,98,Not Reported,0,No,0000000,Not Applicable,99,Unknown,99,Unknown,99,Unknown EMS Scene Arrival Hour,99,Unknown EMS Scene Arrival Minutes,88,Not Applicable (Not Transported),88,Not Applicable (Not Transported),0,None,0,None,0,None,1,1
2018,8,80163,Colorado,1,1,0,1,1,1,1,1,ADAMS (1),2427,THORNTON,8,8,5,May,2018,3,Tuesday,5,5:00am-5:59am,52,52,1,This section IS ON the NHS,2,Urban,3,Principal Arterial - Other,1,State Highway Agency,3,State Highway,SR-44  E 104TH AVE,,41,41,39.88526111,39.88526111,-104.924166700,-104.92416667,0,No Special Jurisdiction,8,Pedestrian,0,Not a Collision with Motor Vehicle In-Transport,0,No,1,Non-Junction,1,Not an Intersection,0,None,,,1,On Roadway,2,Dark - Not Lighted,98,Not Reported,0,No Additional Atmospheric Conditions,98,Not Reported,0,No,0000000,Not Applicable,5,5:00am-5:59am,52,52,6,6:00am-6:59am,0,0,6,6:00am-6:59am,34,34,0,None,0,None,0,None,1,0
2018,8,80164,Colorado,1,1,0,0,0,1,1,73,LINCOLN (73),0,NOT APPLICABLE,5,5,5,May,2018,7,Saturday,19,7:00pm-7:59pm,12,12,0,This section IS NOT on the NHS,1,Rural,4,Minor Arterial,1,State Highway Agency,3,State Highway,SR-94,,482,482,38.83833333,38.83833333,-103.811111100,-103.81111111,0,No Special Jurisdiction,1,Rollover/Overturn,0,Not a Collision with Motor Vehicle In-Transport,0,No,1,Non-Junction,1,Not an Intersection,0,None,,,4,On Roadside,1,Daylight,98,Not Reported,0,No Additional Atmospheric Conditions,98,Not Reported,0,No,0000000,Not Applicable,19,7:00pm-7:59pm,12,12,19,7:00pm-7:59pm,33,33,99,Unknown,99,Unknown EMS Hospital Arrival Time,0,None,0,None,0,None,1,0
2018,8,80165,Colorado,2,2,0,0,0,2,2,69,LARIMER (69),860,FORT COLLINS,9,9,5,May,2018,4,Wednesday,18,6:00pm-6:59pm,46,46,0,This section IS NOT on the NHS,2,Urban,4,Minor Arterial,4,City or Municipal Highway Agency,6,Local Street - Municipality,PROSPECT RD,CARRIAGE RD,0,None,40.56653611,40.56653611,-104.984263900,-104.98426389,0,No Special Jurisdiction,12,Motor Vehicle In-Transport,6,Angle,0,No,2,Intersection,3,T-Intersection,0,None,,,1,On Roadway,1,Daylight,98,Not Reported,0,No Additional Atmospheric Conditions,98,Not Reported,0,No,0000000,Not Applicable,18,6:00pm-6:59pm,46,46,18,6:00pm-6:59pm,53,53,19,7:00pm-7:59pm,18,18,0,None,0,None,0,None,1,1
2018,8,80166,Colorado,2,2,0,0,0,4,4,3,ALAMOSA (3),0,NOT APPLICABLE,11,11,5,May,2018,6,Friday,20,8:00pm-8:59pm,29,29,1,This section IS ON the NHS,1,Rural,3,Principal Arterial - Other,1,State Highway Agency,2,U.S. Highway,US-160,,2279,2279,37.49995278,37.49995278,-105.953144400,-105.95314444,0,No Special Jurisdiction,12,Motor Vehicle In-Transport,1,Front-to-Rear,0,No,1,Non-Junction,1,Not an Intersection,0,None,,,1,On Roadway,2,Dark - Not Lighted,98,Not Reported,0,No Additional Atmospheric Conditions,98,Not Reported,0,No,0000000,Not Applicable,99,Unknown,99,Unknown,99,Unknown EMS Scene Arrival Hour,99,Unknown EMS Scene Arrival Minutes,99,Unknown,99,Unknown EMS Hospital Arrival Time,0,None,0,None,0,None,1,0