caseyear,state,st_case,statename,ve_total,ve_forms,pvh_invl,peds,pernotmvit,permvit,persons,county,countyname,city,cityname,day,dayname,month,monthname,year,day_week,day_weekname,hour,hourname,minute,minutename,nhs,nhsname,rur_urb,rur_urbname,func_sys,func_sysname,rd_owner,rd_ownername,route,routename,tway_id,tway_id2,milept,mileptname,latitude,latitudename,longitud,longitudname,sp_jur,sp_jurname,harm_ev,harm_evname,man_coll,man_collname,reljct1,reljct1name,reljct2,reljct2name,typ_int,typ_intname,wrk_zone,wrk_zonename,road_fnc,road_fncname,rel_road,rel_roadname,lgt_cond,lgt_condname,weather1,weather1name,weather2,weather2name,weather,weathername,sch_bus,sch_busname,rail,railname,not_hour,not_hourname,not_min,not_minname,arr_hour,arr_hourname,arr_min,arr_minname,hosp_hr,hosp_hrname,hosp_mn,hosp_mnname,cf1,cf1name,cf2,cf2name,cf3,cf3name,fatals,drunk_dr
2018,8,80200,Colorado,1,1,0,0,0,5,5,71,LAS ANIMAS (71),2440,TRINIDAD,29,29,5,May,2018,3,Tuesday,5,5:00am-5:59am,51,51,1,This section IS ON the NHS,2,Urban,1,Interstate,1,State Highway Agency,1,Interstate,I-25,,123,123,37.15222222,37.15222222,-104.519625000,-104.519625000,0,No Special Jurisdiction,1,Rollover/Overturn,0,Not a Collision with Motor Vehicle In-Transport,0,No,1,Non-Junction,1,Not an Intersection,0,None,,,3,On Median,4,Dawn,98,Not Reported,0,No Additional Atmospheric Conditions,98,Not Reported,0,No,0000000,Not Applicable,5,5:00am-5:59am,51,51,99,Unknown EMS Scene Arrival Hour,99,Unknown EMS Scene Arrival Minutes,99,Unknown,99,Unknown EMS Hospital Arrival Time,0,None,0,None,0,None,1,0
2018,8,80201,Colorado,2,2,0,0,0,3,3,45,GARFIELD (45),2130,RIFLE,10,10,5,May,2018,5,Thursday,16,4:00pm-4:59pm,29,29,1,This section IS ON the NHS,2,Urban,3,Principal Arterial - Other,1,State Highway Agency,3,State Highway,SR-13  RAILROAD AVE,E 26TH ST,29,29,39.55306111,39.55306111,-107.777361100,-107.77736111,0,No Special Jurisdiction,12,Motor Vehicle In-Transport,6,Angle,0,No,2,Intersection,2,Four-Way Intersection,0,None,,,1,On Roadway,1,Daylight,98,Not Reported,0,No Additional Atmospheric Conditions,98,Not Reported,0,No,0000000,Not Applicable,16,4:00pm-4:59pm,31,31,16,4:00pm-4:59pm,36,36,17,5:00pm-5:59pm,1,1,0,None,0,None,0,None,1,0
2018,8,80202,Colorado,2,2,0,0,0,4,4,31,DENVER (31),600,DENVER,27,27,5,May,2018,1,Sunday,17,5:00pm-5:59pm,10,10,0,This section IS NOT on the NHS,2,Urban,5,Major Collector,4,City or Municipal Highway Agency,6,Local Street - Municipality,W 1ST AVE,N KNOX CT,0,None,39.71815833,39.71815833,-105.032425000,-105.032425000,0,No Special Jurisdiction,12,Motor Vehicle In-Transport,6,Angle,0,No,2,Intersection,2,Four-Way Intersection,0,None,,,1,On Roadway,1,Daylight,98,Not Reported,0,No Additional Atmospheric Conditions,98,Not Reported,0,No,0000000,Not Applicable,17,5:00pm-5:59pm,10,10,17,5:00pm-5:59pm,13,13,99,Unknown,99,Unknown EMS Hospital Arrival Time,20,Police Pursuit Involved,0,None,0,None,1,0
2018,8,80203,Colorado,2,2,0,0,0,2,2,123,WELD (123),870,FORT LUPTON,30,30,5,May,2018,4,Wednesday,14,2:00pm-2:59pm,38,38,1,This section IS ON the NHS,2,Urban,3,Principal Arterial - Other,1,State Highway Agency,2,U.S. Highway,US-85,CR-8,2391,2391,40.04387778,40.04387778,-104.819894400,-104.81989444,0,No Special Jurisdiction,12,Motor Vehicle In-Transport,2,Front-to-Front,0,No,2,Intersection,2,Four-Way Intersection,0,None,,,1,On Roadway,1,Daylight,98,Not Reported,0,No Additional Atmospheric Conditions,98,Not Reported,1,Yes,0000000,Not Applicable,14,2:00pm-2:59pm,39,39,14,2:00pm-2:59pm,43,43,16,4:00pm-4:59pm,18,18,0,None,0,None,0,None,1,0
2018,8,80204,Colorado,1,1,0,0,0,2,2,101,PUEBLO (101),2050,PUEBLO,28,28,5,May,2018,2,Monday,23,11:00pm-11:59pm,17,17,0,This section IS NOT on the NHS,2,Urban,4,Minor Arterial,4,City or Municipal Highway Agency,6,Local Street - Municipality,S LAKE AVE,,0,None,38.23100278,38.23100278,-104.624647200,-104.62464722,0,No Special Jurisdiction,33,Curb,0,Not a Collision with Motor Vehicle In-Transport,0,No,1,Non-Junction,1,Not an Intersection,0,None,,,3,On Median,3,Dark - Lighted,98,Not Reported,0,No Additional Atmospheric Conditions,98,Not Reported,0,No,0000000,Not Applicable,99,Unknown,99,Unknown,99,Unknown EMS Scene Arrival Hour,99,Unknown EMS Scene Arrival Minutes,88,Not Applicable (Not Transported),88,Not Applicable (Not Transported),0,None,0,None,0,None,1,1
2018,8,80205,Colorado,2,2,0,0,0,2,2,69,LARIMER (69),1550,LOVELAND,2,2,5,May,2018,4,Wednesday,12,12:00pm-12:59pm,0,0,0,This section IS NOT on the NHS,2,Urban,5,Major Collector,4,City or Municipal Highway Agency,6,Local Street - Municipality,N BOYD LAKE RD,VALLEY OAK DR,0,None,40.44323056,40.44323056,-105.020502800,-105.02050278,0,No Special Jurisdiction,12,Motor Vehicle In-Transport,6,Angle,0,No,2,Intersection,3,T-Intersection,0,None,,,1,On Roadway,1,Daylight,98,Not Reported,0,No Additional Atmospheric Conditions,98,Not Reported,0,No,0000000,Not Applicable,12,12:00pm-12:59pm,0,0,12,12:00pm-12:59pm,18,18,12,12:00pm-12:59pm,20,20,0,None,0,None,0,None,1,0
2018,8,80206,Colorado,2,2,0,0,0,2,2,5,ARAPAHOE (5),110,AURORA,1,1,6,June,2018,6,Friday,5,5:00am-5:59am,21,21,1,This section IS ON the NHS,2,Urban,3,Principal Arterial - Other,1,State Highway Agency,3,State Highway,SR-83  S PARKER RD,I-225 NB OFF RAMP,705,705,39.65806389,39.65806389,-104.842722200,-104.84272222,0,No Special Jurisdiction,12,Motor Vehicle In-Transport,6,Angle,1,Yes,2,Intersection,2,Four-Way Intersection,0,None,,,1,On Roadway,4,Dawn,98,Not Reported,0,No Additional Atmospheric Conditions,98,Not Reported,0,No,0000000,Not Applicable,5,5:00am-5:59am,22,22,5,5:00am-5:59am,27,27,5,5:00am-5:59am,53,53,0,None,0,None,0,None,1,0
2018,8,80207,Colorado,2,2,0,0,0,2,2,83,MONTEZUMA (83),0,NOT APPLICABLE,1,1,6,June,2018,6,Friday,14,2:00pm-2:59pm,0,0,1,This section IS ON the NHS,1,Rural,3,Principal Arterial - Other,1,State Highway Agency,2,U.S. Highway,US-160,CR-34,474,474,37.35273889,37.35273889,-108.425672200,-108.42567222,0,No Special Jurisdiction,12,Motor Vehicle In-Transport,6,Angle,0,No,2,Intersection,3,T-Intersection,0,None,,,1,On Roadway,1,Daylight,98,Not Reported,0,No Additional Atmospheric Conditions,98,Not Reported,0,No,0000000,Not Applicable,14,2:00pm-2:59pm,1,1,14,2:00pm-2:59pm,11,11,15,3:00pm-3:59pm,23,23,0,None,0,None,0,None,1,0
2018,8,80208,Colorado,1,1,0,0,0,1,1,123,WELD (123),0,NOT APPLICABLE,2,2,6,June,2018,7,Saturday,18,6:00pm-6:59pm,8,8,0,This section IS NOT on the NHS,1,Rural,6,Minor Collector,2,County Highway Agency,4,County Road,CR-43,CR-50,0,None,40.34820278,40.34820278,-104.658972200,-104.65897222,0,No Special Jurisdiction,1,Rollover/Overturn,0,Not a Collision with Motor Vehicle In-Transport,0,No,3,Intersection-Related,3,T-Intersection,0,None,,,4,On Roadside,1,Daylight,1,Clear,0,No Additional Atmospheric Conditions,1,Clear,0,No,0000000,Not Applicable,18,6:00pm-6:59pm,10,10,18,6:00pm-6:59pm,18,18,18,6:00pm-6:59pm,38,38,0,None,0,None,0,None,1,1
2018,8,80209,Colorado,1,1,0,0,0,1,1,5,ARAPAHOE (5),0,NOT APPLICABLE,4,4,6,June,2018,2,Monday,3,3:00am-3:59am,25,25,1,This section IS ON the NHS,2,Urban,1,Interstate,1,State Highway Agency,7,Local Street - Frontage Road,I-70 FRONTAGE RD,S PICADILLY RD,3117,3117,39.74022222,39.74022222,-104.734861100,-104.73486111,0,No Special Jurisdiction,1,Rollover/Overturn,0,Not a Collision with Motor Vehicle In-Transport,1,Yes,3,Intersection-Related,3,T-Intersection,0,None,,,10,Separator,2,Dark - Not Lighted,1,Clear,0,No Additional Atmospheric Conditions,1,Clear,0,No,0000000,Not Applicable,99,Unknown,99,Unknown,99,Unknown EMS Scene Arrival Hour,99,Unknown EMS Scene Arrival Minutes,88,Not Applicable (Not Transported),88,Not Applicable (Not Transported),0,None,0,None,0,None,1,0
2018,8,80210,Colorado,1,1,0,0,0,1,1,85,MONTROSE (85),0,NOT APPLICABLE,4,4,6,June,2018,2,Monday,11,11:00am-11:59am,13,13,0,This section IS NOT on the NHS,1,Rural,4,Minor Arterial,1,State Highway Agency,3,State Highway,SR-141,,885,885,38.45346667,38.45346667,-108.861850000,-108.861850000,0,No Special Jurisdiction,35,Embankment,0,Not a Collision with Motor Vehicle In-Transport,0,No,8,Driveway Access Related,1,Not an Intersection,0,None,,,4,On Roadside,1,Daylight,1,Clear,0,No Additional Atmospheric Conditions,1,Clear,0,No,0000000,Not Applicable,11,11:00am-11:59am,31,31,12,12:00pm-12:59pm,52,52,88,Not Applicable (Not Transported),88,Not Applicable (Not Transported),0,None,0,None,0,None,1,0
2018,8,80211,Colorado,1,1,0,0,0,4,4,75,LOGAN (75),2370,STERLING,4,4,6,June,2018,2,Monday,14,2:00pm-2:59pm,35,35,1,This section IS ON the NHS,2,Urban,1,Interstate,1,State Highway Agency,1,Interstate,I-76,,1251,1251,40.62477778,40.62477778,-103.170083300,-103.17008333,0,No Special Jurisdiction,59,Traffic Sign Support,0,Not a Collision with Motor Vehicle In-Transport,1,Yes,19,Other location within Interchange Area,1,Not an Intersection,0,None,,,3,On Median,1,Daylight,98,Not Reported,0,No Additional Atmospheric Conditions,98,Not Reported,0,No,0000000,Not Applicable,14,2:00pm-2:59pm,35,35,99,Unknown EMS Scene Arrival Hour,99,Unknown EMS Scene Arrival Minutes,99,Unknown,99,Unknown EMS Hospital Arrival Time,0,None,0,None,0,None,2,1
2018,8,80212,Colorado,2,2,0,0,0,2,2,1,ADAMS (1),434,COMMERCE CITY,4,4,6,June,2018,2,Monday,7,7:00am-7:59am,24,24,0,This section IS NOT on the NHS,2,Urban,7,Local,4,City or Municipal Highway Agency,6,Local Street - Municipality,DALLAS ST,,0,None,39.87635556,39.87635556,-104.876116700,-104.87611667,0,No Special Jurisdiction,12,Motor Vehicle In-Transport,6,Angle,0,No,8,Driveway Access Related,1,Not an Intersection,0,None,,,1,On Roadway,1,Daylight,1,Clear,0,No Additional Atmospheric Conditions,1,Clear,0,No,0000000,Not Applicable,7,7:00am-7:59am,24,24,7,7:00am-7:59am,31,31,88,Not Applicable (Not Transported),88,Not Applicable (Not Transported),0,None,0,None,0,None,1,0
2018,8,80213,Colorado,1,1,0,0,0,1,1,41,EL PASO (41),430,COLORADO SPGS,4,4,6,June,2018,2,Monday,11,11:00am-11:59am,5,5,0,This section IS NOT on the NHS,2,Urban,4,Minor Arterial,4,City or Municipal Highway Agency,6,Local Street - Municipality,DUBLIN BLVD,LEMONWOOD DR,0,None,38.92431944,38.92431944,-104.797491700,-104.79749167,0,No Special Jurisdiction,43,Other Fixed Object,0,Not a Collision with Motor Vehicle In-Transport,0,No,3,Intersection-Related,3,T-Intersection,0,None,,,4,On Roadside,1,Daylight,98,Not Reported,0,No Additional Atmospheric Conditions,98,Not Reported,0,No,0000000,Not Applicable,11,11:00am-11:59am,7,7,11,11:00am-11:59am,11,11,11,11:00am-11:59am,49,49,0,None,0,None,0,None,1,0
2018,8,80214,Colorado,1,1,0,0,0,2,2,41,EL PASO (41),430,COLORADO SPGS,5,5,6,June,2018,3,Tuesday,5,5:00am-5:59am,33,33,1,This section IS ON the NHS,2,Urban,3,Principal Arterial - Other,4,City or Municipal Highway Agency,6,Local Street - Municipality,S CIRCLE DR,,0,None,38.79587222,38.79587222,-104.791805600,-104.79180556,0,No Special Jurisdiction,33,Curb,0,Not a Collision with Motor Vehicle In-Transport,0,No,1,Non-Junction,1,Not an Intersection,0,None,,,3,On Median,4,Dawn,98,Not Reported,0,No Additional Atmospheric Conditions,98,Not Reported,0,No,0000000,Not Applicable,5,5:00am-5:59am,34,34,5,5:00am-5:59am,41,41,6,6:00am-6:59am,2,2,0,None,0,None,0,None,1,0
2018,8,80215,Colorado,2,2,0,0,0,3,3,77,MESA (77),0,NOT APPLICABLE,5,5,6,June,2018,3,Tuesday,10,10:00am-10:59am,45,45,0,This section IS NOT on the NHS,1,Rural,6,Minor Collector,2,County Highway Agency,4,County Road,CR-19,CR-L,0,None,39.17879722,39.17879722,-108.701266700,-108.70126667,0,No Special Jurisdiction,12,Motor Vehicle In-Transport,6,Angle,0,No,2,Intersection,2,Four-Way Intersection,0,None,,,1,On Roadway,1,Daylight,98,Not Reported,0,No Additional Atmospheric Conditions,98,Not Reported,0,No,0000000,Not Applicable,99,Unknown,99,Unknown,99,Unknown EMS Scene Arrival Hour,99,Unknown EMS Scene Arrival Minutes,99,Unknown,99,Unknown EMS Hospital Arrival Time,0,None,0,None,0,None,1,0
2018,8,80216,Colorado,2,2,0,0,0,3,3,119,TELLER (119),0,NOT APPLICABLE,5,5,6,June,2018,3,Tuesday,14,2:00pm-2:59pm,9,9,0,This section IS NOT on the NHS,1,Rural,5,Major Collector,2,County Highway Agency,4,County Road,CR-81,,0,None,38.78077222,38.78077222,-105.122722200,-105.12272222,0,No Special Jurisdiction,12,Motor Vehicle In-Transport,7,Sideswipe - Same Direction,0,No,8,Driveway Access Related,1,Not an Intersection,0,None,,,1,On Roadway,1,Daylight,98,Not Reported,0,No Additional Atmospheric Conditions,98,Not Reported,0,No,0000000,Not Applicable,99,Unknown,99,Unknown,99,Unknown EMS Scene Arrival Hour,99,Unknown EMS Scene Arrival Minutes,99,Unknown,99,Unknown EMS Hospital Arrival Time,0,None,0,None,0,None,1,0
2018,8,80217,Colorado,4,4,0,0,0,6,6,35,DOUGLAS (35),0,NOT APPLICABLE,5,5,6,June,2018,3,Tuesday,14,2:00pm-2:59pm,13,13,0,This section IS NOT on the NHS,2,Urban,4,Minor Arterial,2,County Highway Agency,4,County Road,CR-CROWFOOT VALLEY RD,CR-SAPPHIRE POINTE BLVD,0,None,39.41825000,39.41825000,-104.836555600,-104.83655556,0,No Special Jurisdiction,12,Motor Vehicle In-Transport,2,Front-to-Front,0,No,2,Intersection,3,T-Intersection,0,None,,,1,On Roadway,1,Daylight,98,Not Reported,0,No Additional Atmospheric Conditions,98,Not Reported,0,No,0000000,Not Applicable,14,2:00pm-2:59pm,13,13,14,2:00pm-2:59pm,16,16,15,3:00pm-3:59pm,2,2,0,None,0,None,0,None,1,0
2018,8,80218,Colorado,1,1,0,0,0,1,1,13,BOULDER (13),1530,LONGMONT,6,6,6,June,2018,4,Wednesday,0,0:00am-0:59am,25,25,0,This section IS NOT on the NHS,2,Urban,4,Minor Arterial,4,City or Municipal Highway Agency,6,Local Street - Municipality,E COUNTY LINE RD,,0,None,40.16861111,40.16861111,-105.055311100,-105.05531111,0,No Special Jurisdiction,33,Curb,0,Not a Collision with Motor Vehicle In-Transport,0,No,1,Non-Junction,1,Not an Intersection,0,None,,,3,On Median,3,Dark - Lighted,98,Not Reported,0,No Additional Atmospheric Conditions,98,Not Reported,0,No,0000000,Not Applicable,0,0:00am-0:59am,25,25,0,0:00am-0:59am,32,32,0,0:00am-0:59am,44,44,0,None,0,None,0,None,1,1
2018,8,80219,Colorado,2,2,0,0,0,2,2,77,MESA (77),1040,GRAND JUNCTION,6,6,6,June,2018,4,Wednesday,17,5:00pm-5:59pm,59,59,1,This section IS ON the NHS,2,Urban,3,Principal Arterial - Other,1,State Highway Agency,3,State Highway,SR-70 BUSN RT  UTE AVE,S 14TH ST,2,2,39.06535000,39.06535000,-108.549105600,-108.54910556,0,No Special Jurisdiction,12,Motor Vehicle In-Transport,6,Angle,0,No,2,Intersection,2,Four-Way Intersection,0,None,,,1,On Roadway,1,Daylight,98,Not Reported,0,No Additional Atmospheric Conditions,98,Not Reported,0,No,0000000,Not Applicable,17,5:00pm-5:59pm,59,59,17,5:00pm-5:59pm,59,59,18,6:00pm-6:59pm,13,13,0,None,0,None,0,None,1,0
2018,8,80220,Colorado,2,2,0,0,0,5,5,35,DOUGLAS (35),0,NOT APPLICABLE,7,7,6,June,2018,5,Thursday,11,11:00am-11:59am,44,44,0,This section IS NOT on the NHS,1,Rural,5,Major Collector,2,County Highway Agency,4,County Road,CR-SPRUCE MOUNTAIN RD,CR-NOE RD,0,None,39.18061667,39.18061667,-104.873900000,-104.873900000,0,No Special Jurisdiction,12,Motor Vehicle In-Transport,6,Angle,0,No,2,Intersection,2,Four-Way Intersection,0,None,,,1,On Roadway,1,Daylight,98,Not Reported,0,No Additional Atmospheric Conditions,98,Not Reported,0,No,0000000,Not Applicable,11,11:00am-11:59am,44,44,99,Unknown EMS Scene Arrival Hour,99,Unknown EMS Scene Arrival Minutes,99,Unknown,99,Unknown EMS Hospital Arrival Time,0,None,0,None,0,None,1,0
2018,8,80221,Colorado,1,1,0,0,0,1,1,123,WELD (123),0,NOT APPLICABLE,7,7,6,June,2018,5,Thursday,21,9:00pm-9:59pm,31,31,0,This section IS NOT on the NHS,1,Rural,7,Local,2,County Highway Agency,4,County Road,CR-35,,0,None,40.51168056,40.51168056,-104.735138900,-104.73513889,0,No Special Jurisdiction,1,Rollover/Overturn,0,Not a Collision with Motor Vehicle In-Transport,0,No,1,Non-Junction,1,Not an Intersection,0,None,,,4,On Roadside,2,Dark - Not Lighted,98,Not Reported,0,No Additional Atmospheric Conditions,98,Not Reported,0,No,0000000,Not Applicable,99,Unknown,99,Unknown,99,Unknown EMS Scene Arrival Hour,99,Unknown EMS Scene Arrival Minutes,99,Unknown,99,Unknown EMS Hospital Arrival Time,0,None,0,None,0,None,1,1
2018,8,80222,Colorado,1,1,0,0,0,1,1,31,DENVER (31),600,DENVER,9,9,6,June,2018,7,Saturday,2,2:00am-2:59am,22,22,0,This section IS NOT on the NHS,2,Urban,4,Minor Arterial,4,City or Municipal Highway Agency,6,Local Street - Municipality,S KALAMATH ST,,0,None,39.71456111,39.71456111,-105.000155600,-105.00015556,0,No Special Jurisdiction,39,Wall,0,Not a Collision with Motor Vehicle In-Transport,0,No,1,Non-Junction,1,Not an Intersection,0,None,,,4,On Roadside,3,Dark - Lighted,98,Not Reported,0,No Additional Atmospheric Conditions,98,Not Reported,0,No,0000000,Not Applicable,2,2:00am-2:59am,23,23,2,2:00am-2:59am,28,28,2,2:00am-2:59am,37,37,0,None,0,None,0,None,1,1
2018,8,80223,Colorado,1,1,0,1,1,1,1,59,JEFFERSON (59),1435,LAKEWOOD,9,9,6,June,2018,7,Saturday,3,3:00am-3:59am,54,54,1,This section IS ON the NHS,2,Urban,3,Principal Arterial - Other,4,City or Municipal Highway Agency,6,Local Street - Municipality,UNION BLVD,,0,None,39.72342778,39.72342778,-105.132216700,-105.13221667,0,No Special Jurisdiction,8,Pedestrian,0,Not a Collision with Motor Vehicle In-Transport,0,No,1,Non-Junction,1,Not an Intersection,0,None,,,1,On Roadway,3,Dark - Lighted,98,Not Reported,0,No Additional Atmospheric Conditions,98,Not Reported,0,No,0000000,Not Applicable,3,3:00am-3:59am,59,59,4,4:00am-4:59am,3,3,88,Not Applicable (Not Transported),88,Not Applicable (Not Transported),0,None,0,None,0,None,1,0
2018,8,80224,Colorado,1,1,0,0,0,2,2,1,ADAMS (1),2550,WESTMINSTER,9,9,6,June,2018,7,Saturday,7,7:00am-7:59am,4,4,1,This section IS ON the NHS,2,Urban,2,Principal Arterial - Other Freeways and Expressways,1,State Highway Agency,2,U.S. Highway,US-36 RAMP E,,568,568,39.83833333,39.83833333,-105.025555600,-105.02555556,0,No Special Jurisdiction,1,Rollover/Overturn,0,Not a Collision with Motor Vehicle In-Transport,1,Yes,5,Entrance/Exit Ramp Related,1,Not an Intersection,0,None,,,4,On Roadside,1,Daylight,98,Not Reported,0,No Additional Atmospheric Conditions,98,Not Reported,0,No,0000000,Not Applicable,99,Unknown,99,Unknown,99,Unknown EMS Scene Arrival Hour,99,Unknown EMS Scene Arrival Minutes,99,Unknown,99,Unknown EMS Hospital Arrival Time,20,Police Pursuit Involved,0,None,0,None,1,0
2018,8,80225,Colorado,1,1,0,1,1,1,1,31,DENVER (31),600,DENVER,9,9,6,June,2018,7,Saturday,11,11:00am-11:59am,34,34,1,This section IS ON the NHS,2,Urban,3,Principal Arterial - Other,4,City or Municipal Highway Agency,6,Local Street - Municipality,W EVANS AVE,US-85  SANTE FE OFF-RAMP,0,None,39.67850556,39.67850556,-104.993738900,-104.99373889,0,No Special Jurisdiction,9,Pedalcyclist,0,Not a Collision with Motor Vehicle In-Transport,1,Yes,3,Intersection-Related,7,"Five Point, or More",0,None,,,1,On Roadway,1,Daylight,98,Not Reported,0,No Additional Atmospheric Conditions,98,Not Reported,0,No,0000000,Not Applicable,11,11:00am-11:59am,36,36,11,11:00am-11:59am,38,38,88,Not Applicable (Not Transported),88,Not Applicable (Not Transported),0,None,0,None,0,None,1,0
2018,8,80226,Colorado,2,2,0,0,0,3,3,5,ARAPAHOE (5),345,CENTENNIAL,9,9,6,June,2018,7,Saturday,19,7:00pm-7:59pm,59,59,0,This section IS NOT on the NHS,2,Urban,7,Local,4,City or Municipal Highway Agency,6,Local Street - Municipality,S FULTON ST,E EASTER AVE,0,None,39.58772500,39.58772500,-104.871466700,-104.87146667,0,No Special Jurisdiction,12,Motor Vehicle In-Transport,6,Angle,0,No,2,Intersection,2,Four-Way Intersection,0,None,,,1,On Roadway,5,Dusk,98,Not Reported,0,No Additional Atmospheric Conditions,98,Not Reported,0,No,0000000,Not Applicable,20,8:00pm-8:59pm,1,1,99,Unknown EMS Scene Arrival Hour,99,Unknown EMS Scene Arrival Minutes,99,Unknown,99,Unknown EMS Hospital Arrival Time,0,None,0,None,0,None,1,1
2018,8,80227,Colorado,1,1,0,0,0,3,3,31,DENVER (31),600,DENVER,10,10,6,June,2018,1,Sunday,2,2:00am-2:59am,30,30,0,This section IS NOT on the NHS,2,Urban,5,Major Collector,4,City or Municipal Highway Agency,6,Local Street - Municipality,20TH ST,CENTRAL ST,0,None,39.76170000,39.76170000,-105.005861100,-105.00586111,0,No Special Jurisdiction,39,Wall,0,Not a Collision with Motor Vehicle In-Transport,0,No,3,Intersection-Related,4,Y-Intersection,0,None,,,4,On Roadside,3,Dark - Lighted,98,Not Reported,0,No Additional Atmospheric Conditions,98,Not Reported,0,No,0000000,Not Applicable,2,2:00am-2:59am,35,35,2,2:00am-2:59am,43,43,3,3:00am-3:59am,4,4,0,None,0,None,0,None,1,1
2018,8,80228,Colorado,1,1,0,2,2,1,1,1,ADAMS (1),110,AURORA,11,11,6,June,2018,2,Monday,1,1:00am-1:59am,20,20,1,This section IS ON the NHS,2,Urban,3,Principal Arterial - Other,1,State Highway Agency,2,U.S. Highway,US-40  E COLFAX AVE,N CLINTON ST,3040,3040,39.74023333,39.74023333,-104.877580600,-104.87758056,0,No Special Jurisdiction,8,Pedestrian,0,Not a Collision with Motor Vehicle In-Transport,0,No,2,Intersection,2,Four-Way Intersection,0,None,,,1,On Roadway,3,Dark - Lighted,98,Not Reported,0,No Additional Atmospheric Conditions,98,Not Reported,0,No,0000000,Not Applicable,1,1:00am-1:59am,24,24,1,1:00am-1:59am,28,28,1,1:00am-1:59am,44,44,0,None,0,None,0,None,1,0
2018,8,80229,Colorado,1,1,0,0,0,1,1,55,HUERFANO (55),0,NOT APPLICABLE,12,12,6,June,2018,3,Tuesday,7,7:00am-7:59am,30,30,0,This section IS NOT on the NHS,1,Rural,7,Local,2,County Highway Agency,4,County Road,CR-620,CR-629,0,None,37.83294444,37.83294444,-105.118833300,-105.11883333,0,No Special Jurisdiction,1,Rollover/Overturn,0,Not a Collision with Motor Vehicle In-Transport,0,No,3,Intersection-Related,4,Y-Intersection,0,None,,,4,On Roadside,1,Daylight,98,Not Reported,0,No Additional Atmospheric Conditions,98,Not Reported,0,No,0000000,Not Applicable,99,Unknown,99,Unknown,99,Unknown EMS Scene Arrival Hour,99,Unknown EMS Scene Arrival Minutes,88,Not Applicable (Not Transported),88,Not Applicable (Not Transported),0,None,0,None,0,None,1,0
2018,8,80230,Colorado,1,1,0,0,0,1,1,71,LAS ANIMAS (71),0,NOT APPLICABLE,12,12,6,June,2018,3,Tuesday,13,1:00pm-1:59pm,5,5,1,This section IS ON the NHS,1,Rural,1,Interstate,1,State Highway Agency,1,Interstate,I-25,,303,303,37.38033889,37.38033889,-104.600805600,-104.60080556,0,No Special Jurisdiction,31,"Post, Pole or Other Supports",0,Not a Collision with Motor Vehicle In-Transport,0,No,1,Non-Junction,1,Not an Intersection,0,None,,,4,On Roadside,1,Daylight,98,Not Reported,0,No Additional Atmospheric Conditions,98,Not Reported,0,No,0000000,Not Applicable,99,Unknown,99,Unknown,99,Unknown EMS Scene Arrival Hour,99,Unknown EMS Scene Arrival Minutes,88,Not Applicable (Not Transported),88,Not Applicable (Not Transported),0,None,0,None,0,None,1,0
2018,8,80231,Colorado,2,2,0,0,0,2,2,69,LARIMER (69),0,NOT APPLICABLE,12,12,6,June,2018,3,Tuesday,15,3:00pm-3:59pm,35,35,0,This section IS NOT on the NHS,1,Rural,3,Principal Arterial - Other,1,State Highway Agency,2,U.S. Highway,US-34,CR-GOODWINE LN,864,864,40.41726667,40.41726667,-105.174816700,-105.17481667,0,No Special Jurisdiction,12,Motor Vehicle In-Transport,6,Angle,0,No,2,Intersection,3,T-Intersection,0,None,,,1,On Roadway,1,Daylight,98,Not Reported,0,No Additional Atmospheric Conditions,98,Not Reported,0,No,0000000,Not Applicable,99,Unknown,99,Unknown,99,Unknown EMS Scene Arrival Hour,99,Unknown EMS Scene Arrival Minutes,99,Unknown,99,Unknown EMS Hospital Arrival Time,0,None,0,None,0,None,1,0
2018,8,80232,Colorado,2,2,0,0,0,2,2,123,WELD (123),0,NOT APPLICABLE,12,12,6,June,2018,3,Tuesday,4,4:00am-4:59am,25,25,1,This section IS ON the NHS,1,Rural,3,Principal Arterial - Other,1,State Highway Agency,3,State Highway,SR-14,,1439,1439,40.58160556,40.58160556,-104.912500000,-104.912500000,0,No Special Jurisdiction,12,Motor Vehicle In-Transport,2,Front-to-Front,0,No,1,Non-Junction,1,Not an Intersection,0,None,,,2,On Shoulder,2,Dark - Not Lighted,98,Not Reported,0,No Additional Atmospheric Conditions,98,Not Reported,0,No,0000000,Not Applicable,99,Unknown,99,Unknown,99,Unknown EMS Scene Arrival Hour,99,Unknown EMS Scene Arrival Minutes,99,Unknown,99,Unknown EMS Hospital Arrival Time,0,None,0,None,0,None,1,0
2018,8,80233,Colorado,1,1,0,0,0,1,1,69,LARIMER (69),0,NOT APPLICABLE,13,13,6,June,2018,4,Wednesday,22,10:00pm-10:59pm,34,34,0,This section IS NOT on the NHS,2,Urban,5,Major Collector,2,County Highway Agency,4,County Road,CR-23,,21,21,40.55636111,40.55636111,-105.148066700,-105.14806667,0,No Special Jurisdiction,59,Traffic Sign Support,0,Not a Collision with Motor Vehicle In-Transport,0,No,1,Non-Junction,1,Not an Intersection,0,None,,,4,On Roadside,2,Dark - Not Lighted,98,Not Reported,0,No Additional Atmospheric Conditions,98,Not Reported,0,No,0000000,Not Applicable,22,10:00pm-10:59pm,34,34,22,10:00pm-10:59pm,45,45,88,Not Applicable (Not Transported),88,Not Applicable (Not Transported),0,None,0,None,0,None,1,1