caseyear,state,st_case,statename,ve_total,ve_forms,pvh_invl,peds,pernotmvit,permvit,persons,county,countyname,city,cityname,day,dayname,month,monthname,year,day_week,day_weekname,hour,hourname,minute,minutename,nhs,nhsname,rur_urb,rur_urbname,func_sys,func_sysname,rd_owner,rd_ownername,route,routename,tway_id,tway_id2,milept,mileptname,latitude,latitudename,longitud,longitudname,sp_jur,sp_jurname,harm_ev,harm_evname,man_coll,man_collname,reljct1,reljct1name,reljct2,reljct2name,typ_int,typ_intname,wrk_zone,wrk_zonename,road_fnc,road_fncname,rel_road,rel_roadname,lgt_cond,lgt_condname,weather1,weather1name,weather2,weather2name,weather,weathername,sch_bus,sch_busname,rail,railname,not_hour,not_hourname,not_min,not_minname,arr_hour,arr_hourname,arr_min,arr_minname,hosp_hr,hosp_hrname,hosp_mn,hosp_mnname,cf1,cf1name,cf2,cf2name,cf3,cf3name,fatals,drunk_dr
2018,8,80234,Colorado,1,1,0,1,1,1,1,1,ADAMS (1),2550,WESTMINSTER,15,15,6,June,2018,6,Friday,13,1:00pm-1:59pm,21,21,1,This section IS ON the NHS,2,Urban,3,Principal Arterial - Other,1,State Highway Agency,2,U.S. Highway,US-287  FEDERAL BLVD,W 86TH AVE,2905,2905,39.85275000,39.85275000,-105.024905600,-105.02490556,0,No Special Jurisdiction,8,Pedestrian,0,Not a Collision with Motor Vehicle In-Transport,0,No,3,Intersection-Related,3,T-Intersection,0,None,,,1,On Roadway,1,Daylight,98,Not Reported,0,No Additional Atmospheric Conditions,98,Not Reported,0,No,0000000,Not Applicable,13,1:00pm-1:59pm,21,21,13,1:00pm-1:59pm,27,27,13,1:00pm-1:59pm,50,50,0,None,0,None,0,None,1,0
2018,8,80235,Colorado,2,2,0,0,0,2,2,41,EL PASO (41),0,NOT APPLICABLE,16,16,6,June,2018,7,Saturday,3,3:00am-3:59am,0,0,1,This section IS ON the NHS,2,Urban,1,Interstate,1,State Highway Agency,1,Interstate,I-25,,1511,1511,38.96120833,38.96120833,-104.801297200,-104.80129722,0,No Special Jurisdiction,12,Motor Vehicle In-Transport,1,Front-to-Rear,0,No,1,Non-Junction,1,Not an Intersection,0,None,,,1,On Roadway,2,Dark - Not Lighted,1,Clear,0,No Additional Atmospheric Conditions,1,Clear,0,No,0000000,Not Applicable,99,Unknown,99,Unknown,99,Unknown EMS Scene Arrival Hour,99,Unknown EMS Scene Arrival Minutes,88,Not Applicable (Not Transported),88,Not Applicable (Not Transported),0,None,0,None,0,None,1,0
2018,8,80236,Colorado,1,1,0,0,0,2,2,101,PUEBLO (101),0,NOT APPLICABLE,16,16,6,June,2018,7,Saturday,11,11:00am-11:59am,41,41,1,This section IS ON the NHS,1,Rural,1,Interstate,1,State Highway Agency,1,Interstate,I-25,,789,789,38.01397222,38.01397222,-104.744477800,-104.74447778,0,No Special Jurisdiction,1,Rollover/Overturn,0,Not a Collision with Motor Vehicle In-Transport,0,No,1,Non-Junction,1,Not an Intersection,0,None,,,1,On Roadway,1,Daylight,98,Not Reported,0,No Additional Atmospheric Conditions,98,Not Reported,0,No,0000000,Not Applicable,99,Unknown,99,Unknown,99,Unknown EMS Scene Arrival Hour,99,Unknown EMS Scene Arrival Minutes,99,Unknown,99,Unknown EMS Hospital Arrival Time,0,None,0,None,0,None,2,0
2018,8,80237,Colorado,2,2,0,0,0,3,3,77,MESA (77),0,NOT APPLICABLE,17,17,6,June,2018,1,Sunday,23,11:00pm-11:59pm,15,15,0,This section IS NOT on the NHS,1,Rural,5,Major Collector,2,County Highway Agency,4,County Road,CR-Q,CR-12,0,None,39.25134444,39.25134444,-108.831447200,-108.83144722,0,No Special Jurisdiction,12,Motor Vehicle In-Transport,6,Angle,0,No,2,Intersection,2,Four-Way Intersection,0,None,,,1,On Roadway,2,Dark - Not Lighted,98,Not Reported,0,No Additional Atmospheric Conditions,98,Not Reported,0,No,0000000,Not Applicable,99,Unknown,99,Unknown,99,Unknown EMS Scene Arrival Hour,99,Unknown EMS Scene Arrival Minutes,99,Unknown,99,Unknown EMS Hospital Arrival Time,0,None,0,None,0,None,1,0
2018,8,80238,Colorado,1,1,0,0,0,1,1,41,EL PASO (41),430,COLORADO SPGS,17,17,6,June,2018,1,Sunday,6,6:00am-6:59am,48,48,1,This section IS ON the NHS,2,Urban,1,Interstate,1,State Highway Agency,1,Interstate,I-25,,1370,1370,38.78590278,38.78590278,-104.790194400,-104.79019444,0,No Special Jurisdiction,1,Rollover/Overturn,0,Not a Collision with Motor Vehicle In-Transport,0,No,1,Non-Junction,1,Not an Intersection,0,None,,,1,On Roadway,2,Dark - Not Lighted,98,Not Reported,0,No Additional Atmospheric Conditions,98,Not Reported,0,No,0000000,Not Applicable,6,6:00am-6:59am,48,48,99,Unknown EMS Scene Arrival Hour,99,Unknown EMS Scene Arrival Minutes,88,Not Applicable (Not Transported),88,Not Applicable (Not Transported),0,None,0,None,0,None,1,1
2018,8,80239,Colorado,5,5,0,0,0,8,8,5,ARAPAHOE (5),110,AURORA,17,17,6,June,2018,1,Sunday,12,12:00pm-12:59pm,17,17,1,This section IS ON the NHS,2,Urban,3,Principal Arterial - Other,1,State Highway Agency,3,State Highway,SR-30  E 6TH AVE,DEL MAR CIR W,87,87,39.72566667,39.72566667,-104.850350000,-104.850350000,0,No Special Jurisdiction,12,Motor Vehicle In-Transport,6,Angle,0,No,2,Intersection,2,Four-Way Intersection,0,None,,,1,On Roadway,1,Daylight,98,Not Reported,0,No Additional Atmospheric Conditions,98,Not Reported,0,No,0000000,Not Applicable,99,Unknown,99,Unknown,99,Unknown EMS Scene Arrival Hour,99,Unknown EMS Scene Arrival Minutes,99,Unknown,99,Unknown EMS Hospital Arrival Time,0,None,0,None,0,None,1,0
2018,8,80240,Colorado,2,2,0,0,0,2,2,13,BOULDER (13),0,NOT APPLICABLE,18,18,6,June,2018,2,Monday,11,11:00am-11:59am,0,0,1,This section IS ON the NHS,2,Urban,3,Principal Arterial - Other,1,State Highway Agency,3,State Highway,SR-119,CR-NIWOT RD,507,507,40.10166111,40.10166111,-105.177972200,-105.17797222,0,No Special Jurisdiction,12,Motor Vehicle In-Transport,6,Angle,0,No,2,Intersection,2,Four-Way Intersection,0,None,,,1,On Roadway,1,Daylight,10,Cloudy,0,No Additional Atmospheric Conditions,10,Cloudy,0,No,0000000,Not Applicable,99,Unknown,99,Unknown,99,Unknown EMS Scene Arrival Hour,99,Unknown EMS Scene Arrival Minutes,99,Unknown,99,Unknown EMS Hospital Arrival Time,0,None,0,None,0,None,1,0
2018,8,80241,Colorado,2,2,0,0,0,2,2,77,MESA (77),1040,GRAND JUNCTION,4,4,6,June,2018,2,Monday,7,7:00am-7:59am,59,59,0,This section IS NOT on the NHS,2,Urban,4,Minor Arterial,4,City or Municipal Highway Agency,6,Local Street - Municipality,D ROAD,29 1/4 RD,0,None,39.06276944,39.06276944,-108.510516700,-108.51051667,0,No Special Jurisdiction,12,Motor Vehicle In-Transport,7,Sideswipe - Same Direction,0,No,3,Intersection-Related,3,T-Intersection,0,None,,,1,On Roadway,1,Daylight,98,Not Reported,0,No Additional Atmospheric Conditions,98,Not Reported,0,No,0000000,Not Applicable,8,8:00am-8:59am,2,2,8,8:00am-8:59am,6,6,8,8:00am-8:59am,24,24,0,None,0,None,0,None,1,1
2018,8,80242,Colorado,1,1,0,1,1,4,4,31,DENVER (31),600,DENVER,13,13,6,June,2018,4,Wednesday,10,10:00am-10:59am,7,7,0,This section IS NOT on the NHS,2,Urban,4,Minor Arterial,4,City or Municipal Highway Agency,6,Local Street - Municipality,15TH ST,LITTLE RAVEN ST,0,None,39.75429444,39.75429444,-105.006500000,-105.006500000,0,No Special Jurisdiction,8,Pedestrian,0,Not a Collision with Motor Vehicle In-Transport,0,No,3,Intersection-Related,2,Four-Way Intersection,1,Construction,,,1,On Roadway,1,Daylight,98,Not Reported,0,No Additional Atmospheric Conditions,98,Not Reported,0,No,0000000,Not Applicable,10,10:00am-10:59am,7,7,10,10:00am-10:59am,10,10,10,10:00am-10:59am,29,29,0,None,0,None,0,None,1,0
2018,8,80243,Colorado,3,3,0,0,0,3,3,69,LARIMER (69),0,NOT APPLICABLE,21,21,6,June,2018,5,Thursday,18,6:00pm-6:59pm,9,9,1,This section IS ON the NHS,2,Urban,3,Principal Arterial - Other,1,State Highway Agency,2,U.S. Highway,US-34,CR-BUTTE RD,885,885,40.40732778,40.40732778,-105.137166700,-105.13716667,0,No Special Jurisdiction,12,Motor Vehicle In-Transport,7,Sideswipe - Same Direction,0,No,3,Intersection-Related,3,T-Intersection,0,None,,,1,On Roadway,1,Daylight,98,Not Reported,0,No Additional Atmospheric Conditions,98,Not Reported,0,No,0000000,Not Applicable,18,6:00pm-6:59pm,10,10,18,6:00pm-6:59pm,14,14,88,Not Applicable (Not Transported),88,Not Applicable (Not Transported),0,None,0,None,0,None,1,0
2018,8,80244,Colorado,2,2,0,0,0,2,2,59,JEFFERSON (59),1435,LAKEWOOD,22,22,6,June,2018,6,Friday,6,6:00am-6:59am,25,25,1,This section IS ON the NHS,2,Urban,3,Principal Arterial - Other,1,State Highway Agency,2,U.S. Highway,US-6 EB OFF-RAMP,INDIANA ST,2763,2763,39.72476111,39.72476111,-105.165630600,-105.16563056,0,No Special Jurisdiction,12,Motor Vehicle In-Transport,6,Angle,1,Yes,2,Intersection,2,Four-Way Intersection,0,None,,,1,On Roadway,1,Daylight,98,Not Reported,0,No Additional Atmospheric Conditions,98,Not Reported,0,No,0000000,Not Applicable,6,6:00am-6:59am,25,25,6,6:00am-6:59am,29,29,88,Not Applicable (Not Transported),88,Not Applicable (Not Transported),0,None,0,None,0,None,1,0
2018,8,80245,Colorado,1,1,0,0,0,1,1,59,JEFFERSON (59),0,NOT APPLICABLE,14,14,6,June,2018,5,Thursday,22,10:00pm-10:59pm,48,48,0,This section IS NOT on the NHS,2,Urban,4,Minor Arterial,1,State Highway Agency,2,U.S. Highway,US-40  W COLFAX AVE,CR-INTERPLAZA WEST,2867,2867,39.72383889,39.72383889,-105.192202800,-105.19220278,0,No Special Jurisdiction,33,Curb,0,Not a Collision with Motor Vehicle In-Transport,0,No,3,Intersection-Related,2,Four-Way Intersection,0,None,,,3,On Median,3,Dark - Lighted,98,Not Reported,0,No Additional Atmospheric Conditions,98,Not Reported,0,No,0000000,Not Applicable,22,10:00pm-10:59pm,48,48,22,10:00pm-10:59pm,49,49,23,11:00pm-11:59pm,9,9,0,None,0,None,0,None,1,1
2018,8,80246,Colorado,3,3,0,0,0,3,3,13,BOULDER (13),1530,LONGMONT,21,21,6,June,2018,5,Thursday,22,10:00pm-10:59pm,8,8,0,This section IS NOT on the NHS,2,Urban,4,Minor Arterial,4,City or Municipal Highway Agency,6,Local Street - Municipality,E COUNTY LINE RD,SUNSHINE AVE,0,None,40.18354444,40.18354444,-105.055238900,-105.05523889,0,No Special Jurisdiction,12,Motor Vehicle In-Transport,2,Front-to-Front,0,No,3,Intersection-Related,3,T-Intersection,0,None,,,1,On Roadway,2,Dark - Not Lighted,98,Not Reported,0,No Additional Atmospheric Conditions,98,Not Reported,0,No,0000000,Not Applicable,22,10:00pm-10:59pm,11,11,22,10:00pm-10:59pm,16,16,22,10:00pm-10:59pm,40,40,0,None,0,None,0,None,1,2
2018,8,80247,Colorado,1,1,0,1,1,1,1,31,DENVER (31),600,DENVER,23,23,6,June,2018,7,Saturday,1,1:00am-1:59am,53,53,1,This section IS ON the NHS,2,Urban,3,Principal Arterial - Other,4,City or Municipal Highway Agency,6,Local Street - Municipality,E SPEER BLVD,,0,None,39.72216111,39.72216111,-104.981975000,-104.981975000,0,No Special Jurisdiction,9,Pedalcyclist,0,Not a Collision with Motor Vehicle In-Transport,0,No,1,Non-Junction,1,Not an Intersection,0,None,,,1,On Roadway,3,Dark - Lighted,98,Not Reported,0,No Additional Atmospheric Conditions,98,Not Reported,0,No,0000000,Not Applicable,1,1:00am-1:59am,54,54,2,2:00am-2:59am,0,0,88,Not Applicable (Not Transported),88,Not Applicable (Not Transported),0,None,0,None,0,None,1,1
2018,8,80248,Colorado,2,2,0,0,0,2,2,41,EL PASO (41),0,NOT APPLICABLE,23,23,6,June,2018,7,Saturday,8,8:00am-8:59am,55,55,1,This section IS ON the NHS,2,Urban,3,Principal Arterial - Other,2,County Highway Agency,4,County Road,CR-WOODMAN RD,CR-GOLDEN SAGE DR,0,None,38.94045000,38.94045000,-104.631958300,-104.63195833,0,No Special Jurisdiction,12,Motor Vehicle In-Transport,1,Front-to-Rear,0,No,3,Intersection-Related,2,Four-Way Intersection,0,None,,,1,On Roadway,1,Daylight,98,Not Reported,0,No Additional Atmospheric Conditions,98,Not Reported,0,No,0000000,Not Applicable,99,Unknown,99,Unknown,99,Unknown EMS Scene Arrival Hour,99,Unknown EMS Scene Arrival Minutes,99,Unknown,99,Unknown EMS Hospital Arrival Time,0,None,0,None,0,None,1,0
2018,8,80250,Colorado,2,2,0,0,0,3,3,1,ADAMS (1),0,NOT APPLICABLE,23,23,6,June,2018,7,Saturday,14,2:00pm-2:59pm,50,50,0,This section IS NOT on the NHS,1,Rural,5,Major Collector,1,State Highway Agency,3,State Highway,SR-79,,165,165,39.96605000,39.96605000,-104.414344400,-104.41434444,0,No Special Jurisdiction,12,Motor Vehicle In-Transport,2,Front-to-Front,0,No,1,Non-Junction,1,Not an Intersection,0,None,,,1,On Roadway,1,Daylight,98,Not Reported,0,No Additional Atmospheric Conditions,98,Not Reported,0,No,0000000,Not Applicable,14,2:00pm-2:59pm,52,52,15,3:00pm-3:59pm,3,3,16,4:00pm-4:59pm,0,0,0,None,0,None,0,None,1,1
2018,8,80251,Colorado,1,1,0,0,0,1,1,67,LA PLATA (67),0,NOT APPLICABLE,23,23,6,June,2018,7,Saturday,19,7:00pm-7:59pm,0,0,1,This section IS ON the NHS,1,Rural,3,Principal Arterial - Other,1,State Highway Agency,2,U.S. Highway,US-160,,776,776,37.26586111,37.26586111,-107.962741700,-107.96274167,0,No Special Jurisdiction,1,Rollover/Overturn,0,Not a Collision with Motor Vehicle In-Transport,0,No,1,Non-Junction,1,Not an Intersection,0,None,,,1,On Roadway,1,Daylight,98,Not Reported,0,No Additional Atmospheric Conditions,98,Not Reported,0,No,0000000,Not Applicable,19,7:00pm-7:59pm,8,8,19,7:00pm-7:59pm,17,17,88,Not Applicable (Not Transported),88,Not Applicable (Not Transported),0,None,0,None,0,None,1,0
2018,8,80252,Colorado,2,2,0,0,0,8,8,123,WELD (123),0,NOT APPLICABLE,26,26,6,June,2018,3,Tuesday,8,8:00am-8:59am,33,33,1,This section IS ON the NHS,2,Urban,1,Interstate,1,State Highway Agency,1,Interstate,I-25,,2390,2390,40.14376111,40.14376111,-104.980127800,-104.98012778,0,No Special Jurisdiction,12,Motor Vehicle In-Transport,7,Sideswipe - Same Direction,0,No,1,Non-Junction,1,Not an Intersection,0,None,,,1,On Roadway,1,Daylight,98,Not Reported,0,No Additional Atmospheric Conditions,98,Not Reported,0,No,0000000,Not Applicable,8,8:00am-8:59am,32,32,8,8:00am-8:59am,38,38,9,9:00am-9:59am,9,9,0,None,0,None,0,None,1,0
2018,8,80253,Colorado,1,1,0,0,0,1,1,41,EL PASO (41),430,COLORADO SPGS,22,22,6,June,2018,6,Friday,2,2:00am-2:59am,7,7,1,This section IS ON the NHS,2,Urban,3,Principal Arterial - Other,1,State Highway Agency,3,State Highway,SR-21  N POWERS BLVD,PALMER PARK BLVD,1430,1430,38.85683333,38.85683333,-104.719972200,-104.71997222,0,No Special Jurisdiction,33,Curb,0,Not a Collision with Motor Vehicle In-Transport,0,No,3,Intersection-Related,2,Four-Way Intersection,0,None,,,4,On Roadside,3,Dark - Lighted,98,Not Reported,0,No Additional Atmospheric Conditions,98,Not Reported,0,No,0000000,Not Applicable,2,2:00am-2:59am,7,7,99,Unknown EMS Scene Arrival Hour,99,Unknown EMS Scene Arrival Minutes,88,Not Applicable (Not Transported),88,Not Applicable (Not Transported),0,None,0,None,0,None,1,1
2018,8,80254,Colorado,1,1,0,0,0,2,2,41,EL PASO (41),430,COLORADO SPGS,22,22,6,June,2018,6,Friday,2,2:00am-2:59am,15,15,0,This section IS NOT on the NHS,2,Urban,5,Major Collector,4,City or Municipal Highway Agency,6,Local Street - Municipality,NICHOLS BLVD,HANCOCK AVE,0,None,38.88163333,38.88163333,-104.802627800,-104.80262778,0,No Special Jurisdiction,39,Wall,0,Not a Collision with Motor Vehicle In-Transport,0,No,3,Intersection-Related,3,T-Intersection,0,None,,,4,On Roadside,3,Dark - Lighted,98,Not Reported,0,No Additional Atmospheric Conditions,98,Not Reported,0,No,0000000,Not Applicable,2,2:00am-2:59am,15,15,99,Unknown EMS Scene Arrival Hour,99,Unknown EMS Scene Arrival Minutes,99,Unknown,99,Unknown EMS Hospital Arrival Time,0,None,0,None,0,None,1,1
2018,8,80255,Colorado,1,1,0,0,0,1,1,1,ADAMS (1),434,COMMERCE CITY,28,28,6,June,2018,5,Thursday,2,2:00am-2:59am,10,10,1,This section IS ON the NHS,2,Urban,1,Interstate,1,State Highway Agency,1,Interstate,I-76,,147,147,39.89362500,39.89362500,-104.853055600,-104.85305556,0,No Special Jurisdiction,57,Cable Barrier,0,Not a Collision with Motor Vehicle In-Transport,0,No,1,Non-Junction,1,Not an Intersection,0,None,,,3,On Median,2,Dark - Not Lighted,1,Clear,0,No Additional Atmospheric Conditions,1,Clear,0,No,0000000,Not Applicable,2,2:00am-2:59am,12,12,2,2:00am-2:59am,15,15,88,Not Applicable (Not Transported),88,Not Applicable (Not Transported),0,None,0,None,0,None,1,1
2018,8,80256,Colorado,1,1,0,0,0,1,1,55,HUERFANO (55),0,NOT APPLICABLE,28,28,6,June,2018,5,Thursday,12,12:00pm-12:59pm,17,17,1,This section IS ON the NHS,1,Rural,1,Interstate,1,State Highway Agency,1,Interstate,I-25,,482,482,37.60737778,37.60737778,-104.752833300,-104.75283333,0,No Special Jurisdiction,1,Rollover/Overturn,0,Not a Collision with Motor Vehicle In-Transport,0,No,1,Non-Junction,1,Not an Intersection,0,None,,,3,On Median,1,Daylight,98,Not Reported,0,No Additional Atmospheric Conditions,98,Not Reported,0,No,0000000,Not Applicable,12,12:00pm-12:59pm,19,19,12,12:00pm-12:59pm,21,21,12,12:00pm-12:59pm,40,40,0,None,0,None,0,None,1,0
2018,8,80257,Colorado,2,2,0,0,0,2,2,13,BOULDER (13),0,NOT APPLICABLE,30,30,6,June,2018,7,Saturday,23,11:00pm-11:59pm,0,0,1,This section IS ON the NHS,1,Rural,3,Principal Arterial - Other,1,State Highway Agency,3,State Highway,SR-66,,304,304,40.20698889,40.20698889,-105.220000000,-105.220000000,0,No Special Jurisdiction,12,Motor Vehicle In-Transport,2,Front-to-Front,0,No,1,Non-Junction,1,Not an Intersection,0,None,,,1,On Roadway,2,Dark - Not Lighted,98,Not Reported,0,No Additional Atmospheric Conditions,98,Not Reported,0,No,0000000,Not Applicable,99,Unknown,99,Unknown,99,Unknown EMS Scene Arrival Hour,99,Unknown EMS Scene Arrival Minutes,99,Unknown,99,Unknown EMS Hospital Arrival Time,0,None,0,None,0,None,1,2
2018,8,80258,Colorado,1,1,0,1,1,2,2,69,LARIMER (69),860,FORT COLLINS,30,30,6,June,2018,7,Saturday,22,10:00pm-10:59pm,17,17,1,This section IS ON the NHS,2,Urban,3,Principal Arterial - Other,1,State Highway Agency,2,U.S. Highway,US-287  S COLLEGE AVE,BUENO DR,3412,3412,40.50875000,40.50875000,-105.077450000,-105.077450000,0,No Special Jurisdiction,9,Pedalcyclist,0,Not a Collision with Motor Vehicle In-Transport,0,No,2,Intersection,3,T-Intersection,0,None,,,1,On Roadway,2,Dark - Not Lighted,98,Not Reported,0,No Additional Atmospheric Conditions,98,Not Reported,0,No,0000000,Not Applicable,22,10:00pm-10:59pm,17,17,22,10:00pm-10:59pm,25,25,88,Not Applicable (Not Transported),88,Not Applicable (Not Transported),0,None,0,None,0,None,1,0
2018,8,80259,Colorado,1,1,0,1,1,1,1,31,DENVER (31),600,DENVER,11,11,6,June,2018,2,Monday,17,5:00pm-5:59pm,26,26,1,This section IS ON the NHS,2,Urban,3,Principal Arterial - Other,1,State Highway Agency,3,State Highway,SR-88  S FEDERAL BLVD,W HARVARD AVE,47,47,39.67167500,39.67167500,-105.025127800,-105.02512778,0,No Special Jurisdiction,8,Pedestrian,0,Not a Collision with Motor Vehicle In-Transport,0,No,3,Intersection-Related,3,T-Intersection,0,None,,,1,On Roadway,1,Daylight,98,Not Reported,0,No Additional Atmospheric Conditions,98,Not Reported,0,No,0000000,Not Applicable,17,5:00pm-5:59pm,27,27,17,5:00pm-5:59pm,33,33,17,5:00pm-5:59pm,56,56,0,None,0,None,0,None,1,0
2018,8,80260,Colorado,3,3,0,0,0,5,5,123,WELD (123),1990,PLATTEVILLE,2,2,6,June,2018,7,Saturday,14,2:00pm-2:59pm,44,44,1,This section IS ON the NHS,1,Rural,3,Principal Arterial - Other,1,State Highway Agency,3,State Highway,SR-66,,462,462,40.20422222,40.20422222,-104.919166700,-104.91916667,0,No Special Jurisdiction,12,Motor Vehicle In-Transport,2,Front-to-Front,0,No,1,Non-Junction,1,Not an Intersection,0,None,,,1,On Roadway,1,Daylight,98,Not Reported,0,No Additional Atmospheric Conditions,98,Not Reported,0,No,0000000,Not Applicable,14,2:00pm-2:59pm,44,44,14,2:00pm-2:59pm,50,50,15,3:00pm-3:59pm,5,5,14,"Motor Vehicle struck by falling cargo,or something that came loose from or something that was set in motion by a vehicle",0,None,0,None,1,0
2018,8,80261,Colorado,1,1,0,1,1,1,1,45,GARFIELD (45),990,GLENWOOD SPGS,2,2,6,June,2018,7,Saturday,23,11:00pm-11:59pm,26,26,1,This section IS ON the NHS,2,Urban,3,Principal Arterial - Other,1,State Highway Agency,3,State Highway,SR-82  S GLEN AVE,27TH ST,17,17,39.52546111,39.52546111,-107.322422200,-107.32242222,0,No Special Jurisdiction,9,Pedalcyclist,0,Not a Collision with Motor Vehicle In-Transport,0,No,3,Intersection-Related,2,Four-Way Intersection,0,None,,,1,On Roadway,3,Dark - Lighted,98,Not Reported,0,No Additional Atmospheric Conditions,98,Not Reported,0,No,0000000,Not Applicable,23,11:00pm-11:59pm,26,26,23,11:00pm-11:59pm,35,35,23,11:00pm-11:59pm,41,41,0,None,0,None,0,None,1,1
2018,8,80262,Colorado,2,2,0,0,0,7,7,123,WELD (123),870,FORT LUPTON,8,8,6,June,2018,6,Friday,17,5:00pm-5:59pm,22,22,1,This section IS ON the NHS,2,Urban,3,Principal Arterial - Other,1,State Highway Agency,2,U.S. Highway,US-85,14TH ST,2427,2427,40.09463889,40.09463889,-104.812202800,-104.81220278,0,No Special Jurisdiction,12,Motor Vehicle In-Transport,6,Angle,0,No,2,Intersection,2,Four-Way Intersection,0,None,,,1,On Roadway,1,Daylight,98,Not Reported,0,No Additional Atmospheric Conditions,98,Not Reported,0,No,0000000,Not Applicable,17,5:00pm-5:59pm,22,22,17,5:00pm-5:59pm,25,25,99,Unknown,99,Unknown EMS Hospital Arrival Time,0,None,0,None,0,None,2,0
2018,8,80263,Colorado,1,1,0,1,1,2,2,31,DENVER (31),600,DENVER,10,10,6,June,2018,1,Sunday,10,10:00am-10:59am,25,25,1,This section IS ON the NHS,2,Urban,3,Principal Arterial - Other,1,State Highway Agency,3,State Highway,SR-88  S FEDERAL BLVD,,47,47,39.67133611,39.67133611,-105.024958300,-105.02495833,0,No Special Jurisdiction,33,Curb,0,Not a Collision with Motor Vehicle In-Transport,0,No,1,Non-Junction,1,Not an Intersection,0,None,,,4,On Roadside,1,Daylight,98,Not Reported,0,No Additional Atmospheric Conditions,98,Not Reported,0,No,0000000,Not Applicable,99,Unknown,99,Unknown,99,Unknown EMS Scene Arrival Hour,99,Unknown EMS Scene Arrival Minutes,99,Unknown,99,Unknown EMS Hospital Arrival Time,0,None,0,None,0,None,1,1
2018,8,80264,Colorado,3,3,0,0,0,4,4,13,BOULDER (13),0,NOT APPLICABLE,23,23,6,June,2018,7,Saturday,18,6:00pm-6:59pm,5,5,0,This section IS NOT on the NHS,1,Rural,4,Minor Arterial,1,State Highway Agency,2,U.S. Highway,US-36,,266,266,40.15025000,40.15025000,-105.281852800,-105.28185278,0,No Special Jurisdiction,12,Motor Vehicle In-Transport,8,Sideswipe - Opposite Direction,0,No,1,Non-Junction,1,Not an Intersection,0,None,,,1,On Roadway,1,Daylight,98,Not Reported,0,No Additional Atmospheric Conditions,98,Not Reported,0,No,0000000,Not Applicable,99,Unknown,99,Unknown,99,Unknown EMS Scene Arrival Hour,99,Unknown EMS Scene Arrival Minutes,99,Unknown,99,Unknown EMS Hospital Arrival Time,0,None,0,None,0,None,1,1
2018,8,80265,Colorado,2,2,0,0,0,2,2,41,EL PASO (41),0,NOT APPLICABLE,4,4,6,June,2018,2,Monday,10,10:00am-10:59am,55,55,1,This section IS ON the NHS,2,Urban,3,Principal Arterial - Other,1,State Highway Agency,3,State Highway,SR-94,CR-MARKSHEFFEL RD,10,10,38.84143333,38.84143333,-104.682833300,-104.68283333,0,No Special Jurisdiction,12,Motor Vehicle In-Transport,2,Front-to-Front,0,No,2,Intersection,2,Four-Way Intersection,0,None,,,1,On Roadway,1,Daylight,98,Not Reported,0,No Additional Atmospheric Conditions,98,Not Reported,0,No,0000000,Not Applicable,10,10:00am-10:59am,55,55,11,11:00am-11:59am,8,8,12,12:00pm-12:59pm,7,7,0,None,0,None,0,None,1,0
2018,8,80266,Colorado,1,1,0,0,0,2,2,101,PUEBLO (101),2052,PUEBLO WEST,1,1,6,June,2018,6,Friday,2,2:00am-2:59am,30,30,0,This section IS NOT on the NHS,2,Urban,7,Local,4,City or Municipal Highway Agency,6,Local Street - Municipality,HAHNS PEAK AVE,,0,None,38.32402778,38.32402778,-104.748022200,-104.74802222,0,No Special Jurisdiction,39,Wall,0,Not a Collision with Motor Vehicle In-Transport,0,No,1,Non-Junction,1,Not an Intersection,0,None,,,4,On Roadside,2,Dark - Not Lighted,98,Not Reported,0,No Additional Atmospheric Conditions,98,Not Reported,0,No,0000000,Not Applicable,5,5:00am-5:59am,38,38,5,5:00am-5:59am,44,44,6,6:00am-6:59am,16,16,0,None,0,None,0,None,1,1
2018,8,80267,Colorado,2,2,0,0,0,2,2,69,LARIMER (69),860,FORT COLLINS,29,29,6,June,2018,6,Friday,20,8:00pm-8:59pm,16,16,0,This section IS NOT on the NHS,2,Urban,7,Local,4,City or Municipal Highway Agency,6,Local Street - Municipality,12TH ST,,0,None,40.58547222,40.58547222,-105.053411100,-105.05341111,0,No Special Jurisdiction,12,Motor Vehicle In-Transport,2,Front-to-Front,0,No,1,Non-Junction,1,Not an Intersection,0,None,,,1,On Roadway,5,Dusk,98,Not Reported,0,No Additional Atmospheric Conditions,98,Not Reported,0,No,0000000,Not Applicable,20,8:00pm-8:59pm,16,16,20,8:00pm-8:59pm,18,18,20,8:00pm-8:59pm,32,32,0,None,0,None,0,None,1,1
2018,8,80268,Colorado,1,1,0,0,0,1,1,69,LARIMER (69),860,FORT COLLINS,5,5,6,June,2018,3,Tuesday,22,10:00pm-10:59pm,45,45,0,This section IS NOT on the NHS,2,Urban,4,Minor Arterial,4,City or Municipal Highway Agency,6,Local Street - Municipality,ELIZABETH ST,OVERLAND TRAIL,0,None,40.57505556,40.57505556,-105.133777800,-105.13377778,0,No Special Jurisdiction,1,Rollover/Overturn,0,Not a Collision with Motor Vehicle In-Transport,0,No,2,Intersection,2,Four-Way Intersection,0,None,,,1,On Roadway,3,Dark - Lighted,98,Not Reported,0,No Additional Atmospheric Conditions,98,Not Reported,0,No,0000000,Not Applicable,22,10:00pm-10:59pm,45,45,22,10:00pm-10:59pm,47,47,23,11:00pm-11:59pm,21,21,0,None,0,None,0,None,1,0