caseyear,state,st_case,statename,ve_total,ve_forms,pvh_invl,peds,pernotmvit,permvit,persons,county,countyname,city,cityname,day,dayname,month,monthname,year,day_week,day_weekname,hour,hourname,minute,minutename,nhs,nhsname,rur_urb,rur_urbname,func_sys,func_sysname,rd_owner,rd_ownername,route,routename,tway_id,tway_id2,milept,mileptname,latitude,latitudename,longitud,longitudname,sp_jur,sp_jurname,harm_ev,harm_evname,man_coll,man_collname,reljct1,reljct1name,reljct2,reljct2name,typ_int,typ_intname,wrk_zone,wrk_zonename,road_fnc,road_fncname,rel_road,rel_roadname,lgt_cond,lgt_condname,weather1,weather1name,weather2,weather2name,weather,weathername,sch_bus,sch_busname,rail,railname,not_hour,not_hourname,not_min,not_minname,arr_hour,arr_hourname,arr_min,arr_minname,hosp_hr,hosp_hrname,hosp_mn,hosp_mnname,cf1,cf1name,cf2,cf2name,cf3,cf3name,fatals,drunk_dr
2018,8,80269,Colorado,1,1,0,1,1,1,1,69,LARIMER (69),1550,LOVELAND,8,8,6,June,2018,6,Friday,21,9:00pm-9:59pm,32,32,0,This section IS NOT on the NHS,2,Urban,4,Minor Arterial,4,City or Municipal Highway Agency,6,Local Street - Municipality,N WILSON AVE,,0,None,40.43375000,40.43375000,-105.115722200,-105.11572222,0,No Special Jurisdiction,8,Pedestrian,0,Not a Collision with Motor Vehicle In-Transport,0,No,1,Non-Junction,1,Not an Intersection,0,None,,,4,On Roadside,3,Dark - Lighted,98,Not Reported,0,No Additional Atmospheric Conditions,98,Not Reported,0,No,0000000,Not Applicable,21,9:00pm-9:59pm,31,31,22,10:00pm-10:59pm,5,5,22,10:00pm-10:59pm,9,9,0,None,0,None,0,None,1,1
2018,8,80270,Colorado,1,1,0,0,0,1,1,81,MOFFAT (81),0,NOT APPLICABLE,2,2,7,July,2018,2,Monday,20,8:00pm-8:59pm,40,40,0,This section IS NOT on the NHS,1,Rural,5,Major Collector,1,State Highway Agency,3,State Highway,SR-318,,371,371,40.63000000,40.63000000,-108.476041700,-108.47604167,0,No Special Jurisdiction,1,Rollover/Overturn,0,Not a Collision with Motor Vehicle In-Transport,0,No,1,Non-Junction,1,Not an Intersection,0,None,,,4,On Roadside,5,Dusk,98,Not Reported,0,No Additional Atmospheric Conditions,98,Not Reported,0,No,0000000,Not Applicable,20,8:00pm-8:59pm,48,48,21,9:00pm-9:59pm,18,18,22,10:00pm-10:59pm,32,32,0,None,0,None,0,None,1,0
2018,8,80271,Colorado,2,2,0,0,0,3,3,85,MONTROSE (85),0,NOT APPLICABLE,3,3,7,July,2018,3,Tuesday,11,11:00am-11:59am,58,58,1,This section IS ON the NHS,1,Rural,3,Principal Arterial - Other,1,State Highway Agency,2,U.S. Highway,US-50,US-50 BUSN RT  S 12TH ST,832,832,38.59793889,38.59793889,-107.973111100,-107.97311111,0,No Special Jurisdiction,12,Motor Vehicle In-Transport,6,Angle,0,No,2,Intersection,2,Four-Way Intersection,0,None,,,1,On Roadway,1,Daylight,98,Not Reported,0,No Additional Atmospheric Conditions,98,Not Reported,0,No,0000000,Not Applicable,11,11:00am-11:59am,58,58,12,12:00pm-12:59pm,0,0,12,12:00pm-12:59pm,15,15,20,Police Pursuit Involved,0,None,0,None,2,0
2018,8,80272,Colorado,1,1,0,0,0,2,2,39,ELBERT (39),0,NOT APPLICABLE,4,4,7,July,2018,4,Wednesday,0,0:00am-0:59am,0,0,1,This section IS ON the NHS,1,Rural,1,Interstate,1,State Highway Agency,1,Interstate,I-70,,3529,3529,39.30547222,39.30547222,-103.818527800,-103.81852778,0,No Special Jurisdiction,1,Rollover/Overturn,0,Not a Collision with Motor Vehicle In-Transport,0,No,1,Non-Junction,1,Not an Intersection,0,None,,,4,On Roadside,2,Dark - Not Lighted,98,Not Reported,0,No Additional Atmospheric Conditions,98,Not Reported,0,No,0000000,Not Applicable,99,Unknown,99,Unknown,99,Unknown EMS Scene Arrival Hour,99,Unknown EMS Scene Arrival Minutes,99,Unknown,99,Unknown EMS Hospital Arrival Time,0,None,0,None,0,None,1,0
2018,8,80273,Colorado,2,1,1,0,0,1,1,41,EL PASO (41),0,NOT APPLICABLE,4,4,7,July,2018,4,Wednesday,17,5:00pm-5:59pm,2,2,0,This section IS NOT on the NHS,2,Urban,7,Local,2,County Highway Agency,4,County Road,CR-ASPEN DR,,0,None,38.75136111,38.75136111,-104.731894400,-104.73189444,0,No Special Jurisdiction,14,Parked Motor Vehicle,0,Not a Collision with Motor Vehicle In-Transport,0,No,1,Non-Junction,1,Not an Intersection,0,None,,,7,In Parking Lane/Zone,1,Daylight,98,Not Reported,0,No Additional Atmospheric Conditions,98,Not Reported,0,No,0000000,Not Applicable,99,Unknown,99,Unknown,99,Unknown EMS Scene Arrival Hour,99,Unknown EMS Scene Arrival Minutes,88,Not Applicable (Not Transported),88,Not Applicable (Not Transported),0,None,0,None,0,None,1,1
2018,8,80274,Colorado,1,1,0,0,0,4,4,41,EL PASO (41),0,NOT APPLICABLE,4,4,7,July,2018,4,Wednesday,18,6:00pm-6:59pm,40,40,0,This section IS NOT on the NHS,1,Rural,4,Minor Arterial,2,County Highway Agency,4,County Road,CR-FALCON HWY,,0,None,38.92512222,38.92512222,-104.450811100,-104.45081111,0,No Special Jurisdiction,38,Fence,0,Not a Collision with Motor Vehicle In-Transport,0,No,1,Non-Junction,1,Not an Intersection,0,None,,,4,On Roadside,1,Daylight,98,Not Reported,0,No Additional Atmospheric Conditions,98,Not Reported,0,No,0000000,Not Applicable,99,Unknown,99,Unknown,99,Unknown EMS Scene Arrival Hour,99,Unknown EMS Scene Arrival Minutes,99,Unknown,99,Unknown EMS Hospital Arrival Time,0,None,0,None,0,None,3,1
2018,8,80275,Colorado,2,2,0,0,0,3,3,3,ALAMOSA (3),0,NOT APPLICABLE,5,5,7,July,2018,5,Thursday,14,2:00pm-2:59pm,58,58,1,This section IS ON the NHS,1,Rural,3,Principal Arterial - Other,1,State Highway Agency,2,U.S. Highway,US-160,CR-107S,2304,2304,37.48259722,37.48259722,-105.911955600,-105.91195556,0,No Special Jurisdiction,12,Motor Vehicle In-Transport,2,Front-to-Front,0,No,3,Intersection-Related,2,Four-Way Intersection,0,None,,,1,On Roadway,1,Daylight,98,Not Reported,0,No Additional Atmospheric Conditions,98,Not Reported,0,No,0000000,Not Applicable,14,2:00pm-2:59pm,58,58,99,Unknown EMS Scene Arrival Hour,99,Unknown EMS Scene Arrival Minutes,99,Unknown,99,Unknown EMS Hospital Arrival Time,0,None,0,None,0,None,1,0
2018,8,80276,Colorado,2,1,1,0,0,2,2,5,ARAPAHOE (5),110,AURORA,7,7,7,July,2018,7,Saturday,4,4:00am-4:59am,8,8,0,This section IS NOT on the NHS,2,Urban,7,Local,4,City or Municipal Highway Agency,6,Local Street - Municipality,S CEYLON WAY,,0,None,39.66293333,39.66293333,-104.765433300,-104.76543333,0,No Special Jurisdiction,33,Curb,0,Not a Collision with Motor Vehicle In-Transport,0,No,1,Non-Junction,1,Not an Intersection,0,None,,,4,On Roadside,3,Dark - Lighted,98,Not Reported,0,No Additional Atmospheric Conditions,98,Not Reported,0,No,0000000,Not Applicable,4,4:00am-4:59am,11,11,4,4:00am-4:59am,18,18,4,4:00am-4:59am,41,41,0,None,0,None,0,None,1,1
2018,8,80277,Colorado,2,2,0,0,0,2,2,59,JEFFERSON (59),1435,LAKEWOOD,7,7,7,July,2018,7,Saturday,17,5:00pm-5:59pm,47,47,1,This section IS ON the NHS,2,Urban,3,Principal Arterial - Other,1,State Highway Agency,2,U.S. Highway,US-40  W COLFAX AVE,EASTON ST,2940,2940,39.74028889,39.74028889,-105.059105600,-105.05910556,0,No Special Jurisdiction,12,Motor Vehicle In-Transport,2,Front-to-Front,0,No,2,Intersection,2,Four-Way Intersection,0,None,,,1,On Roadway,1,Daylight,98,Not Reported,0,No Additional Atmospheric Conditions,98,Not Reported,0,No,0000000,Not Applicable,17,5:00pm-5:59pm,47,47,17,5:00pm-5:59pm,51,51,18,6:00pm-6:59pm,7,7,0,None,0,None,0,None,1,0
2018,8,80278,Colorado,1,1,0,0,0,4,4,59,JEFFERSON (59),0,NOT APPLICABLE,7,7,7,July,2018,7,Saturday,23,11:00pm-11:59pm,34,34,0,This section IS NOT on the NHS,2,Urban,4,Minor Arterial,2,County Highway Agency,4,County Road,CR-S SIMMS ST,,0,None,39.59428333,39.59428333,-105.128583300,-105.12858333,0,No Special Jurisdiction,59,Traffic Sign Support,0,Not a Collision with Motor Vehicle In-Transport,0,No,1,Non-Junction,1,Not an Intersection,0,None,,,4,On Roadside,2,Dark - Not Lighted,98,Not Reported,0,No Additional Atmospheric Conditions,98,Not Reported,0,No,0000000,Not Applicable,99,Unknown,99,Unknown,99,Unknown EMS Scene Arrival Hour,99,Unknown EMS Scene Arrival Minutes,99,Unknown,99,Unknown EMS Hospital Arrival Time,0,None,0,None,0,None,1,0
2018,8,80279,Colorado,1,1,0,0,0,2,2,107,ROUTT (107),0,NOT APPLICABLE,8,8,7,July,2018,1,Sunday,7,7:00am-7:59am,38,38,0,This section IS NOT on the NHS,1,Rural,4,Minor Arterial,1,State Highway Agency,3,State Highway,SR-131,,304,304,40.02769444,40.02769444,-106.782097200,-106.78209722,0,No Special Jurisdiction,31,"Post, Pole or Other Supports",0,Not a Collision with Motor Vehicle In-Transport,0,No,1,Non-Junction,1,Not an Intersection,0,None,,,4,On Roadside,1,Daylight,98,Not Reported,0,No Additional Atmospheric Conditions,98,Not Reported,0,No,0000000,Not Applicable,7,7:00am-7:59am,38,38,7,7:00am-7:59am,58,58,99,Unknown,99,Unknown EMS Hospital Arrival Time,0,None,0,None,0,None,1,0
2018,8,80280,Colorado,1,1,0,0,0,1,1,35,DOUGLAS (35),0,NOT APPLICABLE,8,8,7,July,2018,1,Sunday,12,12:00pm-12:59pm,5,5,0,This section IS NOT on the NHS,2,Urban,4,Minor Arterial,2,County Highway Agency,4,County Road,CR-W WOLFENSBERGER RD,,0,None,39.37041667,39.37041667,-104.890727800,-104.89072778,0,No Special Jurisdiction,42,Tree (Standing Only),0,Not a Collision with Motor Vehicle In-Transport,0,No,1,Non-Junction,1,Not an Intersection,0,None,,,5,Outside Trafficway,1,Daylight,98,Not Reported,0,No Additional Atmospheric Conditions,98,Not Reported,0,No,0000000,Not Applicable,12,12:00pm-12:59pm,5,5,99,Unknown EMS Scene Arrival Hour,99,Unknown EMS Scene Arrival Minutes,88,Not Applicable (Not Transported),88,Not Applicable (Not Transported),0,None,0,None,0,None,1,0
2018,8,80281,Colorado,1,1,0,0,0,1,1,107,ROUTT (107),0,NOT APPLICABLE,9,9,7,July,2018,2,Monday,13,1:00pm-1:59pm,58,58,1,This section IS ON the NHS,1,Rural,3,Principal Arterial - Other,1,State Highway Agency,2,U.S. Highway,US-40,,1115,1115,40.49652778,40.49652778,-107.185833300,-107.18583333,0,No Special Jurisdiction,35,Embankment,0,Not a Collision with Motor Vehicle In-Transport,0,No,1,Non-Junction,1,Not an Intersection,0,None,,,4,On Roadside,1,Daylight,98,Not Reported,0,No Additional Atmospheric Conditions,98,Not Reported,0,No,0000000,Not Applicable,99,Unknown,99,Unknown,99,Unknown EMS Scene Arrival Hour,99,Unknown EMS Scene Arrival Minutes,99,Unknown,99,Unknown EMS Hospital Arrival Time,0,None,0,None,0,None,1,1
2018,8,80282,Colorado,1,1,0,1,1,1,1,41,EL PASO (41),430,COLORADO SPGS,9,9,7,July,2018,2,Monday,17,5:00pm-5:59pm,38,38,1,This section IS ON the NHS,2,Urban,3,Principal Arterial - Other,1,State Highway Agency,3,State Highway,SR-115  S NEVADA AVE,I-25 SB ON-RAMP,474,474,38.81462222,38.81462222,-104.822088900,-104.82208889,0,No Special Jurisdiction,9,Pedalcyclist,0,Not a Collision with Motor Vehicle In-Transport,1,Yes,3,Intersection-Related,2,Four-Way Intersection,0,None,,,1,On Roadway,1,Daylight,98,Not Reported,0,No Additional Atmospheric Conditions,98,Not Reported,0,No,0000000,Not Applicable,17,5:00pm-5:59pm,38,38,99,Unknown EMS Scene Arrival Hour,99,Unknown EMS Scene Arrival Minutes,88,Not Applicable (Not Transported),88,Not Applicable (Not Transported),0,None,0,None,0,None,1,0
2018,8,80283,Colorado,1,1,0,0,0,3,3,101,PUEBLO (101),2052,PUEBLO WEST,15,15,7,July,2018,1,Sunday,0,0:00am-0:59am,20,20,0,This section IS NOT on the NHS,2,Urban,5,Major Collector,4,City or Municipal Highway Agency,6,Local Street - Municipality,WILDHORSE BLVD,,0,None,38.31847222,38.31847222,-104.660722200,-104.66072222,0,No Special Jurisdiction,1,Rollover/Overturn,0,Not a Collision with Motor Vehicle In-Transport,0,No,1,Non-Junction,1,Not an Intersection,0,None,,,4,On Roadside,2,Dark - Not Lighted,98,Not Reported,0,No Additional Atmospheric Conditions,98,Not Reported,0,No,0000000,Not Applicable,0,0:00am-0:59am,23,23,0,0:00am-0:59am,30,30,0,0:00am-0:59am,45,45,0,None,0,None,0,None,1,1
2018,8,80284,Colorado,2,2,0,0,0,3,3,1,ADAMS (1),434,COMMERCE CITY,2,2,7,July,2018,2,Monday,16,4:00pm-4:59pm,15,15,1,This section IS ON the NHS,2,Urban,3,Principal Arterial - Other,1,State Highway Agency,7,Local Street - Frontage Road,US-6 E FRONTAGE RD,E 72ND AVE,2947,2947,39.82716667,39.82716667,-104.926972200,-104.92697222,0,No Special Jurisdiction,12,Motor Vehicle In-Transport,6,Angle,0,No,2,Intersection,2,Four-Way Intersection,0,None,,,1,On Roadway,1,Daylight,1,Clear,0,No Additional Atmospheric Conditions,1,Clear,0,No,0000000,Not Applicable,99,Unknown,99,Unknown,99,Unknown EMS Scene Arrival Hour,99,Unknown EMS Scene Arrival Minutes,99,Unknown,99,Unknown EMS Hospital Arrival Time,0,None,0,None,0,None,1,0
2018,8,80285,Colorado,1,1,0,0,0,1,1,101,PUEBLO (101),0,NOT APPLICABLE,16,16,7,July,2018,2,Monday,15,3:00pm-3:59pm,13,13,0,This section IS NOT on the NHS,1,Rural,5,Major Collector,1,State Highway Agency,3,State Highway,SR-78,,208,208,38.13083333,38.13083333,-104.845388900,-104.84538889,0,No Special Jurisdiction,58,Ground,0,Not a Collision with Motor Vehicle In-Transport,0,No,1,Non-Junction,1,Not an Intersection,0,None,,,4,On Roadside,1,Daylight,98,Not Reported,0,No Additional Atmospheric Conditions,98,Not Reported,0,No,0000000,Not Applicable,99,Unknown,99,Unknown,99,Unknown EMS Scene Arrival Hour,99,Unknown EMS Scene Arrival Minutes,99,Unknown,99,Unknown EMS Hospital Arrival Time,20,Police Pursuit Involved,0,None,0,None,1,1
2018,8,80286,Colorado,1,1,0,1,1,1,1,1,ADAMS (1),0,NOT APPLICABLE,17,17,7,July,2018,3,Tuesday,4,4:00am-4:59am,3,3,1,This section IS ON the NHS,2,Urban,1,Interstate,1,State Highway Agency,1,Interstate,I-76,,106,106,39.85994444,39.85994444,-104.911066700,-104.91106667,0,No Special Jurisdiction,8,Pedestrian,0,Not a Collision with Motor Vehicle In-Transport,1,Yes,18,Through Roadway,1,Not an Intersection,0,None,,,1,On Roadway,3,Dark - Lighted,98,Not Reported,0,No Additional Atmospheric Conditions,98,Not Reported,0,No,0000000,Not Applicable,99,Unknown,99,Unknown,99,Unknown EMS Scene Arrival Hour,99,Unknown EMS Scene Arrival Minutes,99,Unknown,99,Unknown EMS Hospital Arrival Time,0,None,0,None,0,None,1,0
2018,8,80287,Colorado,2,2,0,0,0,3,3,69,LARIMER (69),0,NOT APPLICABLE,17,17,7,July,2018,3,Tuesday,19,7:00pm-7:59pm,15,15,1,This section IS ON the NHS,1,Rural,3,Principal Arterial - Other,1,State Highway Agency,2,U.S. Highway,US-287,,3774,3774,40.91698333,40.91698333,-105.322344400,-105.32234444,0,No Special Jurisdiction,12,Motor Vehicle In-Transport,2,Front-to-Front,0,No,1,Non-Junction,1,Not an Intersection,0,None,,,1,On Roadway,1,Daylight,1,Clear,0,No Additional Atmospheric Conditions,1,Clear,0,No,0000000,Not Applicable,99,Unknown,99,Unknown,99,Unknown EMS Scene Arrival Hour,99,Unknown EMS Scene Arrival Minutes,99,Unknown,99,Unknown EMS Hospital Arrival Time,0,None,0,None,0,None,1,0
2018,8,80288,Colorado,3,3,0,0,0,6,6,15,CHAFFEE (15),0,NOT APPLICABLE,18,18,7,July,2018,4,Wednesday,14,2:00pm-2:59pm,2,2,1,This section IS ON the NHS,1,Rural,3,Principal Arterial - Other,1,State Highway Agency,2,U.S. Highway,US-24,,2150,2150,38.81716111,38.81716111,-106.078227800,-106.07822778,0,No Special Jurisdiction,12,Motor Vehicle In-Transport,2,Front-to-Front,0,No,1,Non-Junction,1,Not an Intersection,0,None,,,1,On Roadway,1,Daylight,98,Not Reported,0,No Additional Atmospheric Conditions,98,Not Reported,0,No,0000000,Not Applicable,99,Unknown,99,Unknown,99,Unknown EMS Scene Arrival Hour,99,Unknown EMS Scene Arrival Minutes,99,Unknown,99,Unknown EMS Hospital Arrival Time,0,None,0,None,0,None,2,0
2018,8,80289,Colorado,1,1,0,1,1,2,2,59,JEFFERSON (59),0,NOT APPLICABLE,18,18,7,July,2018,4,Wednesday,15,3:00pm-3:59pm,55,55,0,This section IS NOT on the NHS,2,Urban,4,Minor Arterial,2,County Highway Agency,4,County Road,CR-W COAL MINE AVE,,0,None,39.59517222,39.59517222,-105.080500000,-105.080500000,0,No Special Jurisdiction,9,Pedalcyclist,0,Not a Collision with Motor Vehicle In-Transport,0,No,1,Non-Junction,1,Not an Intersection,0,None,,,1,On Roadway,1,Daylight,98,Not Reported,0,No Additional Atmospheric Conditions,98,Not Reported,0,No,0000000,Not Applicable,99,Unknown,99,Unknown,99,Unknown EMS Scene Arrival Hour,99,Unknown EMS Scene Arrival Minutes,99,Unknown,99,Unknown EMS Hospital Arrival Time,0,None,0,None,0,None,1,0
2018,8,80290,Colorado,1,1,0,0,0,3,3,97,PITKIN (97),0,NOT APPLICABLE,20,20,7,July,2018,6,Friday,11,11:00am-11:59am,55,55,0,This section IS NOT on the NHS,1,Rural,4,Minor Arterial,1,State Highway Agency,3,State Highway,SR-133,,519,519,39.18694444,39.18694444,-107.236805600,-107.23680556,0,No Special Jurisdiction,1,Rollover/Overturn,0,Not a Collision with Motor Vehicle In-Transport,0,No,1,Non-Junction,1,Not an Intersection,0,None,,,4,On Roadside,1,Daylight,98,Not Reported,0,No Additional Atmospheric Conditions,98,Not Reported,0,No,0000000,Not Applicable,99,Unknown,99,Unknown,99,Unknown EMS Scene Arrival Hour,99,Unknown EMS Scene Arrival Minutes,99,Unknown,99,Unknown EMS Hospital Arrival Time,0,None,0,None,0,None,2,0
2018,8,80291,Colorado,1,1,0,1,1,1,1,1,ADAMS (1),434,COMMERCE CITY,21,21,7,July,2018,7,Saturday,6,6:00am-6:59am,35,35,0,This section IS NOT on the NHS,2,Urban,5,Major Collector,4,City or Municipal Highway Agency,6,Local Street - Municipality,HOLLY ST,E 64TH AVE,0,None,39.81281944,39.81281944,-104.922277800,-104.92227778,0,No Special Jurisdiction,9,Pedalcyclist,0,Not a Collision with Motor Vehicle In-Transport,0,No,2,Intersection,2,Four-Way Intersection,0,None,,,1,On Roadway,1,Daylight,1,Clear,0,No Additional Atmospheric Conditions,1,Clear,0,No,0000000,Not Applicable,6,6:00am-6:59am,37,37,6,6:00am-6:59am,40,40,88,Not Applicable (Not Transported),88,Not Applicable (Not Transported),0,None,0,None,0,None,1,0
2018,8,80292,Colorado,1,1,0,0,0,1,1,33,DOLORES (33),0,NOT APPLICABLE,21,21,7,July,2018,7,Saturday,8,8:00am-8:59am,4,4,0,This section IS NOT on the NHS,1,Rural,7,Local,2,County Highway Agency,4,County Road,CR-1 POINT 7,,21,21,37.79611111,37.79611111,-109.013750000,-109.013750000,0,No Special Jurisdiction,1,Rollover/Overturn,0,Not a Collision with Motor Vehicle In-Transport,0,No,1,Non-Junction,1,Not an Intersection,0,None,,,4,On Roadside,1,Daylight,98,Not Reported,0,No Additional Atmospheric Conditions,98,Not Reported,0,No,0000000,Not Applicable,99,Unknown,99,Unknown,99,Unknown EMS Scene Arrival Hour,99,Unknown EMS Scene Arrival Minutes,88,Not Applicable (Not Transported),88,Not Applicable (Not Transported),0,None,0,None,0,None,1,0
2018,8,80293,Colorado,1,1,0,0,0,2,2,31,DENVER (31),600,DENVER,23,23,7,July,2018,2,Monday,2,2:00am-2:59am,20,20,0,This section IS NOT on the NHS,2,Urban,7,Local,4,City or Municipal Highway Agency,6,Local Street - Municipality,S DAHLIA ST,,0,None,39.67520000,39.67520000,-104.931533300,-104.93153333,0,No Special Jurisdiction,25,Concrete Traffic Barrier,0,Not a Collision with Motor Vehicle In-Transport,0,No,1,Non-Junction,1,Not an Intersection,0,None,,,4,On Roadside,3,Dark - Lighted,98,Not Reported,0,No Additional Atmospheric Conditions,98,Not Reported,0,No,0000000,Not Applicable,99,Unknown,99,Unknown,99,Unknown EMS Scene Arrival Hour,99,Unknown EMS Scene Arrival Minutes,99,Unknown,99,Unknown EMS Hospital Arrival Time,0,None,0,None,0,None,1,1
2018,8,80294,Colorado,1,1,0,0,0,2,2,85,MONTROSE (85),0,NOT APPLICABLE,23,23,7,July,2018,2,Monday,14,2:00pm-2:59pm,56,56,0,This section IS NOT on the NHS,2,Urban,4,Minor Arterial,2,County Highway Agency,4,County Road,CR-MIAMI RD,,0,None,38.48201667,38.48201667,-107.827525000,-107.827525000,0,No Special Jurisdiction,35,Embankment,0,Not a Collision with Motor Vehicle In-Transport,0,No,1,Non-Junction,1,Not an Intersection,0,None,,,4,On Roadside,1,Daylight,98,Not Reported,0,No Additional Atmospheric Conditions,98,Not Reported,0,No,0000000,Not Applicable,14,2:00pm-2:59pm,58,58,15,3:00pm-3:59pm,5,5,88,Not Applicable (Not Transported),88,Not Applicable (Not Transported),0,None,0,None,0,None,1,0
2018,8,80295,Colorado,1,1,0,0,0,1,1,35,DOUGLAS (35),0,NOT APPLICABLE,23,23,7,July,2018,2,Monday,22,10:00pm-10:59pm,0,0,0,This section IS NOT on the NHS,1,Rural,5,Major Collector,1,State Highway Agency,3,State Highway,SR-67,,1221,1221,39.38428333,39.38428333,-105.023888900,-105.02388889,0,No Special Jurisdiction,24,Guardrail Face,0,Not a Collision with Motor Vehicle In-Transport,0,No,1,Non-Junction,1,Not an Intersection,0,None,,,4,On Roadside,2,Dark - Not Lighted,98,Not Reported,0,No Additional Atmospheric Conditions,98,Not Reported,0,No,0000000,Not Applicable,99,Unknown,99,Unknown,99,Unknown EMS Scene Arrival Hour,99,Unknown EMS Scene Arrival Minutes,88,Not Applicable (Not Transported),88,Not Applicable (Not Transported),0,None,0,None,0,None,1,0
2018,8,80296,Colorado,3,3,0,0,0,5,5,41,EL PASO (41),0,NOT APPLICABLE,24,24,7,July,2018,3,Tuesday,13,1:00pm-1:59pm,25,25,1,This section IS ON the NHS,1,Rural,3,Principal Arterial - Other,1,State Highway Agency,2,U.S. Highway,US-24,,3249,3249,38.97873889,38.97873889,-104.546597200,-104.54659722,0,No Special Jurisdiction,12,Motor Vehicle In-Transport,6,Angle,0,No,1,Non-Junction,1,Not an Intersection,0,None,,,1,On Roadway,1,Daylight,98,Not Reported,0,No Additional Atmospheric Conditions,98,Not Reported,0,No,0000000,Not Applicable,99,Unknown,99,Unknown,99,Unknown EMS Scene Arrival Hour,99,Unknown EMS Scene Arrival Minutes,99,Unknown,99,Unknown EMS Hospital Arrival Time,20,Police Pursuit Involved,0,None,0,None,2,0
2018,8,80297,Colorado,1,1,0,0,0,1,1,91,OURAY (91),0,NOT APPLICABLE,25,25,7,July,2018,4,Wednesday,9,9:00am-9:59am,55,55,1,This section IS ON the NHS,1,Rural,3,Principal Arterial - Other,1,State Highway Agency,2,U.S. Highway,US-550,,1126,1126,38.26138889,38.26138889,-107.756858300,-107.75685833,0,No Special Jurisdiction,31,"Post, Pole or Other Supports",0,Not a Collision with Motor Vehicle In-Transport,0,No,1,Non-Junction,1,Not an Intersection,0,None,,,4,On Roadside,1,Daylight,98,Not Reported,0,No Additional Atmospheric Conditions,98,Not Reported,0,No,0000000,Not Applicable,9,9:00am-9:59am,55,55,10,10:00am-10:59am,5,5,88,Not Applicable (Not Transported),88,Not Applicable (Not Transported),0,None,0,None,0,None,1,0
2018,8,80298,Colorado,2,2,0,0,0,3,3,9,BACA (9),0,NOT APPLICABLE,25,25,7,July,2018,4,Wednesday,21,9:00pm-9:59pm,20,20,1,This section IS ON the NHS,1,Rural,3,Principal Arterial - Other,1,State Highway Agency,2,U.S. Highway,US-287,,440,440,37.60345278,37.60345278,-102.620402800,-102.62040278,0,No Special Jurisdiction,12,Motor Vehicle In-Transport,2,Front-to-Front,0,No,1,Non-Junction,1,Not an Intersection,0,None,,,1,On Roadway,2,Dark - Not Lighted,2,Rain,0,No Additional Atmospheric Conditions,2,Rain,0,No,0000000,Not Applicable,99,Unknown,99,Unknown,99,Unknown EMS Scene Arrival Hour,99,Unknown EMS Scene Arrival Minutes,99,Unknown,99,Unknown EMS Hospital Arrival Time,0,None,0,None,0,None,1,1
2018,8,80299,Colorado,2,2,0,0,0,2,2,123,WELD (123),1340,KERSEY,2,2,7,July,2018,2,Monday,14,2:00pm-2:59pm,47,47,1,This section IS ON the NHS,1,Rural,3,Principal Arterial - Other,1,State Highway Agency,2,U.S. Highway,US-34,CR-49,1173,1173,40.39190556,40.39190556,-104.601961100,-104.60196111,0,No Special Jurisdiction,12,Motor Vehicle In-Transport,6,Angle,0,No,2,Intersection,2,Four-Way Intersection,0,None,,,1,On Roadway,1,Daylight,98,Not Reported,0,No Additional Atmospheric Conditions,98,Not Reported,0,No,0000000,Not Applicable,14,2:00pm-2:59pm,47,47,14,2:00pm-2:59pm,56,56,88,Not Applicable (Not Transported),88,Not Applicable (Not Transported),0,None,0,None,0,None,1,0
2018,8,80300,Colorado,2,1,1,0,0,1,1,29,DELTA (29),0,NOT APPLICABLE,27,27,7,July,2018,6,Friday,21,9:00pm-9:59pm,44,44,0,This section IS NOT on the NHS,1,Rural,7,Local,2,County Highway Agency,4,County Road,CR-G,,0,None,38.74138889,38.74138889,-107.990411100,-107.99041111,0,No Special Jurisdiction,38,Fence,0,Not a Collision with Motor Vehicle In-Transport,0,No,1,Non-Junction,1,Not an Intersection,0,None,,,4,On Roadside,2,Dark - Not Lighted,98,Not Reported,0,No Additional Atmospheric Conditions,98,Not Reported,0,No,0000000,Not Applicable,99,Unknown,99,Unknown,99,Unknown EMS Scene Arrival Hour,99,Unknown EMS Scene Arrival Minutes,88,Not Applicable (Not Transported),88,Not Applicable (Not Transported),14,"Motor Vehicle struck by falling cargo,or something that came loose from or something that was set in motion by a vehicle",20,Police Pursuit Involved,0,None,1,1