caseyear,state,st_case,statename,ve_total,ve_forms,pvh_invl,peds,pernotmvit,permvit,persons,county,countyname,city,cityname,day,dayname,month,monthname,year,day_week,day_weekname,hour,hourname,minute,minutename,nhs,nhsname,rur_urb,rur_urbname,func_sys,func_sysname,rd_owner,rd_ownername,route,routename,tway_id,tway_id2,milept,mileptname,latitude,latitudename,longitud,longitudname,sp_jur,sp_jurname,harm_ev,harm_evname,man_coll,man_collname,reljct1,reljct1name,reljct2,reljct2name,typ_int,typ_intname,wrk_zone,wrk_zonename,road_fnc,road_fncname,rel_road,rel_roadname,lgt_cond,lgt_condname,weather1,weather1name,weather2,weather2name,weather,weathername,sch_bus,sch_busname,rail,railname,not_hour,not_hourname,not_min,not_minname,arr_hour,arr_hourname,arr_min,arr_minname,hosp_hr,hosp_hrname,hosp_mn,hosp_mnname,cf1,cf1name,cf2,cf2name,cf3,cf3name,fatals,drunk_dr
2018,8,80301,Colorado,2,2,0,0,0,3,3,69,LARIMER (69),0,NOT APPLICABLE,28,28,7,July,2018,7,Saturday,1,1:00am-1:59am,30,30,0,This section IS NOT on the NHS,2,Urban,4,Minor Arterial,1,State Highway Agency,3,State Highway,SR-392,,977,977,40.48111111,40.48111111,-105.032361100,-105.03236111,0,No Special Jurisdiction,12,Motor Vehicle In-Transport,2,Front-to-Front,0,No,1,Non-Junction,1,Not an Intersection,0,None,,,4,On Roadside,2,Dark - Not Lighted,98,Not Reported,0,No Additional Atmospheric Conditions,98,Not Reported,0,No,0000000,Not Applicable,99,Unknown,99,Unknown,99,Unknown EMS Scene Arrival Hour,99,Unknown EMS Scene Arrival Minutes,99,Unknown,99,Unknown EMS Hospital Arrival Time,0,None,0,None,0,None,1,0
2018,8,80302,Colorado,1,1,0,0,0,3,3,77,MESA (77),0,NOT APPLICABLE,28,28,7,July,2018,7,Saturday,7,7:00am-7:59am,1,1,1,This section IS ON the NHS,1,Rural,1,Interstate,1,State Highway Agency,1,Interstate,I-70,,58,58,39.22027778,39.22027778,-108.958333300,-108.95833333,0,No Special Jurisdiction,1,Rollover/Overturn,0,Not a Collision with Motor Vehicle In-Transport,0,No,1,Non-Junction,1,Not an Intersection,0,None,,,3,On Median,1,Daylight,98,Not Reported,0,No Additional Atmospheric Conditions,98,Not Reported,0,No,0000000,Not Applicable,99,Unknown,99,Unknown,99,Unknown EMS Scene Arrival Hour,99,Unknown EMS Scene Arrival Minutes,99,Unknown,99,Unknown EMS Hospital Arrival Time,0,None,0,None,0,None,1,0
2018,8,80303,Colorado,2,1,1,0,0,2,2,1,ADAMS (1),434,COMMERCE CITY,28,28,7,July,2018,7,Saturday,21,9:00pm-9:59pm,25,25,0,This section IS NOT on the NHS,2,Urban,7,Local,4,City or Municipal Highway Agency,6,Local Street - Municipality,E 80TH AVE,,0,None,39.84165833,39.84165833,-104.912072200,-104.91207222,0,No Special Jurisdiction,14,Parked Motor Vehicle,0,Not a Collision with Motor Vehicle In-Transport,0,No,1,Non-Junction,1,Not an Intersection,0,None,,,7,In Parking Lane/Zone,2,Dark - Not Lighted,1,Clear,0,No Additional Atmospheric Conditions,1,Clear,0,No,0000000,Not Applicable,21,9:00pm-9:59pm,29,29,21,9:00pm-9:59pm,38,38,22,10:00pm-10:59pm,2,2,0,None,0,None,0,None,1,1
2018,8,80304,Colorado,1,1,0,1,1,6,6,5,ARAPAHOE (5),0,NOT APPLICABLE,26,26,7,July,2018,5,Thursday,20,8:00pm-8:59pm,55,55,1,This section IS ON the NHS,2,Urban,3,Principal Arterial - Other,1,State Highway Agency,3,State Highway,SR-83,,739,739,39.69029444,39.69029444,-104.890672200,-104.89067222,0,No Special Jurisdiction,8,Pedestrian,0,Not a Collision with Motor Vehicle In-Transport,0,No,1,Non-Junction,1,Not an Intersection,0,None,,,1,On Roadway,2,Dark - Not Lighted,98,Not Reported,0,No Additional Atmospheric Conditions,98,Not Reported,0,No,0000000,Not Applicable,20,8:00pm-8:59pm,58,58,21,9:00pm-9:59pm,3,3,21,9:00pm-9:59pm,18,18,0,None,0,None,0,None,1,0
2018,8,80305,Colorado,1,1,0,0,0,1,1,41,EL PASO (41),430,COLORADO SPGS,26,26,7,July,2018,5,Thursday,6,6:00am-6:59am,55,55,1,This section IS ON the NHS,2,Urban,1,Interstate,1,State Highway Agency,1,Interstate,I-25 NB OFF-RAMP,S CIRCLE DR,1378,1378,38.79603889,38.79603889,-104.796294400,-104.79629444,0,No Special Jurisdiction,33,Curb,0,Not a Collision with Motor Vehicle In-Transport,1,Yes,3,Intersection-Related,2,Four-Way Intersection,0,None,,,3,On Median,1,Daylight,98,Not Reported,0,No Additional Atmospheric Conditions,98,Not Reported,0,No,0000000,Not Applicable,6,6:00am-6:59am,56,56,7,7:00am-7:59am,1,1,88,Not Applicable (Not Transported),88,Not Applicable (Not Transported),0,None,0,None,0,None,1,1
2018,8,80306,Colorado,1,1,0,1,1,1,1,41,EL PASO (41),430,COLORADO SPGS,28,28,7,July,2018,7,Saturday,20,8:00pm-8:59pm,55,55,0,This section IS NOT on the NHS,2,Urban,7,Local,4,City or Municipal Highway Agency,6,Local Street - Municipality,PRING RANCH RD,PURCELL DR,0,None,38.90272222,38.90272222,-104.702266700,-104.70226667,0,No Special Jurisdiction,8,Pedestrian,0,Not a Collision with Motor Vehicle In-Transport,0,No,3,Intersection-Related,2,Four-Way Intersection,0,None,,,1,On Roadway,3,Dark - Lighted,98,Not Reported,0,No Additional Atmospheric Conditions,98,Not Reported,0,No,0000000,Not Applicable,20,8:00pm-8:59pm,55,55,21,9:00pm-9:59pm,2,2,21,9:00pm-9:59pm,29,29,0,None,0,None,0,None,1,0
2018,8,80307,Colorado,1,1,0,0,0,2,2,59,JEFFERSON (59),0,NOT APPLICABLE,30,30,7,July,2018,2,Monday,12,12:00pm-12:59pm,25,25,1,This section IS ON the NHS,2,Urban,1,Interstate,1,State Highway Agency,1,Interstate,I-70,,2582,2582,39.69563333,39.69563333,-105.212319400,-105.21231944,0,No Special Jurisdiction,24,Guardrail Face,0,Not a Collision with Motor Vehicle In-Transport,0,No,1,Non-Junction,1,Not an Intersection,0,None,,,3,On Median,1,Daylight,98,Not Reported,0,No Additional Atmospheric Conditions,98,Not Reported,0,No,0000000,Not Applicable,99,Unknown,99,Unknown,99,Unknown EMS Scene Arrival Hour,99,Unknown EMS Scene Arrival Minutes,99,Unknown,99,Unknown EMS Hospital Arrival Time,0,None,0,None,0,None,1,0
2018,8,80308,Colorado,2,2,0,0,0,3,3,5,ARAPAHOE (5),110,AURORA,30,30,7,July,2018,2,Monday,20,8:00pm-8:59pm,58,58,1,This section IS ON the NHS,2,Urban,3,Principal Arterial - Other,4,City or Municipal Highway Agency,6,Local Street - Municipality,E ILIFF AVE,S KITTREDGE WAY,0,None,39.67365833,39.67365833,-104.801538900,-104.80153889,0,No Special Jurisdiction,12,Motor Vehicle In-Transport,6,Angle,0,No,2,Intersection,2,Four-Way Intersection,0,None,,,1,On Roadway,3,Dark - Lighted,98,Not Reported,0,No Additional Atmospheric Conditions,98,Not Reported,0,No,0000000,Not Applicable,20,8:00pm-8:59pm,58,58,21,9:00pm-9:59pm,1,1,21,9:00pm-9:59pm,11,11,0,None,0,None,0,None,1,0
2018,8,80309,Colorado,1,1,0,0,0,1,1,1,ADAMS (1),2550,WESTMINSTER,30,30,7,July,2018,2,Monday,17,5:00pm-5:59pm,28,28,1,This section IS ON the NHS,2,Urban,3,Principal Arterial - Other,4,City or Municipal Highway Agency,6,Local Street - Municipality,W 104TH AVE,LOWELL BLVD,0,None,39.88521111,39.88521111,-105.034350000,-105.034350000,0,No Special Jurisdiction,33,Curb,0,Not a Collision with Motor Vehicle In-Transport,0,No,3,Intersection-Related,3,T-Intersection,0,None,,,4,On Roadside,1,Daylight,98,Not Reported,0,No Additional Atmospheric Conditions,98,Not Reported,0,No,0000000,Not Applicable,17,5:00pm-5:59pm,28,28,17,5:00pm-5:59pm,32,32,88,Not Applicable (Not Transported),88,Not Applicable (Not Transported),0,None,0,None,0,None,1,0
2018,8,80310,Colorado,1,1,0,0,0,1,1,77,MESA (77),0,NOT APPLICABLE,31,31,7,July,2018,3,Tuesday,2,2:00am-2:59am,50,50,0,This section IS NOT on the NHS,1,Rural,6,Minor Collector,2,County Highway Agency,4,County Road,CR-S 16 1/2 RD,,88,88,39.00385000,39.00385000,-108.741277800,-108.74127778,0,No Special Jurisdiction,1,Rollover/Overturn,0,Not a Collision with Motor Vehicle In-Transport,0,No,1,Non-Junction,1,Not an Intersection,0,None,,,4,On Roadside,2,Dark - Not Lighted,1,Clear,0,No Additional Atmospheric Conditions,1,Clear,0,No,0000000,Not Applicable,2,2:00am-2:59am,49,49,3,3:00am-3:59am,1,1,88,Not Applicable (Not Transported),88,Not Applicable (Not Transported),0,None,0,None,0,None,1,1
2018,8,80311,Colorado,1,1,0,0,0,1,1,49,GRAND (49),1030,GRANBY,31,31,7,July,2018,3,Tuesday,14,2:00pm-2:59pm,37,37,1,This section IS ON the NHS,1,Rural,3,Principal Arterial - Other,1,State Highway Agency,2,U.S. Highway,US-40,,2132,2132,40.07561111,40.07561111,-105.927644400,-105.92764444,0,No Special Jurisdiction,24,Guardrail Face,0,Not a Collision with Motor Vehicle In-Transport,0,No,1,Non-Junction,1,Not an Intersection,0,None,,,4,On Roadside,1,Daylight,98,Not Reported,0,No Additional Atmospheric Conditions,98,Not Reported,0,No,0000000,Not Applicable,99,Unknown,99,Unknown,99,Unknown EMS Scene Arrival Hour,99,Unknown EMS Scene Arrival Minutes,99,Unknown,99,Unknown EMS Hospital Arrival Time,0,None,0,None,0,None,1,0
2018,8,80312,Colorado,2,2,0,0,0,2,2,101,PUEBLO (101),2052,PUEBLO WEST,12,12,7,July,2018,5,Thursday,12,12:00pm-12:59pm,57,57,0,This section IS NOT on the NHS,2,Urban,4,Minor Arterial,4,City or Municipal Highway Agency,6,Local Street - Municipality,MCCULLOCH BLVD,,0,None,38.30038333,38.30038333,-104.769469400,-104.76946944,0,No Special Jurisdiction,12,Motor Vehicle In-Transport,6,Angle,0,No,1,Non-Junction,1,Not an Intersection,0,None,,,2,On Shoulder,1,Daylight,98,Not Reported,0,No Additional Atmospheric Conditions,98,Not Reported,0,No,0000000,Not Applicable,12,12:00pm-12:59pm,58,58,13,1:00pm-1:59pm,2,2,13,1:00pm-1:59pm,47,47,0,None,0,None,0,None,1,0
2018,8,80313,Colorado,2,2,0,0,0,2,2,1,ADAMS (1),110,AURORA,30,30,7,July,2018,2,Monday,15,3:00pm-3:59pm,49,49,0,This section IS NOT on the NHS,1,Rural,5,Major Collector,4,City or Municipal Highway Agency,6,Local Street - Municipality,N IMBODEN RD,E 48TH AVE,0,None,39.78307500,39.78307500,-104.583380600,-104.58338056,0,No Special Jurisdiction,12,Motor Vehicle In-Transport,6,Angle,0,No,2,Intersection,2,Four-Way Intersection,0,None,,,1,On Roadway,1,Daylight,98,Not Reported,0,No Additional Atmospheric Conditions,98,Not Reported,0,No,0000000,Not Applicable,15,3:00pm-3:59pm,49,49,99,Unknown EMS Scene Arrival Hour,99,Unknown EMS Scene Arrival Minutes,88,Not Applicable (Not Transported),88,Not Applicable (Not Transported),0,None,0,None,0,None,1,0
2018,8,80314,Colorado,1,1,0,0,0,1,1,41,EL PASO (41),430,COLORADO SPGS,7,7,7,July,2018,7,Saturday,19,7:00pm-7:59pm,50,50,1,This section IS ON the NHS,2,Urban,3,Principal Arterial - Other,4,City or Municipal Highway Agency,6,Local Street - Municipality,HANCOCK EXPY,,0,None,38.79611111,38.79611111,-104.770922200,-104.77092222,0,No Special Jurisdiction,33,Curb,0,Not a Collision with Motor Vehicle In-Transport,0,No,1,Non-Junction,1,Not an Intersection,0,None,,,4,On Roadside,5,Dusk,98,Not Reported,0,No Additional Atmospheric Conditions,98,Not Reported,0,No,0000000,Not Applicable,19,7:00pm-7:59pm,50,50,99,Unknown EMS Scene Arrival Hour,99,Unknown EMS Scene Arrival Minutes,88,Not Applicable (Not Transported),88,Not Applicable (Not Transported),0,None,0,None,0,None,1,1
2018,8,80315,Colorado,1,1,0,1,1,2,2,41,EL PASO (41),430,COLORADO SPGS,29,29,7,July,2018,1,Sunday,11,11:00am-11:59am,2,2,1,This section IS ON the NHS,2,Urban,3,Principal Arterial - Other,4,City or Municipal Highway Agency,6,Local Street - Municipality,S ACADEMY BLVD,HANCOCK EXPY,0,None,38.78881944,38.78881944,-104.757450000,-104.757450000,0,No Special Jurisdiction,8,Pedestrian,0,Not a Collision with Motor Vehicle In-Transport,0,No,3,Intersection-Related,2,Four-Way Intersection,0,None,,,1,On Roadway,1,Daylight,98,Not Reported,0,No Additional Atmospheric Conditions,98,Not Reported,0,No,0000000,Not Applicable,11,11:00am-11:59am,2,2,11,11:00am-11:59am,4,4,11,11:00am-11:59am,15,15,0,None,0,None,0,None,1,0
2018,8,80316,Colorado,1,1,0,1,1,1,1,31,DENVER (31),600,DENVER,20,20,7,July,2018,6,Friday,19,7:00pm-7:59pm,19,19,0,This section IS NOT on the NHS,2,Urban,7,Local,4,City or Municipal Highway Agency,6,Local Street - Municipality,N ELM CT,,0,None,39.78088333,39.78088333,-105.022816700,-105.02281667,0,No Special Jurisdiction,8,Pedestrian,0,Not a Collision with Motor Vehicle In-Transport,0,No,1,Non-Junction,1,Not an Intersection,0,None,,,1,On Roadway,1,Daylight,98,Not Reported,0,No Additional Atmospheric Conditions,98,Not Reported,0,No,0000000,Not Applicable,19,7:00pm-7:59pm,19,19,19,7:00pm-7:59pm,26,26,19,7:00pm-7:59pm,41,41,0,None,0,None,0,None,1,1
2018,8,80317,Colorado,1,1,0,0,0,1,1,123,WELD (123),0,NOT APPLICABLE,29,29,7,July,2018,1,Sunday,16,4:00pm-4:59pm,52,52,0,This section IS NOT on the NHS,1,Rural,5,Major Collector,2,County Highway Agency,4,County Road,CR-54,,0,None,40.37694444,40.37694444,-104.656250000,-104.656250000,0,No Special Jurisdiction,1,Rollover/Overturn,0,Not a Collision with Motor Vehicle In-Transport,0,No,1,Non-Junction,1,Not an Intersection,0,None,,,4,On Roadside,1,Daylight,98,Not Reported,0,No Additional Atmospheric Conditions,98,Not Reported,0,No,0000000,Not Applicable,99,Unknown,99,Unknown,99,Unknown EMS Scene Arrival Hour,99,Unknown EMS Scene Arrival Minutes,99,Unknown,99,Unknown EMS Hospital Arrival Time,0,None,0,None,0,None,1,0
2018,8,80318,Colorado,1,1,0,1,1,2,2,123,WELD (123),810,FIRESTONE,4,4,7,July,2018,4,Wednesday,21,9:00pm-9:59pm,13,13,0,This section IS NOT on the NHS,2,Urban,7,Local,4,City or Municipal Highway Agency,4,County Road,CR-20  PINE CONE AVE,,0,None,40.13128333,40.13128333,-104.934844400,-104.93484444,0,No Special Jurisdiction,8,Pedestrian,0,Not a Collision with Motor Vehicle In-Transport,0,No,8,Driveway Access Related,1,Not an Intersection,0,None,,,1,On Roadway,2,Dark - Not Lighted,98,Not Reported,0,No Additional Atmospheric Conditions,98,Not Reported,0,No,0000000,Not Applicable,21,9:00pm-9:59pm,14,14,99,Unknown EMS Scene Arrival Hour,99,Unknown EMS Scene Arrival Minutes,88,Not Applicable (Not Transported),88,Not Applicable (Not Transported),0,None,0,None,0,None,1,0
2018,8,80319,Colorado,1,1,0,0,0,4,4,123,WELD (123),1340,KERSEY,26,26,7,July,2018,5,Thursday,17,5:00pm-5:59pm,48,48,1,This section IS ON the NHS,1,Rural,3,Principal Arterial - Other,1,State Highway Agency,2,U.S. Highway,US-34,,1209,1209,40.38706667,40.38706667,-104.534994400,-104.53499444,0,No Special Jurisdiction,1,Rollover/Overturn,0,Not a Collision with Motor Vehicle In-Transport,0,No,1,Non-Junction,1,Not an Intersection,0,None,,,4,On Roadside,1,Daylight,98,Not Reported,0,No Additional Atmospheric Conditions,98,Not Reported,0,No,0000000,Not Applicable,17,5:00pm-5:59pm,48,48,99,Unknown EMS Scene Arrival Hour,99,Unknown EMS Scene Arrival Minutes,99,Unknown,99,Unknown EMS Hospital Arrival Time,0,None,0,None,0,None,1,0
2018,8,80320,Colorado,1,1,0,1,1,1,1,31,DENVER (31),600,DENVER,21,21,7,July,2018,7,Saturday,23,11:00pm-11:59pm,58,58,1,This section IS ON the NHS,2,Urban,1,Interstate,1,State Highway Agency,1,Interstate,I-25,,2120,2120,39.76022778,39.76022778,-105.005908300,-105.00590833,0,No Special Jurisdiction,8,Pedestrian,0,Not a Collision with Motor Vehicle In-Transport,1,Yes,18,Through Roadway,1,Not an Intersection,0,None,,,1,On Roadway,3,Dark - Lighted,1,Clear,0,No Additional Atmospheric Conditions,1,Clear,0,No,0000000,Not Applicable,23,11:00pm-11:59pm,58,58,0,0:00am-0:59am,6,6,88,Not Applicable (Not Transported),88,Not Applicable (Not Transported),0,None,0,None,0,None,1,0
2018,8,80321,Colorado,2,2,0,0,0,2,2,5,ARAPAHOE (5),740,ENGLEWOOD,11,11,7,July,2018,4,Wednesday,20,8:00pm-8:59pm,43,43,1,This section IS ON the NHS,2,Urban,3,Principal Arterial - Other,1,State Highway Agency,2,U.S. Highway,US-285  E JEFFERSON AVE,S LOGAN ST,2604,2604,39.65127222,39.65127222,-104.982911100,-104.98291111,0,No Special Jurisdiction,12,Motor Vehicle In-Transport,6,Angle,0,No,2,Intersection,2,Four-Way Intersection,0,None,,,1,On Roadway,3,Dark - Lighted,98,Not Reported,0,No Additional Atmospheric Conditions,98,Not Reported,0,No,0000000,Not Applicable,20,8:00pm-8:59pm,47,47,20,8:00pm-8:59pm,52,52,20,8:00pm-8:59pm,55,55,0,None,0,None,0,None,1,0
2018,8,80322,Colorado,1,1,0,0,0,1,1,41,EL PASO (41),430,COLORADO SPGS,17,17,7,July,2018,3,Tuesday,7,7:00am-7:59am,5,5,0,This section IS NOT on the NHS,2,Urban,3,Principal Arterial - Other,4,City or Municipal Highway Agency,6,Local Street - Municipality,S 8TH ST,,0,None,38.80658333,38.80658333,-104.840961100,-104.84096111,0,No Special Jurisdiction,33,Curb,0,Not a Collision with Motor Vehicle In-Transport,0,No,1,Non-Junction,1,Not an Intersection,0,None,,,4,On Roadside,1,Daylight,98,Not Reported,0,No Additional Atmospheric Conditions,98,Not Reported,0,No,0000000,Not Applicable,7,7:00am-7:59am,5,5,99,Unknown EMS Scene Arrival Hour,99,Unknown EMS Scene Arrival Minutes,88,Not Applicable (Not Transported),88,Not Applicable (Not Transported),0,None,0,None,0,None,1,0
2018,8,80323,Colorado,1,1,0,0,0,2,2,101,PUEBLO (101),0,NOT APPLICABLE,1,1,7,July,2018,1,Sunday,21,9:00pm-9:59pm,20,20,0,This section IS NOT on the NHS,1,Rural,4,Minor Arterial,1,State Highway Agency,3,State Highway,SR-96,,309,309,38.25140000,38.25140000,-105.024116700,-105.02411667,0,No Special Jurisdiction,11,Live Animal,0,Not a Collision with Motor Vehicle In-Transport,0,No,1,Non-Junction,1,Not an Intersection,0,None,,,1,On Roadway,2,Dark - Not Lighted,98,Not Reported,0,No Additional Atmospheric Conditions,98,Not Reported,0,No,0000000,Not Applicable,21,9:00pm-9:59pm,20,20,21,9:00pm-9:59pm,51,51,22,10:00pm-10:59pm,50,50,0,None,0,None,0,None,1,0
2018,8,80324,Colorado,2,2,0,0,0,3,3,101,PUEBLO (101),2050,PUEBLO,23,23,3,March,2018,6,Friday,9,9:00am-9:59am,6,6,1,This section IS ON the NHS,2,Urban,3,Principal Arterial - Other,1,State Highway Agency,3,State Highway,SR-45  W PUEBLO BLVD,LAKE AVE,4,4,38.21865556,38.21865556,-104.625155600,-104.62515556,0,No Special Jurisdiction,12,Motor Vehicle In-Transport,6,Angle,0,No,2,Intersection,2,Four-Way Intersection,0,None,,,1,On Roadway,1,Daylight,98,Not Reported,0,No Additional Atmospheric Conditions,98,Not Reported,0,No,0000000,Not Applicable,99,Unknown,99,Unknown,99,Unknown EMS Scene Arrival Hour,99,Unknown EMS Scene Arrival Minutes,99,Unknown,99,Unknown EMS Hospital Arrival Time,0,None,0,None,0,None,1,0
2018,8,80325,Colorado,2,2,0,0,0,3,3,69,LARIMER (69),150,BERTHOUD,6,6,4,April,2018,6,Friday,12,12:00pm-12:59pm,10,10,0,This section IS NOT on the NHS,2,Urban,5,Major Collector,4,City or Municipal Highway Agency,6,Local Street - Municipality,CR-10E,1ST ST,0,None,40.32706111,40.32706111,-105.074383300,-105.07438333,0,No Special Jurisdiction,12,Motor Vehicle In-Transport,6,Angle,0,No,2,Intersection,3,T-Intersection,0,None,,,1,On Roadway,1,Daylight,2,Rain,0,No Additional Atmospheric Conditions,2,Rain,0,No,0000000,Not Applicable,12,12:00pm-12:59pm,10,10,12,12:00pm-12:59pm,14,14,99,Unknown,99,Unknown EMS Hospital Arrival Time,0,None,0,None,0,None,1,0
2018,8,80326,Colorado,2,2,0,0,0,2,2,77,MESA (77),1040,GRAND JUNCTION,27,27,6,June,2018,4,Wednesday,14,2:00pm-2:59pm,26,26,0,This section IS NOT on the NHS,2,Urban,4,Minor Arterial,4,City or Municipal Highway Agency,6,Local Street - Municipality,PATTERSON RD,,0,None,39.09185000,39.09185000,-108.566413900,-108.56641389,0,No Special Jurisdiction,12,Motor Vehicle In-Transport,1,Front-to-Rear,0,No,8,Driveway Access Related,1,Not an Intersection,0,None,,,1,On Roadway,1,Daylight,98,Not Reported,0,No Additional Atmospheric Conditions,98,Not Reported,0,No,0000000,Not Applicable,14,2:00pm-2:59pm,29,29,14,2:00pm-2:59pm,33,33,14,2:00pm-2:59pm,42,42,0,None,0,None,0,None,1,0
2018,8,80327,Colorado,1,1,0,1,1,1,1,117,SUMMIT (117),220,BRECKENRIDGE,11,11,5,May,2018,6,Friday,12,12:00pm-12:59pm,51,51,0,This section IS NOT on the NHS,2,Urban,7,Local,4,City or Municipal Highway Agency,6,Local Street - Municipality,BRIDGE ST,,0,None,39.48268889,39.48268889,-106.023516700,-106.02351667,0,No Special Jurisdiction,9,Pedalcyclist,0,Not a Collision with Motor Vehicle In-Transport,0,No,1,Non-Junction,1,Not an Intersection,0,None,,,1,On Roadway,1,Daylight,98,Not Reported,0,No Additional Atmospheric Conditions,98,Not Reported,0,No,0000000,Not Applicable,99,Unknown,99,Unknown,99,Unknown EMS Scene Arrival Hour,99,Unknown EMS Scene Arrival Minutes,99,Unknown,99,Unknown EMS Hospital Arrival Time,16,Non-occupant struck vehicle,0,None,0,None,1,0
2018,8,80328,Colorado,2,2,0,0,0,4,4,1,ADAMS (1),1771,NORTHGLENN,1,1,8,August,2018,4,Wednesday,14,2:00pm-2:59pm,46,46,0,This section IS NOT on the NHS,2,Urban,4,Minor Arterial,4,City or Municipal Highway Agency,6,Local Street - Municipality,HURON ST,,0,None,39.90147778,39.90147778,-104.996691700,-104.99669167,0,No Special Jurisdiction,12,Motor Vehicle In-Transport,2,Front-to-Front,0,No,8,Driveway Access Related,1,Not an Intersection,0,None,,,1,On Roadway,1,Daylight,98,Not Reported,0,No Additional Atmospheric Conditions,98,Not Reported,0,No,0000000,Not Applicable,14,2:00pm-2:59pm,52,52,15,3:00pm-3:59pm,0,0,15,3:00pm-3:59pm,16,16,0,None,0,None,0,None,1,0
2018,8,80329,Colorado,1,1,0,0,0,1,1,111,SAN JUAN (111),0,NOT APPLICABLE,2,2,8,August,2018,5,Thursday,10,10:00am-10:59am,58,58,1,This section IS ON the NHS,1,Rural,3,Principal Arterial - Other,1,State Highway Agency,2,U.S. Highway,US-550,,632,632,37.73430556,37.73430556,-107.707027800,-107.70702778,0,No Special Jurisdiction,1,Rollover/Overturn,0,Not a Collision with Motor Vehicle In-Transport,0,No,1,Non-Junction,1,Not an Intersection,0,None,,,4,On Roadside,1,Daylight,98,Not Reported,0,No Additional Atmospheric Conditions,98,Not Reported,0,No,0000000,Not Applicable,99,Unknown,99,Unknown,99,Unknown EMS Scene Arrival Hour,99,Unknown EMS Scene Arrival Minutes,88,Not Applicable (Not Transported),88,Not Applicable (Not Transported),0,None,0,None,0,None,1,0
2018,8,80330,Colorado,2,2,0,0,0,2,2,121,WASHINGTON (121),0,NOT APPLICABLE,3,3,8,August,2018,6,Friday,12,12:00pm-12:59pm,30,30,0,This section IS NOT on the NHS,1,Rural,4,Minor Arterial,1,State Highway Agency,3,State Highway,SR-59,,605,605,39.57027778,39.57027778,-102.859638900,-102.85963889,0,No Special Jurisdiction,1,Rollover/Overturn,0,Not a Collision with Motor Vehicle In-Transport,0,No,1,Non-Junction,1,Not an Intersection,0,None,,,4,On Roadside,1,Daylight,98,Not Reported,0,No Additional Atmospheric Conditions,98,Not Reported,0,No,0000000,Not Applicable,99,Unknown,99,Unknown,99,Unknown EMS Scene Arrival Hour,99,Unknown EMS Scene Arrival Minutes,99,Unknown,99,Unknown EMS Hospital Arrival Time,0,None,0,None,0,None,1,0
2018,8,80331,Colorado,1,1,0,0,0,2,2,93,PARK (93),0,NOT APPLICABLE,4,4,8,August,2018,7,Saturday,17,5:00pm-5:59pm,10,10,0,This section IS NOT on the NHS,1,Rural,4,Minor Arterial,1,State Highway Agency,3,State Highway,SR-9,,298,298,38.82111111,38.82111111,-105.626388900,-105.62638889,0,No Special Jurisdiction,1,Rollover/Overturn,0,Not a Collision with Motor Vehicle In-Transport,0,No,1,Non-Junction,1,Not an Intersection,0,None,,,4,On Roadside,1,Daylight,98,Not Reported,0,No Additional Atmospheric Conditions,98,Not Reported,0,No,0000000,Not Applicable,17,5:00pm-5:59pm,17,17,17,5:00pm-5:59pm,34,34,99,Unknown,99,Unknown EMS Hospital Arrival Time,0,None,0,None,0,None,1,0
2018,8,80332,Colorado,1,1,0,1,1,1,1,5,ARAPAHOE (5),110,AURORA,6,6,8,August,2018,2,Monday,17,5:00pm-5:59pm,30,30,0,This section IS NOT on the NHS,2,Urban,5,Major Collector,4,City or Municipal Highway Agency,6,Local Street - Municipality,E MEXICO AVE,,0,None,39.68574167,39.68574167,-104.811027800,-104.81102778,0,No Special Jurisdiction,8,Pedestrian,0,Not a Collision with Motor Vehicle In-Transport,0,No,1,Non-Junction,1,Not an Intersection,0,None,,,1,On Roadway,1,Daylight,98,Not Reported,0,No Additional Atmospheric Conditions,98,Not Reported,0,No,0000000,Not Applicable,17,5:00pm-5:59pm,30,30,99,Unknown EMS Scene Arrival Hour,99,Unknown EMS Scene Arrival Minutes,99,Unknown,99,Unknown EMS Hospital Arrival Time,19,Recent/Previous Crash scene Nearby,0,None,0,None,1,1
2018,8,80333,Colorado,2,2,0,0,0,2,2,27,CUSTER (27),0,NOT APPLICABLE,7,7,8,August,2018,3,Tuesday,6,6:00am-6:59am,48,48,0,This section IS NOT on the NHS,1,Rural,4,Minor Arterial,1,State Highway Agency,3,State Highway,SR-69,CR-328,553,553,38.08694444,38.08694444,-105.454602800,-105.45460278,0,No Special Jurisdiction,12,Motor Vehicle In-Transport,6,Angle,0,No,2,Intersection,2,Four-Way Intersection,0,None,,,1,On Roadway,1,Daylight,98,Not Reported,0,No Additional Atmospheric Conditions,98,Not Reported,0,No,0000000,Not Applicable,6,6:00am-6:59am,50,50,7,7:00am-7:59am,10,10,9,9:00am-9:59am,0,0,0,None,0,None,0,None,1,0
2018,8,80334,Colorado,1,1,0,1,1,1,1,5,ARAPAHOE (5),110,AURORA,7,7,8,August,2018,3,Tuesday,12,12:00pm-12:59pm,13,13,1,This section IS ON the NHS,2,Urban,3,Principal Arterial - Other,4,City or Municipal Highway Agency,6,Local Street - Municipality,N PEORIA ST,,0,None,39.72648056,39.72648056,-104.847283300,-104.84728333,0,No Special Jurisdiction,8,Pedestrian,0,Not a Collision with Motor Vehicle In-Transport,0,No,1,Non-Junction,1,Not an Intersection,0,None,,,1,On Roadway,1,Daylight,98,Not Reported,0,No Additional Atmospheric Conditions,98,Not Reported,0,No,0000000,Not Applicable,12,12:00pm-12:59pm,13,13,12,12:00pm-12:59pm,14,14,12,12:00pm-12:59pm,23,23,0,None,0,None,0,None,1,0