caseyear,state,st_case,statename,ve_total,ve_forms,pvh_invl,peds,pernotmvit,permvit,persons,county,countyname,city,cityname,day,dayname,month,monthname,year,day_week,day_weekname,hour,hourname,minute,minutename,nhs,nhsname,rur_urb,rur_urbname,func_sys,func_sysname,rd_owner,rd_ownername,route,routename,tway_id,tway_id2,milept,mileptname,latitude,latitudename,longitud,longitudname,sp_jur,sp_jurname,harm_ev,harm_evname,man_coll,man_collname,reljct1,reljct1name,reljct2,reljct2name,typ_int,typ_intname,wrk_zone,wrk_zonename,road_fnc,road_fncname,rel_road,rel_roadname,lgt_cond,lgt_condname,weather1,weather1name,weather2,weather2name,weather,weathername,sch_bus,sch_busname,rail,railname,not_hour,not_hourname,not_min,not_minname,arr_hour,arr_hourname,arr_min,arr_minname,hosp_hr,hosp_hrname,hosp_mn,hosp_mnname,cf1,cf1name,cf2,cf2name,cf3,cf3name,fatals,drunk_dr
2018,8,80502,Colorado,2,2,0,0,0,2,2,123,WELD (123),0,NOT APPLICABLE,4,4,11,November,2018,1,Sunday,6,6:00am-6:59am,47,47,1,This section IS ON the NHS,1,Rural,3,Principal Arterial - Other,1,State Highway Agency,2,U.S. Highway,US-85,CR-42,2573,2573,40.28974167,40.28974167,-104.767500000,-104.767500000,0,No Special Jurisdiction,12,Motor Vehicle In-Transport,1,Front-to-Rear,0,No,3,Intersection-Related,2,Four-Way Intersection,0,None,,,1,On Roadway,1,Daylight,98,Not Reported,0,No Additional Atmospheric Conditions,98,Not Reported,0,No,0000000,Not Applicable,99,Unknown,99,Unknown,99,Unknown EMS Scene Arrival Hour,99,Unknown EMS Scene Arrival Minutes,99,Unknown,99,Unknown EMS Hospital Arrival Time,0,None,0,None,0,None,1,0
2018,8,80503,Colorado,1,1,0,0,0,1,1,31,DENVER (31),600,DENVER,4,4,11,November,2018,1,Sunday,21,9:00pm-9:59pm,49,49,1,This section IS ON the NHS,2,Urban,1,Interstate,1,State Highway Agency,1,Interstate,I-25,,2141,2141,39.78600000,39.78600000,-104.989663900,-104.98966389,0,No Special Jurisdiction,25,Concrete Traffic Barrier,0,Not a Collision with Motor Vehicle In-Transport,1,Yes,19,Other location within Interchange Area,1,Not an Intersection,0,None,,,8,Gore,3,Dark - Lighted,98,Not Reported,0,No Additional Atmospheric Conditions,98,Not Reported,0,No,0000000,Not Applicable,21,9:00pm-9:59pm,49,49,21,9:00pm-9:59pm,56,56,22,10:00pm-10:59pm,21,21,0,None,0,None,0,None,1,1
2018,8,80504,Colorado,1,1,0,1,1,1,1,41,EL PASO (41),430,COLORADO SPGS,5,5,11,November,2018,2,Monday,19,7:00pm-7:59pm,12,12,1,This section IS ON the NHS,2,Urban,3,Principal Arterial - Other,4,City or Municipal Highway Agency,6,Local Street - Municipality,S ACADEMY BLVD,ASTROZON BLVD,0,None,38.79628889,38.79628889,-104.757472200,-104.75747222,1,National Park Service,8,Pedestrian,0,Not a Collision with Motor Vehicle In-Transport,0,No,3,Intersection-Related,2,Four-Way Intersection,0,None,,,1,On Roadway,3,Dark - Lighted,98,Not Reported,0,No Additional Atmospheric Conditions,98,Not Reported,0,No,0000000,Not Applicable,19,7:00pm-7:59pm,13,13,19,7:00pm-7:59pm,19,19,19,7:00pm-7:59pm,30,30,0,None,0,None,0,None,1,0
2018,8,80505,Colorado,2,2,0,0,0,2,2,123,WELD (123),0,NOT APPLICABLE,7,7,11,November,2018,4,Wednesday,5,5:00am-5:59am,24,24,1,This section IS ON the NHS,1,Rural,3,Principal Arterial - Other,1,State Highway Agency,2,U.S. Highway,US-34,CR-87,1381,1381,40.29115556,40.29115556,-104.244725000,-104.244725000,0,No Special Jurisdiction,12,Motor Vehicle In-Transport,6,Angle,0,No,2,Intersection,2,Four-Way Intersection,0,None,,,1,On Roadway,2,Dark - Not Lighted,98,Not Reported,0,No Additional Atmospheric Conditions,98,Not Reported,0,No,0000000,Not Applicable,99,Unknown,99,Unknown,99,Unknown EMS Scene Arrival Hour,99,Unknown EMS Scene Arrival Minutes,99,Unknown,99,Unknown EMS Hospital Arrival Time,0,None,0,None,0,None,1,0
2018,8,80506,Colorado,2,2,0,0,0,2,2,69,LARIMER (69),860,FORT COLLINS,7,7,11,November,2018,4,Wednesday,19,7:00pm-7:59pm,8,8,1,This section IS ON the NHS,2,Urban,1,Interstate,1,State Highway Agency,1,Interstate,I-25,,2688,2688,40.57290278,40.57290278,-105.001175000,-105.001175000,0,No Special Jurisdiction,12,Motor Vehicle In-Transport,2,Front-to-Front,0,No,1,Non-Junction,1,Not an Intersection,0,None,,,1,On Roadway,3,Dark - Lighted,98,Not Reported,0,No Additional Atmospheric Conditions,98,Not Reported,0,No,0000000,Not Applicable,19,7:00pm-7:59pm,8,8,99,Unknown EMS Scene Arrival Hour,99,Unknown EMS Scene Arrival Minutes,88,Not Applicable (Not Transported),88,Not Applicable (Not Transported),20,Police Pursuit Involved,0,None,0,None,1,1
2018,8,80507,Colorado,2,2,0,0,0,4,4,1,ADAMS (1),110,AURORA,8,8,11,November,2018,5,Thursday,17,5:00pm-5:59pm,13,13,0,This section IS NOT on the NHS,2,Urban,5,Major Collector,4,City or Municipal Highway Agency,6,Local Street - Municipality,N SABLE BLVD,E MONTVIEW BLVD,0,None,39.74736111,39.74736111,-104.819394400,-104.81939444,0,No Special Jurisdiction,12,Motor Vehicle In-Transport,6,Angle,0,No,2,Intersection,2,Four-Way Intersection,0,None,,,1,On Roadway,3,Dark - Lighted,98,Not Reported,0,No Additional Atmospheric Conditions,98,Not Reported,0,No,0000000,Not Applicable,17,5:00pm-5:59pm,14,14,17,5:00pm-5:59pm,16,16,17,5:00pm-5:59pm,34,34,0,None,0,None,0,None,1,0
2018,8,80508,Colorado,1,1,0,0,0,1,1,5,ARAPAHOE (5),0,NOT APPLICABLE,9,9,11,November,2018,6,Friday,10,10:00am-10:59am,56,56,0,This section IS NOT on the NHS,1,Rural,5,Major Collector,2,County Highway Agency,4,County Road,CR-137  KIOWA-BENNET RD,,0,None,39.68630556,39.68630556,-104.415622200,-104.41562222,0,No Special Jurisdiction,1,Rollover/Overturn,0,Not a Collision with Motor Vehicle In-Transport,0,No,1,Non-Junction,1,Not an Intersection,0,None,,,4,On Roadside,1,Daylight,98,Not Reported,0,No Additional Atmospheric Conditions,98,Not Reported,0,No,0000000,Not Applicable,10,10:00am-10:59am,56,56,11,11:00am-11:59am,5,5,11,11:00am-11:59am,57,57,0,None,0,None,0,None,1,0
2018,8,80509,Colorado,1,1,0,0,0,2,2,85,MONTROSE (85),0,NOT APPLICABLE,9,9,11,November,2018,6,Friday,14,2:00pm-2:59pm,5,5,1,This section IS ON the NHS,2,Urban,3,Principal Arterial - Other,1,State Highway Agency,2,U.S. Highway,US-50,,960,960,38.48869722,38.48869722,-107.824288900,-107.82428889,0,No Special Jurisdiction,1,Rollover/Overturn,0,Not a Collision with Motor Vehicle In-Transport,0,No,1,Non-Junction,1,Not an Intersection,0,None,,,1,On Roadway,1,Daylight,98,Not Reported,0,No Additional Atmospheric Conditions,98,Not Reported,0,No,0000000,Not Applicable,99,Unknown,99,Unknown,99,Unknown EMS Scene Arrival Hour,99,Unknown EMS Scene Arrival Minutes,99,Unknown,99,Unknown EMS Hospital Arrival Time,0,None,0,None,0,None,1,0
2018,8,80510,Colorado,2,2,0,0,0,3,3,25,CROWLEY (25),0,NOT APPLICABLE,9,9,11,November,2018,6,Friday,16,4:00pm-4:59pm,44,44,0,This section IS NOT on the NHS,1,Rural,4,Minor Arterial,1,State Highway Agency,3,State Highway,SR-96,CR-13,1008,1008,38.19721111,38.19721111,-103.838822200,-103.83882222,0,No Special Jurisdiction,12,Motor Vehicle In-Transport,6,Angle,0,No,2,Intersection,2,Four-Way Intersection,0,None,,,1,On Roadway,1,Daylight,98,Not Reported,0,No Additional Atmospheric Conditions,98,Not Reported,0,No,0000000,Not Applicable,99,Unknown,99,Unknown,99,Unknown EMS Scene Arrival Hour,99,Unknown EMS Scene Arrival Minutes,99,Unknown,99,Unknown EMS Hospital Arrival Time,0,None,0,None,0,None,1,1
2018,8,80511,Colorado,1,1,0,1,1,1,1,59,JEFFERSON (59),1435,LAKEWOOD,8,8,11,November,2018,5,Thursday,18,6:00pm-6:59pm,42,42,1,This section IS ON the NHS,2,Urban,3,Principal Arterial - Other,1,State Highway Agency,3,State Highway,SR-121  WADSWORTH BLVD,,139,139,39.74505556,39.74505556,-105.081316700,-105.08131667,0,No Special Jurisdiction,8,Pedestrian,0,Not a Collision with Motor Vehicle In-Transport,0,No,1,Non-Junction,1,Not an Intersection,0,None,,,1,On Roadway,3,Dark - Lighted,98,Not Reported,0,No Additional Atmospheric Conditions,98,Not Reported,0,No,0000000,Not Applicable,18,6:00pm-6:59pm,42,42,99,Unknown EMS Scene Arrival Hour,99,Unknown EMS Scene Arrival Minutes,99,Unknown,99,Unknown EMS Hospital Arrival Time,0,None,0,None,0,None,1,0
2018,8,80512,Colorado,3,3,0,0,0,4,4,1,ADAMS (1),2550,WESTMINSTER,16,16,11,November,2018,6,Friday,17,5:00pm-5:59pm,5,5,0,This section IS NOT on the NHS,2,Urban,4,Minor Arterial,4,City or Municipal Highway Agency,6,Local Street - Municipality,W 112TH AVE,,0,None,39.89975000,39.89975000,-105.040763900,-105.04076389,0,No Special Jurisdiction,12,Motor Vehicle In-Transport,7,Sideswipe - Same Direction,0,No,8,Driveway Access Related,1,Not an Intersection,0,None,,,1,On Roadway,5,Dusk,98,Not Reported,0,No Additional Atmospheric Conditions,98,Not Reported,0,No,0000000,Not Applicable,17,5:00pm-5:59pm,5,5,17,5:00pm-5:59pm,8,8,88,Not Applicable (Not Transported),88,Not Applicable (Not Transported),14,"Motor Vehicle struck by falling cargo,or something that came loose from or something that was set in motion by a vehicle",0,None,0,None,1,1
2018,8,80513,Colorado,2,2,0,0,0,3,3,39,ELBERT (39),0,NOT APPLICABLE,17,17,11,November,2018,7,Saturday,17,5:00pm-5:59pm,50,50,1,This section IS ON the NHS,1,Rural,1,Interstate,1,State Highway Agency,1,Interstate,I-70,,3580,3580,39.27346667,39.27346667,-103.734533300,-103.73453333,0,No Special Jurisdiction,12,Motor Vehicle In-Transport,6,Angle,0,No,1,Non-Junction,1,Not an Intersection,0,None,,,1,On Roadway,2,Dark - Not Lighted,98,Not Reported,0,No Additional Atmospheric Conditions,98,Not Reported,0,No,0000000,Not Applicable,17,5:00pm-5:59pm,49,49,17,5:00pm-5:59pm,55,55,99,Unknown,99,Unknown EMS Hospital Arrival Time,0,None,0,None,0,None,1,0
2018,8,80514,Colorado,1,1,0,1,1,3,3,5,ARAPAHOE (5),0,NOT APPLICABLE,18,18,11,November,2018,1,Sunday,20,8:00pm-8:59pm,45,45,0,This section IS NOT on the NHS,2,Urban,5,Major Collector,2,County Highway Agency,4,County Road,CR-E HARVARD AVE,,0,None,39.67122222,39.67122222,-104.899688900,-104.89968889,0,No Special Jurisdiction,8,Pedestrian,0,Not a Collision with Motor Vehicle In-Transport,0,No,1,Non-Junction,1,Not an Intersection,0,None,,,1,On Roadway,2,Dark - Not Lighted,98,Not Reported,0,No Additional Atmospheric Conditions,98,Not Reported,0,No,0000000,Not Applicable,22,10:00pm-10:59pm,30,30,22,10:00pm-10:59pm,36,36,22,10:00pm-10:59pm,56,56,0,None,0,None,0,None,1,0
2018,8,80515,Colorado,1,1,0,0,0,1,1,7,ARCHULETA (7),0,NOT APPLICABLE,19,19,11,November,2018,2,Monday,0,0:00am-0:59am,35,35,1,This section IS ON the NHS,1,Rural,3,Principal Arterial - Other,1,State Highway Agency,2,U.S. Highway,US-160,,1345,1345,37.23969167,37.23969167,-107.139561100,-107.13956111,0,No Special Jurisdiction,31,"Post, Pole or Other Supports",0,Not a Collision with Motor Vehicle In-Transport,0,No,1,Non-Junction,1,Not an Intersection,0,None,,,4,On Roadside,2,Dark - Not Lighted,98,Not Reported,0,No Additional Atmospheric Conditions,98,Not Reported,0,No,0000000,Not Applicable,99,Unknown,99,Unknown,99,Unknown EMS Scene Arrival Hour,99,Unknown EMS Scene Arrival Minutes,88,Not Applicable (Not Transported),88,Not Applicable (Not Transported),0,None,0,None,0,None,1,1
2018,8,80516,Colorado,1,1,0,0,0,2,2,115,SEDGWICK (115),1310,JULESBURG,17,17,11,November,2018,7,Saturday,9,9:00am-9:59am,35,35,1,This section IS ON the NHS,1,Rural,3,Principal Arterial - Other,1,State Highway Agency,2,U.S. Highway,US-385,I-76 OFF RAMP,3092,3092,40.96799444,40.96799444,-102.247069400,-102.24706944,0,No Special Jurisdiction,21,Bridge Pier or Support,0,Not a Collision with Motor Vehicle In-Transport,1,Yes,3,Intersection-Related,2,Four-Way Intersection,0,None,,,4,On Roadside,1,Daylight,98,Not Reported,0,No Additional Atmospheric Conditions,98,Not Reported,0,No,0000000,Not Applicable,9,9:00am-9:59am,35,35,9,9:00am-9:59am,40,40,9,9:00am-9:59am,55,55,0,None,0,None,0,None,1,0
2018,8,80517,Colorado,1,1,0,1,1,1,1,59,JEFFERSON (59),1435,LAKEWOOD,15,15,11,November,2018,5,Thursday,19,7:00pm-7:59pm,23,23,1,This section IS ON the NHS,2,Urban,3,Principal Arterial - Other,4,City or Municipal Highway Agency,6,Local Street - Municipality,UNION BLVD,W 2ND PL,0,None,39.71786111,39.71786111,-105.132661100,-105.13266111,0,No Special Jurisdiction,8,Pedestrian,0,Not a Collision with Motor Vehicle In-Transport,0,No,3,Intersection-Related,2,Four-Way Intersection,0,None,,,1,On Roadway,3,Dark - Lighted,98,Not Reported,0,No Additional Atmospheric Conditions,98,Not Reported,0,No,0000000,Not Applicable,19,7:00pm-7:59pm,25,25,19,7:00pm-7:59pm,29,29,19,7:00pm-7:59pm,38,38,0,None,0,None,0,None,1,0
2018,8,80518,Colorado,1,1,0,0,0,1,1,29,DELTA (29),0,NOT APPLICABLE,14,14,11,November,2018,4,Wednesday,14,2:00pm-2:59pm,15,15,1,This section IS ON the NHS,1,Rural,3,Principal Arterial - Other,1,State Highway Agency,2,U.S. Highway,US-50,,539,539,38.84180556,38.84180556,-108.298277800,-108.29827778,0,No Special Jurisdiction,31,"Post, Pole or Other Supports",0,Not a Collision with Motor Vehicle In-Transport,0,No,1,Non-Junction,1,Not an Intersection,0,None,,,3,On Median,1,Daylight,98,Not Reported,0,No Additional Atmospheric Conditions,98,Not Reported,0,No,0000000,Not Applicable,99,Unknown,99,Unknown,99,Unknown EMS Scene Arrival Hour,99,Unknown EMS Scene Arrival Minutes,88,Not Applicable (Not Transported),88,Not Applicable (Not Transported),0,None,0,None,0,None,1,0
2018,8,80519,Colorado,1,1,0,0,0,1,1,1,ADAMS (1),0,NOT APPLICABLE,16,16,11,November,2018,6,Friday,6,6:00am-6:59am,29,29,0,This section IS NOT on the NHS,2,Urban,4,Minor Arterial,2,County Highway Agency,4,County Road,CR-CHAMBERS RD,CR E 56TH AVE,0,None,39.79838889,39.79838889,-104.809533300,-104.80953333,0,No Special Jurisdiction,59,Traffic Sign Support,0,Not a Collision with Motor Vehicle In-Transport,0,No,3,Intersection-Related,3,T-Intersection,0,None,,,4,On Roadside,3,Dark - Lighted,98,Not Reported,0,No Additional Atmospheric Conditions,98,Not Reported,0,No,0000000,Not Applicable,99,Unknown,99,Unknown,99,Unknown EMS Scene Arrival Hour,99,Unknown EMS Scene Arrival Minutes,88,Not Applicable (Not Transported),88,Not Applicable (Not Transported),0,None,0,None,0,None,1,0
2018,8,80520,Colorado,1,1,0,0,0,2,2,5,ARAPAHOE (5),0,NOT APPLICABLE,17,17,11,November,2018,7,Saturday,13,1:00pm-1:59pm,15,15,0,This section IS NOT on the NHS,1,Rural,4,Minor Arterial,1,State Highway Agency,2,U.S. Highway,US-36,,1216,1216,39.73391667,39.73391667,-103.855041700,-103.85504167,0,No Special Jurisdiction,1,Rollover/Overturn,0,Not a Collision with Motor Vehicle In-Transport,0,No,1,Non-Junction,1,Not an Intersection,0,None,,,4,On Roadside,1,Daylight,98,Not Reported,0,No Additional Atmospheric Conditions,98,Not Reported,0,No,0000000,Not Applicable,13,1:00pm-1:59pm,27,27,13,1:00pm-1:59pm,52,52,15,3:00pm-3:59pm,28,28,0,None,0,None,0,None,1,0
2018,8,80521,Colorado,2,2,0,0,0,2,2,1,ADAMS (1),1771,NORTHGLENN,17,17,11,November,2018,7,Saturday,8,8:00am-8:59am,13,13,1,This section IS ON the NHS,2,Urban,3,Principal Arterial - Other,4,City or Municipal Highway Agency,6,Local Street - Municipality,W 104TH AVE,QUIVAS ST,0,None,39.88531667,39.88531667,-105.007500000,-105.007500000,0,No Special Jurisdiction,12,Motor Vehicle In-Transport,6,Angle,0,No,2,Intersection,2,Four-Way Intersection,0,None,,,1,On Roadway,1,Daylight,98,Not Reported,0,No Additional Atmospheric Conditions,98,Not Reported,0,No,0000000,Not Applicable,8,8:00am-8:59am,14,14,8,8:00am-8:59am,16,16,8,8:00am-8:59am,34,34,0,None,0,None,0,None,1,0
2018,8,80522,Colorado,1,1,0,1,1,1,1,1,ADAMS (1),0,NOT APPLICABLE,20,20,11,November,2018,3,Tuesday,18,6:00pm-6:59pm,50,50,1,This section IS ON the NHS,2,Urban,1,Interstate,1,State Highway Agency,1,Interstate,I-76,,103,103,39.85599444,39.85599444,-104.914616700,-104.91461667,0,No Special Jurisdiction,8,Pedestrian,0,Not a Collision with Motor Vehicle In-Transport,1,Yes,18,Through Roadway,1,Not an Intersection,0,None,,,1,On Roadway,3,Dark - Lighted,98,Not Reported,0,No Additional Atmospheric Conditions,98,Not Reported,0,No,0000000,Not Applicable,99,Unknown,99,Unknown,99,Unknown EMS Scene Arrival Hour,99,Unknown EMS Scene Arrival Minutes,88,Not Applicable (Not Transported),88,Not Applicable (Not Transported),0,None,0,None,0,None,1,0
2018,8,80523,Colorado,1,1,0,3,3,1,1,31,DENVER (31),600,DENVER,22,22,11,November,2018,5,Thursday,20,8:00pm-8:59pm,12,12,1,This section IS ON the NHS,2,Urban,3,Principal Arterial - Other,4,City or Municipal Highway Agency,6,Local Street - Municipality,N QUEBEC ST,E MLK BLVD,0,None,39.76203889,39.76203889,-104.902758300,-104.90275833,0,No Special Jurisdiction,8,Pedestrian,0,Not a Collision with Motor Vehicle In-Transport,0,No,3,Intersection-Related,2,Four-Way Intersection,0,None,,,1,On Roadway,3,Dark - Lighted,98,Not Reported,0,No Additional Atmospheric Conditions,98,Not Reported,0,No,0000000,Not Applicable,20,8:00pm-8:59pm,12,12,20,8:00pm-8:59pm,16,16,20,8:00pm-8:59pm,41,41,0,None,0,None,0,None,1,0
2018,8,80524,Colorado,2,2,0,0,0,3,3,31,DENVER (31),600,DENVER,24,24,11,November,2018,7,Saturday,2,2:00am-2:59am,46,46,1,This section IS ON the NHS,2,Urban,2,Principal Arterial - Other Freeways and Expressways,1,State Highway Agency,2,U.S. Highway,US-85  S SANTA FE DR,,2082,2082,39.67144444,39.67144444,-104.995025000,-104.995025000,0,No Special Jurisdiction,12,Motor Vehicle In-Transport,6,Angle,0,No,1,Non-Junction,1,Not an Intersection,0,None,,,1,On Roadway,3,Dark - Lighted,1,Clear,0,No Additional Atmospheric Conditions,1,Clear,0,No,0000000,Not Applicable,2,2:00am-2:59am,47,47,2,2:00am-2:59am,55,55,3,3:00am-3:59am,13,13,0,None,0,None,0,None,1,1
2018,8,80525,Colorado,1,1,0,1,1,2,2,31,DENVER (31),600,DENVER,24,24,11,November,2018,7,Saturday,20,8:00pm-8:59pm,33,33,1,This section IS ON the NHS,2,Urban,2,Principal Arterial - Other Freeways and Expressways,1,State Highway Agency,2,U.S. Highway,US-285,,2567,2567,39.65323611,39.65323611,-105.050458300,-105.05045833,0,No Special Jurisdiction,9,Pedalcyclist,0,Not a Collision with Motor Vehicle In-Transport,1,Yes,18,Through Roadway,1,Not an Intersection,0,None,,,1,On Roadway,3,Dark - Lighted,98,Not Reported,0,No Additional Atmospheric Conditions,98,Not Reported,0,No,0000000,Not Applicable,20,8:00pm-8:59pm,34,34,20,8:00pm-8:59pm,39,39,88,Not Applicable (Not Transported),88,Not Applicable (Not Transported),0,None,0,None,0,None,1,0
2018,8,80526,Colorado,2,2,0,0,0,4,4,123,WELD (123),1220,HUDSON,11,11,11,November,2018,1,Sunday,21,9:00pm-9:59pm,58,58,1,This section IS ON the NHS,1,Rural,1,Interstate,1,State Highway Agency,1,Interstate,I-76,,334,334,40.09125833,40.09125833,-104.617719400,-104.61771944,0,No Special Jurisdiction,12,Motor Vehicle In-Transport,1,Front-to-Rear,0,No,1,Non-Junction,1,Not an Intersection,0,None,,,1,On Roadway,2,Dark - Not Lighted,98,Not Reported,0,No Additional Atmospheric Conditions,98,Not Reported,0,No,0000000,Not Applicable,22,10:00pm-10:59pm,2,2,22,10:00pm-10:59pm,16,16,23,11:00pm-11:59pm,4,4,19,Recent/Previous Crash scene Nearby,27,Backup Due to Prior Crash,0,None,2,0
2018,8,80527,Colorado,4,4,0,0,0,6,6,69,LARIMER (69),860,FORT COLLINS,22,22,11,November,2018,5,Thursday,10,10:00am-10:59am,14,14,0,This section IS NOT on the NHS,2,Urban,4,Minor Arterial,4,City or Municipal Highway Agency,6,Local Street - Municipality,HARMONY RD,BOARDWALK DR,0,None,40.52371389,40.52371389,-105.064927800,-105.06492778,0,No Special Jurisdiction,12,Motor Vehicle In-Transport,1,Front-to-Rear,0,No,3,Intersection-Related,2,Four-Way Intersection,0,None,,,1,On Roadway,1,Daylight,98,Not Reported,0,No Additional Atmospheric Conditions,98,Not Reported,0,No,0000000,Not Applicable,10,10:00am-10:59am,14,14,10,10:00am-10:59am,15,15,99,Unknown,99,Unknown EMS Hospital Arrival Time,20,Police Pursuit Involved,0,None,0,None,2,0
2018,8,80528,Colorado,1,1,0,0,0,1,1,101,PUEBLO (101),2050,PUEBLO,4,4,11,November,2018,1,Sunday,23,11:00pm-11:59pm,22,22,1,This section IS ON the NHS,2,Urban,3,Principal Arterial - Other,1,State Highway Agency,3,State Highway,SR-96  THATCHER AVE,VETA AVE,541,541,38.25874444,38.25874444,-104.637097200,-104.63709722,0,No Special Jurisdiction,33,Curb,0,Not a Collision with Motor Vehicle In-Transport,0,No,3,Intersection-Related,2,Four-Way Intersection,0,None,,,4,On Roadside,3,Dark - Lighted,98,Not Reported,0,No Additional Atmospheric Conditions,98,Not Reported,0,No,0000000,Not Applicable,23,11:00pm-11:59pm,22,22,23,11:00pm-11:59pm,23,23,88,Not Applicable (Not Transported),88,Not Applicable (Not Transported),0,None,0,None,0,None,1,1
2018,8,80529,Colorado,2,2,0,0,0,2,2,123,WELD (123),9997,Other,30,30,11,November,2018,6,Friday,19,7:00pm-7:59pm,37,37,0,This section IS NOT on the NHS,2,Urban,7,Local,4,City or Municipal Highway Agency,6,Local Street - Municipality,CR-4,CR-27,0,None,40.01492778,40.01492778,-104.812169400,-104.81216944,0,No Special Jurisdiction,12,Motor Vehicle In-Transport,6,Angle,0,No,2,Intersection,2,Four-Way Intersection,0,None,,,1,On Roadway,2,Dark - Not Lighted,98,Not Reported,0,No Additional Atmospheric Conditions,98,Not Reported,0,No,0000000,Not Applicable,19,7:00pm-7:59pm,37,37,19,7:00pm-7:59pm,53,53,20,8:00pm-8:59pm,53,53,0,None,0,None,0,None,1,0
2018,8,80530,Colorado,1,1,0,0,0,2,2,123,WELD (123),1990,PLATTEVILLE,20,20,11,November,2018,3,Tuesday,5,5:00am-5:59am,52,52,0,This section IS NOT on the NHS,1,Rural,7,Local,3,Town or Township Highway Agency,5,Local Street - Township,CR-34,,0,None,40.23185000,40.23185000,-104.820038900,-104.82003889,0,No Special Jurisdiction,10,Railway Vehicle,0,Not a Collision with Motor Vehicle In-Transport,0,No,6,Railway Grade Crossing,1,Not an Intersection,0,None,,,1,On Roadway,2,Dark - Not Lighted,1,Clear,0,No Additional Atmospheric Conditions,1,Clear,0,No,804342X,804342X,5,5:00am-5:59am,53,53,5,5:00am-5:59am,56,56,88,Not Applicable (Not Transported),88,Not Applicable (Not Transported),0,None,0,None,0,None,2,0
2018,8,80531,Colorado,2,2,0,0,0,3,3,13,BOULDER (13),1530,LONGMONT,30,30,11,November,2018,6,Friday,11,11:00am-11:59am,43,43,0,This section IS NOT on the NHS,2,Urban,7,Local,4,City or Municipal Highway Agency,6,Local Street - Municipality,BENT WAY,,0,None,40.15022222,40.15022222,-105.132161100,-105.13216111,0,No Special Jurisdiction,12,Motor Vehicle In-Transport,7,Sideswipe - Same Direction,0,No,8,Driveway Access Related,1,Not an Intersection,0,None,,,1,On Roadway,1,Daylight,98,Not Reported,0,No Additional Atmospheric Conditions,98,Not Reported,0,No,0000000,Not Applicable,11,11:00am-11:59am,44,44,11,11:00am-11:59am,49,49,12,12:00pm-12:59pm,20,20,0,None,0,None,0,None,1,0
2018,8,80532,Colorado,2,2,0,0,0,2,2,1,ADAMS (1),2550,WESTMINSTER,14,14,11,November,2018,4,Wednesday,18,6:00pm-6:59pm,15,15,0,This section IS NOT on the NHS,2,Urban,4,Minor Arterial,4,City or Municipal Highway Agency,6,Local Street - Municipality,W 112TH AVE,WOLFF ST,0,None,39.89982222,39.89982222,-105.049011100,-105.04901111,0,No Special Jurisdiction,12,Motor Vehicle In-Transport,6,Angle,0,No,2,Intersection,3,T-Intersection,0,None,,,1,On Roadway,3,Dark - Lighted,98,Not Reported,0,No Additional Atmospheric Conditions,98,Not Reported,0,No,0000000,Not Applicable,18,6:00pm-6:59pm,15,15,18,6:00pm-6:59pm,20,20,88,Not Applicable (Not Transported),88,Not Applicable (Not Transported),0,None,0,None,0,None,1,0
2018,8,80533,Colorado,1,1,0,0,0,3,3,81,MOFFAT (81),0,NOT APPLICABLE,18,18,11,November,2018,1,Sunday,9,9:00am-9:59am,0,0,1,This section IS ON the NHS,1,Rural,3,Principal Arterial - Other,1,State Highway Agency,2,U.S. Highway,US-40,,449,449,40.41388889,40.41388889,-108.335638900,-108.33563889,0,No Special Jurisdiction,1,Rollover/Overturn,0,Not a Collision with Motor Vehicle In-Transport,0,No,1,Non-Junction,1,Not an Intersection,0,None,,,4,On Roadside,1,Daylight,1,Clear,0,No Additional Atmospheric Conditions,1,Clear,0,No,0000000,Not Applicable,99,Unknown,99,Unknown,99,Unknown EMS Scene Arrival Hour,99,Unknown EMS Scene Arrival Minutes,99,Unknown,99,Unknown EMS Hospital Arrival Time,0,None,0,None,0,None,1,0
2018,8,80534,Colorado,2,2,0,0,0,2,2,29,DELTA (29),590,DELTA,26,26,11,November,2018,2,Monday,22,10:00pm-10:59pm,40,40,1,This section IS ON the NHS,2,Urban,3,Principal Arterial - Other,1,State Highway Agency,2,U.S. Highway,US-50,,690,690,38.76270000,38.76270000,-108.086388900,-108.08638889,0,No Special Jurisdiction,12,Motor Vehicle In-Transport,2,Front-to-Front,0,No,1,Non-Junction,1,Not an Intersection,0,None,,,1,On Roadway,3,Dark - Lighted,98,Not Reported,0,No Additional Atmospheric Conditions,98,Not Reported,0,No,0000000,Not Applicable,22,10:00pm-10:59pm,41,41,22,10:00pm-10:59pm,41,41,88,Not Applicable (Not Transported),88,Not Applicable (Not Transported),0,None,0,None,0,None,1,0