caseyear,state,st_case,statename,ve_total,ve_forms,pvh_invl,peds,pernotmvit,permvit,persons,county,countyname,city,cityname,day,dayname,month,monthname,year,day_week,day_weekname,hour,hourname,minute,minutename,nhs,nhsname,rur_urb,rur_urbname,func_sys,func_sysname,rd_owner,rd_ownername,route,routename,tway_id,tway_id2,milept,mileptname,latitude,latitudename,longitud,longitudname,sp_jur,sp_jurname,harm_ev,harm_evname,man_coll,man_collname,reljct1,reljct1name,reljct2,reljct2name,typ_int,typ_intname,wrk_zone,wrk_zonename,road_fnc,road_fncname,rel_road,rel_roadname,lgt_cond,lgt_condname,weather1,weather1name,weather2,weather2name,weather,weathername,sch_bus,sch_busname,rail,railname,not_hour,not_hourname,not_min,not_minname,arr_hour,arr_hourname,arr_min,arr_minname,hosp_hr,hosp_hrname,hosp_mn,hosp_mnname,cf1,cf1name,cf2,cf2name,cf3,cf3name,fatals,drunk_dr
2019,8,80073,Colorado,2,2,0,0,0,2,2,93,PARK (93),0,NOT APPLICABLE,18,18,3,March,2019,2,Monday,7,7:00am-7:59am,47,47,1,This section IS ON the NHS,1,Rural,3,Principal Arterial - Other,1,State Highway Agency,2,U.S. Highway,US-285,,1859,1859,39.25408611,39.25408611,-105.963388900,-105.96338889,0,No Special Jurisdiction,12,Motor Vehicle In-Transport,6,Angle,0,No,1,Non-Junction,1,Not an Intersection,0,None,,,1,On Roadway,1,Daylight,98,Not Reported,0,No Additional Atmospheric Conditions,98,Not Reported,0,No,0000000,Not Applicable,99,Unknown,99,Unknown,99,Unknown EMS Scene Arrival Hour,99,Unknown EMS Scene Arrival Minutes,99,Unknown,99,Unknown EMS Hospital Arrival Time,0,None,0,None,0,None,1,0
2019,8,80074,Colorado,2,2,0,0,0,2,2,123,WELD (123),0,NOT APPLICABLE,25,25,3,March,2019,2,Monday,6,6:00am-6:59am,58,58,1,This section IS ON the NHS,1,Rural,3,Principal Arterial - Other,1,State Highway Agency,2,U.S. Highway,US-85,,2955,2955,40.80222222,40.80222222,-104.791230600,-104.79123056,0,No Special Jurisdiction,12,Motor Vehicle In-Transport,2,Front-to-Front,0,No,1,Non-Junction,1,Not an Intersection,0,None,,,1,On Roadway,1,Daylight,98,Not Reported,0,No Additional Atmospheric Conditions,98,Not Reported,0,No,0000000,Not Applicable,7,7:00am-7:59am,0,0,99,Unknown EMS Scene Arrival Hour,99,Unknown EMS Scene Arrival Minutes,88,Not Applicable (Not Transported),88,Not Applicable (Not Transported),0,None,0,None,0,None,2,0
2019,8,80075,Colorado,2,2,0,0,0,3,3,101,PUEBLO (101),0,NOT APPLICABLE,25,25,3,March,2019,2,Monday,15,3:00pm-3:59pm,2,2,1,This section IS ON the NHS,1,Rural,3,Principal Arterial - Other,1,State Highway Agency,2,U.S. Highway,US-50,,3385,3385,38.19848611,38.19848611,-104.228944400,-104.22894444,0,No Special Jurisdiction,12,Motor Vehicle In-Transport,8,Sideswipe - Opposite Direction,0,No,1,Non-Junction,1,Not an Intersection,0,None,,,1,On Roadway,1,Daylight,1,Clear,0,No Additional Atmospheric Conditions,1,Clear,0,No,0000000,Not Applicable,99,Unknown,99,Unknown,99,Unknown EMS Scene Arrival Hour,99,Unknown EMS Scene Arrival Minutes,99,Unknown,99,Unknown EMS Hospital Arrival Time,0,None,0,None,0,None,1,0
2019,8,80076,Colorado,1,1,0,0,0,1,1,13,BOULDER (13),0,NOT APPLICABLE,25,25,3,March,2019,2,Monday,19,7:00pm-7:59pm,20,20,1,This section IS ON the NHS,1,Rural,3,Principal Arterial - Other,1,State Highway Agency,2,U.S. Highway,US-36,,157,157,40.23873333,40.23873333,-105.320816700,-105.32081667,0,No Special Jurisdiction,1,Rollover/Overturn,0,The First Harmful Event was Not a Collision with a Motor Vehicle in Transport,0,No,1,Non-Junction,1,Not an Intersection,0,None,,,4,On Roadside,5,Dusk,98,Not Reported,0,No Additional Atmospheric Conditions,98,Not Reported,0,No,0000000,Not Applicable,99,Unknown,99,Unknown,99,Unknown EMS Scene Arrival Hour,99,Unknown EMS Scene Arrival Minutes,88,Not Applicable (Not Transported),88,Not Applicable (Not Transported),0,None,0,None,0,None,1,1
2019,8,80077,Colorado,2,2,0,0,0,2,2,63,KIT CARSON (63),0,NOT APPLICABLE,26,26,3,March,2019,3,Tuesday,11,11:00am-11:59am,50,50,0,This section IS NOT on the NHS,1,Rural,7,Local,2,County Highway Agency,4,County Road,CR-42,CR-W,0,None,39.31558333,39.31558333,-102.390455600,-102.39045556,0,No Special Jurisdiction,12,Motor Vehicle In-Transport,6,Angle,0,No,2,Intersection,2,Four-Way Intersection,0,None,,,1,On Roadway,1,Daylight,98,Not Reported,0,No Additional Atmospheric Conditions,98,Not Reported,0,No,0000000,Not Applicable,11,11:00am-11:59am,52,52,12,12:00pm-12:59pm,0,0,12,12:00pm-12:59pm,20,20,0,None,0,None,0,None,1,0
2019,8,80078,Colorado,2,2,0,0,0,3,3,1,ADAMS (1),0,NOT APPLICABLE,28,28,3,March,2019,5,Thursday,7,7:00am-7:59am,49,49,0,This section IS NOT on the NHS,1,Rural,5,Major Collector,1,State Highway Agency,3,State Highway,SR-79,CR-E 88TH AVE,88,88,39.85416667,39.85416667,-104.414022200,-104.41402222,0,No Special Jurisdiction,12,Motor Vehicle In-Transport,6,Angle,0,No,2,Intersection,2,Four-Way Intersection,0,None,,,1,On Roadway,1,Daylight,98,Not Reported,0,No Additional Atmospheric Conditions,98,Not Reported,0,No,0000000,Not Applicable,7,7:00am-7:59am,53,53,8,8:00am-8:59am,3,3,8,8:00am-8:59am,56,56,0,None,0,None,0,None,1,0
2019,8,80079,Colorado,1,1,0,0,0,1,1,9,BACA (9),0,NOT APPLICABLE,30,30,3,March,2019,7,Saturday,8,8:00am-8:59am,10,10,0,This section IS NOT on the NHS,1,Rural,4,Minor Arterial,1,State Highway Agency,2,U.S. Highway,US-160,CR-51,4909,4909,37.43293056,37.43293056,-102.146619400,-102.14661944,0,No Special Jurisdiction,35,Embankment,0,The First Harmful Event was Not a Collision with a Motor Vehicle in Transport,0,No,3,Intersection-Related,2,Four-Way Intersection,0,None,,,4,On Roadside,1,Daylight,98,Not Reported,0,No Additional Atmospheric Conditions,98,Not Reported,0,No,0000000,Not Applicable,8,8:00am-8:59am,10,10,8,8:00am-8:59am,21,21,88,Not Applicable (Not Transported),88,Not Applicable (Not Transported),0,None,0,None,0,None,1,0
2019,8,80080,Colorado,1,1,0,0,0,1,1,41,EL PASO (41),0,NOT APPLICABLE,31,31,3,March,2019,1,Sunday,1,1:00am-1:59am,47,47,1,This section IS ON the NHS,2,Urban,1,Interstate,1,State Highway Agency,1,Interstate,I-25,,1563,1563,39.03131389,39.03131389,-104.836305600,-104.83630556,0,No Special Jurisdiction,52,Guardrail End,0,The First Harmful Event was Not a Collision with a Motor Vehicle in Transport,0,No,1,Non-Junction,1,Not an Intersection,0,None,,,3,On Median,3,Dark - Lighted,98,Not Reported,0,No Additional Atmospheric Conditions,98,Not Reported,0,No,0000000,Not Applicable,99,Unknown,99,Unknown,99,Unknown EMS Scene Arrival Hour,99,Unknown EMS Scene Arrival Minutes,99,Unknown,99,Unknown EMS Hospital Arrival Time,0,None,0,None,0,None,1,1
2019,8,80081,Colorado,1,1,0,0,0,1,1,93,PARK (93),0,NOT APPLICABLE,31,31,3,March,2019,1,Sunday,14,2:00pm-2:59pm,15,15,1,This section IS ON the NHS,1,Rural,3,Principal Arterial - Other,1,State Highway Agency,2,U.S. Highway,US-285,,2269,2269,39.45269444,39.45269444,-105.428194400,-105.42819444,0,No Special Jurisdiction,31,"Post, Pole or Other Supports",0,The First Harmful Event was Not a Collision with a Motor Vehicle in Transport,0,No,1,Non-Junction,1,Not an Intersection,0,None,,,4,On Roadside,1,Daylight,98,Not Reported,0,No Additional Atmospheric Conditions,98,Not Reported,0,No,0000000,Not Applicable,99,Unknown,99,Unknown,99,Unknown EMS Scene Arrival Hour,99,Unknown EMS Scene Arrival Minutes,88,Not Applicable (Not Transported),88,Not Applicable (Not Transported),0,None,0,None,0,None,1,0
2019,8,80082,Colorado,3,3,0,0,0,7,7,13,BOULDER (13),0,NOT APPLICABLE,31,31,3,March,2019,1,Sunday,17,5:00pm-5:59pm,52,52,1,This section IS ON the NHS,1,Rural,3,Principal Arterial - Other,1,State Highway Agency,2,U.S. Highway,US-36,,159,159,40.23950556,40.23950556,-105.316566700,-105.31656667,0,No Special Jurisdiction,12,Motor Vehicle In-Transport,8,Sideswipe - Opposite Direction,0,No,1,Non-Junction,1,Not an Intersection,0,None,,,1,On Roadway,1,Daylight,98,Not Reported,0,No Additional Atmospheric Conditions,98,Not Reported,0,No,0000000,Not Applicable,99,Unknown,99,Unknown,99,Unknown EMS Scene Arrival Hour,99,Unknown EMS Scene Arrival Minutes,99,Unknown,99,Unknown EMS Hospital Arrival Time,0,None,0,None,0,None,1,1
2019,8,80083,Colorado,1,1,0,1,1,1,1,101,PUEBLO (101),2050,PUEBLO,22,22,3,March,2019,6,Friday,21,9:00pm-9:59pm,4,4,1,This section IS ON the NHS,2,Urban,3,Principal Arterial - Other,1,State Highway Agency,2,U.S. Highway,US-50,CLUB MANOR DR,3142,3142,38.30803056,38.30803056,-104.620325000,-104.620325000,0,No Special Jurisdiction,8,Pedestrian,0,The First Harmful Event was Not a Collision with a Motor Vehicle in Transport,0,No,3,Intersection-Related,2,Four-Way Intersection,0,None,,,1,On Roadway,3,Dark - Lighted,98,Not Reported,0,No Additional Atmospheric Conditions,98,Not Reported,0,No,0000000,Not Applicable,21,9:00pm-9:59pm,5,5,21,9:00pm-9:59pm,8,8,21,9:00pm-9:59pm,18,18,0,None,0,None,0,None,1,0
2019,8,80084,Colorado,1,1,0,1,1,1,1,59,JEFFERSON (59),1435,LAKEWOOD,25,25,3,March,2019,2,Monday,18,6:00pm-6:59pm,32,32,1,This section IS ON the NHS,2,Urban,3,Principal Arterial - Other,1,State Highway Agency,3,State Highway,SR-121  WADSWORTH BLVD,W 14TH AVE,135,135,39.73833611,39.73833611,-105.081488900,-105.08148889,0,No Special Jurisdiction,9,Pedalcyclist,0,The First Harmful Event was Not a Collision with a Motor Vehicle in Transport,0,No,3,Intersection-Related,2,Four-Way Intersection,0,None,,,1,On Roadway,1,Daylight,98,Not Reported,0,No Additional Atmospheric Conditions,98,Not Reported,0,No,0000000,Not Applicable,18,6:00pm-6:59pm,31,31,18,6:00pm-6:59pm,33,33,18,6:00pm-6:59pm,56,56,0,None,0,None,0,None,1,0
2019,8,80085,Colorado,1,1,0,0,0,1,1,59,JEFFERSON (59),1435,LAKEWOOD,26,26,3,March,2019,3,Tuesday,7,7:00am-7:59am,14,14,0,This section IS NOT on the NHS,2,Urban,4,Minor Arterial,4,City or Municipal Highway Agency,6,Local Street - Municipality,W QUINCY AVE,S ZEPHYR ST,0,None,39.63869444,39.63869444,-105.084261100,-105.08426111,0,No Special Jurisdiction,33,Curb,0,The First Harmful Event was Not a Collision with a Motor Vehicle in Transport,0,No,3,Intersection-Related,2,Four-Way Intersection,0,None,,,3,On Median,1,Daylight,98,Not Reported,0,No Additional Atmospheric Conditions,98,Not Reported,0,No,0000000,Not Applicable,7,7:00am-7:59am,14,14,7,7:00am-7:59am,20,20,99,Unknown,99,Unknown EMS Hospital Arrival Time,0,None,0,None,0,None,1,0
2019,8,80086,Colorado,1,1,0,0,0,1,1,69,LARIMER (69),860,FORT COLLINS,30,30,3,March,2019,7,Saturday,2,2:00am-2:59am,2,2,1,This section IS ON the NHS,2,Urban,3,Principal Arterial - Other,1,State Highway Agency,2,U.S. Highway,US-287  S COLLEGE DR,,3995,3995,40.48560000,40.48560000,-105.077427800,-105.07742778,0,No Special Jurisdiction,59,Traffic Sign Support,0,The First Harmful Event was Not a Collision with a Motor Vehicle in Transport,0,No,1,Non-Junction,1,Not an Intersection,0,None,,,3,On Median,3,Dark - Lighted,98,Not Reported,0,No Additional Atmospheric Conditions,98,Not Reported,0,No,0000000,Not Applicable,2,2:00am-2:59am,5,5,2,2:00am-2:59am,15,15,88,Not Applicable (Not Transported),88,Not Applicable (Not Transported),0,None,0,None,0,None,1,1
2019,8,80087,Colorado,1,1,0,0,0,1,1,5,ARAPAHOE (5),2270,SHERIDAN,21,21,3,March,2019,5,Thursday,16,4:00pm-4:59pm,18,18,1,This section IS ON the NHS,2,Urban,3,Principal Arterial - Other,1,State Highway Agency,2,U.S. Highway,US-285  W HAMPDEN AVE,S KNOX CT,2577,2577,39.65307222,39.65307222,-105.032713900,-105.03271389,0,No Special Jurisdiction,1,Rollover/Overturn,0,The First Harmful Event was Not a Collision with a Motor Vehicle in Transport,0,No,3,Intersection-Related,2,Four-Way Intersection,0,None,,,1,On Roadway,1,Daylight,98,Not Reported,0,No Additional Atmospheric Conditions,98,Not Reported,0,No,0000000,Not Applicable,16,4:00pm-4:59pm,16,16,16,4:00pm-4:59pm,16,16,16,4:00pm-4:59pm,34,34,0,None,0,None,0,None,1,0
2019,8,80088,Colorado,1,1,0,0,0,1,1,41,EL PASO (41),430,COLORADO SPRINGS,31,31,3,March,2019,1,Sunday,0,0:00am-0:59am,0,0,1,This section IS ON the NHS,2,Urban,3,Principal Arterial - Other,4,City or Municipal Highway Agency,6,Local Street - Municipality,CAREFREE CIR N,,0,None,38.88525000,38.88525000,-104.733833300,-104.73383333,0,No Special Jurisdiction,33,Curb,0,The First Harmful Event was Not a Collision with a Motor Vehicle in Transport,0,No,1,Non-Junction,1,Not an Intersection,0,None,,,4,On Roadside,3,Dark - Lighted,98,Not Reported,0,No Additional Atmospheric Conditions,98,Not Reported,0,No,0000000,Not Applicable,0,0:00am-0:59am,1,1,0,0:00am-0:59am,7,7,88,Not Applicable (Not Transported),88,Not Applicable (Not Transported),0,None,0,None,0,None,1,1
2019,8,80089,Colorado,2,2,0,0,0,2,2,5,ARAPAHOE (5),110,AURORA,18,18,3,March,2019,2,Monday,21,9:00pm-9:59pm,51,51,1,This section IS ON the NHS,2,Urban,3,Principal Arterial - Other,4,City or Municipal Highway Agency,6,Local Street - Municipality,E ILIFF AVE,S TOWER RD,0,None,39.67729722,39.67729722,-104.772366700,-104.77236667,0,No Special Jurisdiction,12,Motor Vehicle In-Transport,6,Angle,0,No,2,Intersection,2,Four-Way Intersection,0,None,,,1,On Roadway,3,Dark - Lighted,98,Not Reported,0,No Additional Atmospheric Conditions,98,Not Reported,0,No,0000000,Not Applicable,21,9:00pm-9:59pm,50,50,21,9:00pm-9:59pm,55,55,22,10:00pm-10:59pm,27,27,0,None,0,None,0,None,1,0
2019,8,80090,Colorado,1,1,0,1,1,1,1,31,DENVER (31),600,DENVER,20,20,3,March,2019,4,Wednesday,21,9:00pm-9:59pm,17,17,0,This section IS NOT on the NHS,2,Urban,5,Major Collector,4,City or Municipal Highway Agency,6,Local Street - Municipality,N WILLIAMS ST,,0,None,39.76162500,39.76162500,-104.966016700,-104.96601667,0,No Special Jurisdiction,8,Pedestrian,0,The First Harmful Event was Not a Collision with a Motor Vehicle in Transport,0,No,1,Non-Junction,1,Not an Intersection,0,None,,,1,On Roadway,3,Dark - Lighted,98,Not Reported,0,No Additional Atmospheric Conditions,98,Not Reported,0,No,0000000,Not Applicable,21,9:00pm-9:59pm,17,17,21,9:00pm-9:59pm,21,21,21,9:00pm-9:59pm,34,34,0,None,0,None,0,None,1,0
2019,8,80091,Colorado,1,1,0,0,0,2,2,123,WELD (123),0,NOT APPLICABLE,3,3,4,April,2019,4,Wednesday,8,8:00am-8:59am,15,15,0,This section IS NOT on the NHS,1,Rural,7,Local,2,County Highway Agency,4,County Road,CR-38,,0,None,40.26084722,40.26084722,-104.799858300,-104.79985833,0,No Special Jurisdiction,10,Railway Vehicle,0,The First Harmful Event was Not a Collision with a Motor Vehicle in Transport,0,No,6,Railway Grade Crossing,1,Not an Intersection,0,None,,,1,On Roadway,1,Daylight,98,Not Reported,0,No Additional Atmospheric Conditions,98,Not Reported,0,No,804347G,804347G,99,Unknown,99,Unknown,99,Unknown EMS Scene Arrival Hour,99,Unknown EMS Scene Arrival Minutes,88,Not Applicable (Not Transported),88,Not Applicable (Not Transported),0,None,0,None,0,None,2,0
2019,8,80092,Colorado,2,2,0,0,0,2,2,1,ADAMS (1),434,COMMERCE CITY,5,5,4,April,2019,6,Friday,12,12:00pm-12:59pm,23,23,1,This section IS ON the NHS,2,Urban,3,Principal Arterial - Other,4,City or Municipal Highway Agency,6,Local Street - Municipality,E 120TH PKWY,BRIGHTON RD,0,None,39.91244444,39.91244444,-104.872255600,-104.87225556,0,No Special Jurisdiction,12,Motor Vehicle In-Transport,6,Angle,0,No,2,Intersection,2,Four-Way Intersection,0,None,,,1,On Roadway,1,Daylight,98,Not Reported,0,No Additional Atmospheric Conditions,98,Not Reported,0,No,0000000,Not Applicable,12,12:00pm-12:59pm,14,14,12,12:00pm-12:59pm,20,20,13,1:00pm-1:59pm,10,10,0,None,0,None,0,None,1,0
2019,8,80093,Colorado,1,1,0,0,0,2,2,123,WELD (123),0,NOT APPLICABLE,5,5,4,April,2019,6,Friday,15,3:00pm-3:59pm,35,35,1,This section IS ON the NHS,1,Rural,3,Principal Arterial - Other,1,State Highway Agency,2,U.S. Highway,US-34,,1347,1347,40.29457500,40.29457500,-104.310558300,-104.31055833,0,No Special Jurisdiction,1,Rollover/Overturn,0,The First Harmful Event was Not a Collision with a Motor Vehicle in Transport,0,No,1,Non-Junction,1,Not an Intersection,0,None,,,2,On Shoulder,1,Daylight,98,Not Reported,0,No Additional Atmospheric Conditions,98,Not Reported,0,No,0000000,Not Applicable,15,3:00pm-3:59pm,38,38,15,3:00pm-3:59pm,55,55,99,Unknown,99,Unknown EMS Hospital Arrival Time,0,None,0,None,0,None,1,0
2019,8,80094,Colorado,3,3,0,1,1,5,5,31,DENVER (31),600,DENVER,5,5,4,April,2019,6,Friday,20,8:00pm-8:59pm,33,33,0,This section IS NOT on the NHS,2,Urban,4,Minor Arterial,4,City or Municipal Highway Agency,6,Local Street - Municipality,BLAKE ST,15TH ST,0,None,39.74968056,39.74968056,-105.000294400,-105.00029444,0,No Special Jurisdiction,8,Pedestrian,0,The First Harmful Event was Not a Collision with a Motor Vehicle in Transport,0,No,3,Intersection-Related,2,Four-Way Intersection,0,None,,,1,On Roadway,3,Dark - Lighted,98,Not Reported,0,No Additional Atmospheric Conditions,98,Not Reported,0,No,0000000,Not Applicable,20,8:00pm-8:59pm,33,33,20,8:00pm-8:59pm,38,38,20,8:00pm-8:59pm,45,45,0,None,0,None,0,None,1,0
2019,8,80095,Colorado,1,1,0,1,1,2,2,5,ARAPAHOE (5),110,AURORA,8,8,4,April,2019,2,Monday,0,0:00am-0:59am,26,26,1,This section IS ON the NHS,2,Urban,3,Principal Arterial - Other,1,State Highway Agency,2,U.S. Highway,US-40  E COLFAX AVE,,3050,3050,39.74009167,39.74009167,-104.859075000,-104.859075000,0,No Special Jurisdiction,8,Pedestrian,0,The First Harmful Event was Not a Collision with a Motor Vehicle in Transport,0,No,1,Non-Junction,1,Not an Intersection,0,None,,,1,On Roadway,3,Dark - Lighted,98,Not Reported,0,No Additional Atmospheric Conditions,98,Not Reported,0,No,0000000,Not Applicable,0,0:00am-0:59am,50,50,0,0:00am-0:59am,53,53,1,1:00am-1:59am,3,3,0,None,0,None,0,None,1,1
2019,8,80096,Colorado,2,2,0,0,0,2,2,41,EL PASO (41),430,COLORADO SPRINGS,3,3,4,April,2019,4,Wednesday,5,5:00am-5:59am,16,16,0,This section IS NOT on the NHS,2,Urban,4,Minor Arterial,4,City or Municipal Highway Agency,6,Local Street - Municipality,MAIZELAND RD,WOLD AVE,0,None,38.86784167,38.86784167,-104.753808300,-104.75380833,0,No Special Jurisdiction,12,Motor Vehicle In-Transport,6,Angle,0,No,2,Intersection,3,T-Intersection,0,None,,,1,On Roadway,3,Dark - Lighted,98,Not Reported,0,No Additional Atmospheric Conditions,98,Not Reported,0,No,0000000,Not Applicable,5,5:00am-5:59am,17,17,5,5:00am-5:59am,21,21,6,6:00am-6:59am,2,2,0,None,0,None,0,None,1,2
2019,8,80097,Colorado,1,1,0,1,1,1,1,1,ADAMS (1),2427,THORNTON,8,8,4,April,2019,2,Monday,22,10:00pm-10:59pm,20,20,0,This section IS NOT on the NHS,2,Urban,5,Major Collector,4,City or Municipal Highway Agency,6,Local Street - Municipality,100TH AVE,MCKAY RD,0,None,39.87814444,39.87814444,-104.915955600,-104.91595556,0,No Special Jurisdiction,9,Pedalcyclist,0,The First Harmful Event was Not a Collision with a Motor Vehicle in Transport,0,No,2,Intersection,3,T-Intersection,0,None,,,1,On Roadway,3,Dark - Lighted,98,Not Reported,0,No Additional Atmospheric Conditions,98,Not Reported,0,No,0000000,Not Applicable,2,2:00am-2:59am,21,21,2,2:00am-2:59am,23,23,88,Not Applicable (Not Transported),88,Not Applicable (Not Transported),0,None,0,None,0,None,1,0
2019,8,80098,Colorado,1,1,0,0,0,1,1,93,PARK (93),0,NOT APPLICABLE,9,9,4,April,2019,3,Tuesday,17,5:00pm-5:59pm,13,13,1,This section IS ON the NHS,1,Rural,3,Principal Arterial - Other,1,State Highway Agency,2,U.S. Highway,US-285,,1909,1909,39.29694444,39.29694444,-105.901250000,-105.901250000,0,No Special Jurisdiction,1,Rollover/Overturn,0,The First Harmful Event was Not a Collision with a Motor Vehicle in Transport,0,No,1,Non-Junction,1,Not an Intersection,0,None,,,4,On Roadside,1,Daylight,98,Not Reported,0,No Additional Atmospheric Conditions,98,Not Reported,0,No,0000000,Not Applicable,17,5:00pm-5:59pm,13,13,17,5:00pm-5:59pm,21,21,88,Not Applicable (Not Transported),88,Not Applicable (Not Transported),0,None,0,None,0,None,1,1
2019,8,80099,Colorado,3,1,2,0,0,1,1,31,DENVER (31),600,DENVER,6,6,4,April,2019,7,Saturday,15,3:00pm-3:59pm,18,18,0,This section IS NOT on the NHS,2,Urban,7,Local,4,City or Municipal Highway Agency,6,Local Street - Municipality,N PERTH CIR,,0,None,39.77695556,39.77695556,-104.737966700,-104.73796667,0,No Special Jurisdiction,14,Parked Motor Vehicle,0,The First Harmful Event was Not a Collision with a Motor Vehicle in Transport,0,No,1,Non-Junction,1,Not an Intersection,0,None,,,7,In Parking Lane/Zone,1,Daylight,98,Not Reported,0,No Additional Atmospheric Conditions,98,Not Reported,0,No,0000000,Not Applicable,15,3:00pm-3:59pm,19,19,15,3:00pm-3:59pm,29,29,15,3:00pm-3:59pm,58,58,0,None,0,None,0,None,1,1
2019,8,80100,Colorado,3,3,0,0,0,3,3,1,ADAMS (1),2427,THORNTON,2,2,4,April,2019,3,Tuesday,5,5:00am-5:59am,39,39,1,This section IS ON the NHS,2,Urban,3,Principal Arterial - Other,1,State Highway Agency,3,State Highway,SR-7  E 160TH AVE,,720,720,39.98622222,39.98622222,-104.918361100,-104.91836111,0,No Special Jurisdiction,12,Motor Vehicle In-Transport,8,Sideswipe - Opposite Direction,0,No,1,Non-Junction,1,Not an Intersection,0,None,,,1,On Roadway,2,Dark - Not Lighted,98,Not Reported,0,No Additional Atmospheric Conditions,98,Not Reported,0,No,0000000,Not Applicable,5,5:00am-5:59am,39,39,5,5:00am-5:59am,47,47,99,Unknown,99,Unknown EMS Hospital Arrival Time,0,None,0,None,0,None,1,1
2019,8,80101,Colorado,1,1,0,0,0,1,1,123,WELD (123),0,NOT APPLICABLE,11,11,4,April,2019,5,Thursday,17,5:00pm-5:59pm,11,11,0,This section IS NOT on the NHS,1,Rural,7,Local,2,County Highway Agency,4,County Road,CR-130,,0,None,40.92905556,40.92905556,-104.098055600,-104.09805556,0,No Special Jurisdiction,1,Rollover/Overturn,0,The First Harmful Event was Not a Collision with a Motor Vehicle in Transport,0,No,1,Non-Junction,1,Not an Intersection,0,None,,,4,On Roadside,1,Daylight,98,Not Reported,0,No Additional Atmospheric Conditions,98,Not Reported,0,No,0000000,Not Applicable,17,5:00pm-5:59pm,14,14,18,6:00pm-6:59pm,18,18,88,Not Applicable (Not Transported),88,Not Applicable (Not Transported),0,None,0,None,0,None,1,0
2019,8,80102,Colorado,2,2,0,0,0,2,2,59,JEFFERSON (59),0,NOT APPLICABLE,9,9,4,April,2019,3,Tuesday,20,8:00pm-8:59pm,10,10,1,This section IS ON the NHS,2,Urban,3,Principal Arterial - Other,2,County Highway Agency,4,County Road,CR-S KIPLING PKWY,CR-W FAIR AVE,0,None,39.60465833,39.60465833,-105.110155600,-105.11015556,0,No Special Jurisdiction,12,Motor Vehicle In-Transport,6,Angle,0,No,2,Intersection,3,T-Intersection,0,None,,,1,On Roadway,3,Dark - Lighted,98,Not Reported,0,No Additional Atmospheric Conditions,98,Not Reported,0,No,0000000,Not Applicable,20,8:00pm-8:59pm,13,13,20,8:00pm-8:59pm,17,17,88,Not Applicable (Not Transported),88,Not Applicable (Not Transported),0,None,0,None,0,None,1,1
2019,8,80103,Colorado,3,3,0,0,0,5,5,41,EL PASO (41),430,COLORADO SPRINGS,11,11,4,April,2019,5,Thursday,20,8:00pm-8:59pm,14,14,1,This section IS ON the NHS,2,Urban,3,Principal Arterial - Other,4,City or Municipal Highway Agency,6,Local Street - Municipality,N ACADEMY BLVD,DUBLIN BLVD,0,None,38.92572222,38.92572222,-104.794072200,-104.79407222,0,No Special Jurisdiction,12,Motor Vehicle In-Transport,2,Front-to-Front,0,No,2,Intersection,2,Four-Way Intersection,0,None,,,1,On Roadway,3,Dark - Lighted,98,Not Reported,0,No Additional Atmospheric Conditions,98,Not Reported,0,No,0000000,Not Applicable,20,8:00pm-8:59pm,15,15,20,8:00pm-8:59pm,18,18,20,8:00pm-8:59pm,48,48,0,None,0,None,0,None,1,0
2019,8,80104,Colorado,1,1,0,0,0,2,2,117,SUMMIT (117),0,NOT APPLICABLE,10,10,4,April,2019,4,Wednesday,18,6:00pm-6:59pm,50,50,1,This section IS ON the NHS,1,Rural,1,Interstate,1,State Highway Agency,1,Interstate,I-70,,1968,1968,39.52520833,39.52520833,-106.139444400,-106.13944444,0,No Special Jurisdiction,1,Rollover/Overturn,0,The First Harmful Event was Not a Collision with a Motor Vehicle in Transport,0,No,1,Non-Junction,1,Not an Intersection,0,None,,,4,On Roadside,5,Dusk,4,Snow,0,No Additional Atmospheric Conditions,4,Snow,0,No,0000000,Not Applicable,99,Unknown,99,Unknown,99,Unknown EMS Scene Arrival Hour,99,Unknown EMS Scene Arrival Minutes,99,Unknown,99,Unknown EMS Hospital Arrival Time,0,None,0,None,0,None,1,0
2019,8,80105,Colorado,2,2,0,0,0,3,3,109,SAGUACHE (109),0,NOT APPLICABLE,12,12,4,April,2019,6,Friday,14,2:00pm-2:59pm,15,15,1,This section IS ON the NHS,1,Rural,3,Principal Arterial - Other,1,State Highway Agency,2,U.S. Highway,US-285,,642,642,37.76650556,37.76650556,-106.148730600,-106.14873056,0,No Special Jurisdiction,12,Motor Vehicle In-Transport,2,Front-to-Front,0,No,1,Non-Junction,1,Not an Intersection,0,None,,,1,On Roadway,1,Daylight,98,Not Reported,0,No Additional Atmospheric Conditions,98,Not Reported,0,No,0000000,Not Applicable,99,Unknown,99,Unknown,99,Unknown EMS Scene Arrival Hour,99,Unknown EMS Scene Arrival Minutes,99,Unknown,99,Unknown EMS Hospital Arrival Time,0,None,0,None,0,None,1,1