caseyear,state,st_case,statename,ve_total,ve_forms,pvh_invl,peds,pernotmvit,permvit,persons,county,countyname,city,cityname,day,dayname,month,monthname,year,day_week,day_weekname,hour,hourname,minute,minutename,nhs,nhsname,rur_urb,rur_urbname,func_sys,func_sysname,rd_owner,rd_ownername,route,routename,tway_id,tway_id2,milept,mileptname,latitude,latitudename,longitud,longitudname,sp_jur,sp_jurname,harm_ev,harm_evname,man_coll,man_collname,reljct1,reljct1name,reljct2,reljct2name,typ_int,typ_intname,wrk_zone,wrk_zonename,road_fnc,road_fncname,rel_road,rel_roadname,lgt_cond,lgt_condname,weather1,weather1name,weather2,weather2name,weather,weathername,sch_bus,sch_busname,rail,railname,not_hour,not_hourname,not_min,not_minname,arr_hour,arr_hourname,arr_min,arr_minname,hosp_hr,hosp_hrname,hosp_mn,hosp_mnname,cf1,cf1name,cf2,cf2name,cf3,cf3name,fatals,drunk_dr
2019,8,80138,Colorado,4,4,0,0,0,6,6,59,JEFFERSON (59),1000,GOLDEN,10,10,3,March,2019,1,Sunday,14,2:00pm-2:59pm,30,30,1,This section IS ON the NHS,2,Urban,3,Principal Arterial - Other,1,State Highway Agency,2,U.S. Highway,US-6  W 6TH AVE,US-40  W COLFAX AVE,2752,2752,39.72532778,39.72532778,-105.188416700,-105.18841667,0,No Special Jurisdiction,1,Rollover/Overturn,0,The First Harmful Event was Not a Collision with a Motor Vehicle in Transport,0,No,3,Intersection-Related,2,Four-Way Intersection,0,None,,,1,On Roadway,1,Daylight,98,Not Reported,0,No Additional Atmospheric Conditions,98,Not Reported,0,No,0000000,Not Applicable,14,2:00pm-2:59pm,39,39,14,2:00pm-2:59pm,45,45,88,Not Applicable (Not Transported),88,Not Applicable (Not Transported),14,"Motor Vehicle struck by falling cargo,or something that came loose from or something that was set in motion by a vehicle",0,None,0,None,1,0
2019,8,80139,Colorado,2,2,0,0,0,6,6,123,WELD (123),0,NOT APPLICABLE,2,2,5,May,2019,5,Thursday,14,2:00pm-2:59pm,11,11,0,This section IS NOT on the NHS,1,Rural,5,Major Collector,1,State Highway Agency,3,State Highway,SR-392,CR-47,1196,1196,40.47878056,40.47878056,-104.621088900,-104.62108889,0,No Special Jurisdiction,12,Motor Vehicle In-Transport,6,Angle,0,No,2,Intersection,2,Four-Way Intersection,0,None,,,1,On Roadway,1,Daylight,98,Not Reported,0,No Additional Atmospheric Conditions,98,Not Reported,0,No,0000000,Not Applicable,99,Unknown,99,Unknown,99,Unknown EMS Scene Arrival Hour,99,Unknown EMS Scene Arrival Minutes,99,Unknown,99,Unknown EMS Hospital Arrival Time,0,None,0,None,0,None,2,0
2019,8,80140,Colorado,2,2,0,0,0,2,2,123,WELD (123),0,NOT APPLICABLE,4,4,5,May,2019,7,Saturday,7,7:00am-7:59am,50,50,1,This section IS ON the NHS,1,Rural,3,Principal Arterial - Other,1,State Highway Agency,3,State Highway,SR-71,,2058,2058,40.61394444,40.61394444,-103.676900000,-103.676900000,0,No Special Jurisdiction,12,Motor Vehicle In-Transport,2,Front-to-Front,0,No,1,Non-Junction,1,Not an Intersection,0,None,,,1,On Roadway,1,Daylight,98,Not Reported,0,No Additional Atmospheric Conditions,98,Not Reported,0,No,0000000,Not Applicable,99,Unknown,99,Unknown,99,Unknown EMS Scene Arrival Hour,99,Unknown EMS Scene Arrival Minutes,99,Unknown,99,Unknown EMS Hospital Arrival Time,0,None,0,None,0,None,1,0
2019,8,80141,Colorado,1,1,0,0,0,5,5,45,GARFIELD (45),0,NOT APPLICABLE,3,3,5,May,2019,6,Friday,23,11:00pm-11:59pm,45,45,0,This section IS NOT on the NHS,1,Rural,7,Local,2,County Highway Agency,4,County Road,CR-102,,18,18,39.42188889,39.42188889,-107.122911100,-107.12291111,0,No Special Jurisdiction,1,Rollover/Overturn,0,The First Harmful Event was Not a Collision with a Motor Vehicle in Transport,0,No,1,Non-Junction,1,Not an Intersection,0,None,,,4,On Roadside,2,Dark - Not Lighted,1,Clear,0,No Additional Atmospheric Conditions,1,Clear,0,No,0000000,Not Applicable,99,Unknown,99,Unknown,99,Unknown EMS Scene Arrival Hour,99,Unknown EMS Scene Arrival Minutes,99,Unknown,99,Unknown EMS Hospital Arrival Time,0,None,0,None,0,None,1,1
2019,8,80142,Colorado,1,1,0,0,0,1,1,1,ADAMS (1),230,BRIGHTON,4,4,5,May,2019,7,Saturday,19,7:00pm-7:59pm,18,18,0,This section IS NOT on the NHS,2,Urban,7,Local,4,City or Municipal Highway Agency,6,Local Street - Municipality,S KUNER RD,,0,None,39.97612222,39.97612222,-104.827327800,-104.82732778,0,No Special Jurisdiction,33,Curb,0,The First Harmful Event was Not a Collision with a Motor Vehicle in Transport,0,No,1,Non-Junction,1,Not an Intersection,0,None,,,3,On Median,1,Daylight,98,Not Reported,0,No Additional Atmospheric Conditions,98,Not Reported,0,No,0000000,Not Applicable,19,7:00pm-7:59pm,18,18,19,7:00pm-7:59pm,24,24,19,7:00pm-7:59pm,48,48,0,None,0,None,0,None,1,1
2019,8,80143,Colorado,1,1,0,0,0,1,1,1,ADAMS (1),110,AURORA,2,2,5,May,2019,5,Thursday,20,8:00pm-8:59pm,44,44,0,This section IS NOT on the NHS,2,Urban,5,Major Collector,4,City or Municipal Highway Agency,6,Local Street - Municipality,E 32ND PKWY,,0,None,39.75925833,39.75925833,-104.760833300,-104.76083333,0,No Special Jurisdiction,33,Curb,0,The First Harmful Event was Not a Collision with a Motor Vehicle in Transport,0,No,1,Non-Junction,1,Not an Intersection,0,None,,,3,On Median,3,Dark - Lighted,98,Not Reported,0,No Additional Atmospheric Conditions,98,Not Reported,0,No,0000000,Not Applicable,20,8:00pm-8:59pm,44,44,99,Unknown EMS Scene Arrival Hour,99,Unknown EMS Scene Arrival Minutes,88,Not Applicable (Not Transported),88,Not Applicable (Not Transported),0,None,0,None,0,None,1,1
2019,8,80144,Colorado,2,2,0,0,0,2,2,59,JEFFERSON (59),0,NOT APPLICABLE,6,6,5,May,2019,2,Monday,12,12:00pm-12:59pm,25,25,0,This section IS NOT on the NHS,1,Rural,5,Major Collector,2,County Highway Agency,4,County Road,CR-DEER CREEK CANYON RD,,0,None,39.54245833,39.54245833,-105.171552800,-105.17155278,0,No Special Jurisdiction,12,Motor Vehicle In-Transport,7,Sideswipe - Same Direction,0,No,1,Non-Junction,1,Not an Intersection,0,None,,,1,On Roadway,1,Daylight,98,Not Reported,0,No Additional Atmospheric Conditions,98,Not Reported,0,No,0000000,Not Applicable,12,12:00pm-12:59pm,22,22,12,12:00pm-12:59pm,33,33,88,Not Applicable (Not Transported),88,Not Applicable (Not Transported),0,None,0,None,0,None,1,0
2019,8,80145,Colorado,2,2,0,0,0,2,2,41,EL PASO (41),0,NOT APPLICABLE,14,14,5,May,2019,3,Tuesday,15,3:00pm-3:59pm,15,15,0,This section IS NOT on the NHS,1,Rural,4,Minor Arterial,2,County Highway Agency,4,County Road,CR-HODGEN RD,,0,None,39.07121667,39.07121667,-104.699166700,-104.69916667,0,No Special Jurisdiction,12,Motor Vehicle In-Transport,6,Angle,0,No,1,Non-Junction,1,Not an Intersection,0,None,,,1,On Roadway,1,Daylight,98,Not Reported,0,No Additional Atmospheric Conditions,98,Not Reported,0,No,0000000,Not Applicable,99,Unknown,99,Unknown,99,Unknown EMS Scene Arrival Hour,99,Unknown EMS Scene Arrival Minutes,99,Unknown,99,Unknown EMS Hospital Arrival Time,0,None,0,None,0,None,1,0
2019,8,80146,Colorado,2,2,0,0,0,2,2,31,DENVER (31),600,DENVER,8,8,5,May,2019,4,Wednesday,11,11:00am-11:59am,53,53,0,This section IS NOT on the NHS,2,Urban,7,Local,4,City or Municipal Highway Agency,6,Local Street - Municipality,N FULTON ST,E MLK BLVD,0,None,39.76004722,39.76004722,-104.870536100,-104.87053611,0,No Special Jurisdiction,12,Motor Vehicle In-Transport,6,Angle,0,No,2,Intersection,2,Four-Way Intersection,0,None,,,1,On Roadway,1,Daylight,2,Rain,10,Cloudy,2,Rain,0,No,0000000,Not Applicable,11,11:00am-11:59am,53,53,11,11:00am-11:59am,58,58,88,Not Applicable (Not Transported),88,Not Applicable (Not Transported),20,Police Pursuit Involved,0,None,0,None,1,0
2019,8,80147,Colorado,1,1,0,0,0,1,1,1,ADAMS (1),2427,THORNTON,9,9,5,May,2019,5,Thursday,1,1:00am-1:59am,56,56,0,This section IS NOT on the NHS,2,Urban,5,Major Collector,4,City or Municipal Highway Agency,6,Local Street - Municipality,E 84TH AVE,,0,None,39.84890000,39.84890000,-104.986983300,-104.98698333,0,No Special Jurisdiction,33,Curb,0,The First Harmful Event was Not a Collision with a Motor Vehicle in Transport,0,No,1,Non-Junction,1,Not an Intersection,0,None,,,4,On Roadside,3,Dark - Lighted,98,Not Reported,0,No Additional Atmospheric Conditions,98,Not Reported,0,No,0000000,Not Applicable,1,1:00am-1:59am,56,56,1,1:00am-1:59am,56,56,2,2:00am-2:59am,37,37,0,None,0,None,0,None,1,1
2019,8,80148,Colorado,5,1,4,0,0,1,1,59,JEFFERSON (59),0,NOT APPLICABLE,13,13,5,May,2019,2,Monday,2,2:00am-2:59am,12,12,1,This section IS ON the NHS,2,Urban,3,Principal Arterial - Other,2,County Highway Agency,4,County Road,CR-W KEN CARYL AVE,CR-S KENDALL BLVD,0,None,39.58056667,39.58056667,-105.066144400,-105.06614444,0,No Special Jurisdiction,46,Traffic Signal Support,0,The First Harmful Event was Not a Collision with a Motor Vehicle in Transport,0,No,3,Intersection-Related,2,Four-Way Intersection,0,None,,,4,On Roadside,3,Dark - Lighted,98,Not Reported,0,No Additional Atmospheric Conditions,98,Not Reported,0,No,0000000,Not Applicable,99,Unknown,99,Unknown,99,Unknown EMS Scene Arrival Hour,99,Unknown EMS Scene Arrival Minutes,88,Not Applicable (Not Transported),88,Not Applicable (Not Transported),14,"Motor Vehicle struck by falling cargo,or something that came loose from or something that was set in motion by a vehicle",0,None,0,None,1,0
2019,8,80149,Colorado,2,2,0,1,1,2,2,1,ADAMS (1),110,AURORA,11,11,5,May,2019,7,Saturday,0,0:00am-0:59am,3,3,0,This section IS NOT on the NHS,2,Urban,4,Minor Arterial,4,City or Municipal Highway Agency,6,Local Street - Municipality,E SMITH RD,,0,None,39.76147778,39.76147778,-104.817533300,-104.81753333,0,No Special Jurisdiction,8,Pedestrian,0,The First Harmful Event was Not a Collision with a Motor Vehicle in Transport,0,No,1,Non-Junction,1,Not an Intersection,0,None,,,1,On Roadway,2,Dark - Not Lighted,98,Not Reported,0,No Additional Atmospheric Conditions,98,Not Reported,0,No,0000000,Not Applicable,0,0:00am-0:59am,3,3,99,Unknown EMS Scene Arrival Hour,99,Unknown EMS Scene Arrival Minutes,88,Not Applicable (Not Transported),88,Not Applicable (Not Transported),0,None,0,None,0,None,1,0
2019,8,80151,Colorado,1,1,0,0,0,1,1,41,EL PASO (41),0,NOT APPLICABLE,12,12,5,May,2019,1,Sunday,13,1:00pm-1:59pm,3,3,1,This section IS ON the NHS,1,Rural,3,Principal Arterial - Other,1,State Highway Agency,3,State Highway,SR-83,,249,249,39.05666667,39.05666667,-104.763825000,-104.763825000,0,No Special Jurisdiction,1,Rollover/Overturn,0,The First Harmful Event was Not a Collision with a Motor Vehicle in Transport,0,No,1,Non-Junction,1,Not an Intersection,0,None,,,1,On Roadway,1,Daylight,98,Not Reported,0,No Additional Atmospheric Conditions,98,Not Reported,0,No,0000000,Not Applicable,13,1:00pm-1:59pm,3,3,13,1:00pm-1:59pm,8,8,13,1:00pm-1:59pm,39,39,0,None,0,None,0,None,1,0
2019,8,80152,Colorado,1,1,0,0,0,2,2,41,EL PASO (41),430,COLORADO SPRINGS,9,9,5,May,2019,5,Thursday,15,3:00pm-3:59pm,41,41,1,This section IS ON the NHS,2,Urban,3,Principal Arterial - Other,4,City or Municipal Highway Agency,6,Local Street - Municipality,BARNES RD,,0,None,38.89887222,38.89887222,-104.705166700,-104.70516667,0,No Special Jurisdiction,33,Curb,0,The First Harmful Event was Not a Collision with a Motor Vehicle in Transport,0,No,1,Non-Junction,1,Not an Intersection,0,None,,,4,On Roadside,1,Daylight,2,Rain,0,No Additional Atmospheric Conditions,2,Rain,0,No,0000000,Not Applicable,15,3:00pm-3:59pm,42,42,15,3:00pm-3:59pm,44,44,99,Unknown,99,Unknown EMS Hospital Arrival Time,0,None,0,None,0,None,1,0
2019,8,80153,Colorado,1,1,0,0,0,1,1,41,EL PASO (41),430,COLORADO SPRINGS,13,13,5,May,2019,2,Monday,10,10:00am-10:59am,0,0,1,This section IS ON the NHS,2,Urban,3,Principal Arterial - Other,4,City or Municipal Highway Agency,6,Local Street - Municipality,S UNION BLVD,,0,None,38.80458333,38.80458333,-104.786227800,-104.78622778,0,No Special Jurisdiction,33,Curb,0,The First Harmful Event was Not a Collision with a Motor Vehicle in Transport,0,No,1,Non-Junction,1,Not an Intersection,0,None,,,3,On Median,1,Daylight,98,Not Reported,0,No Additional Atmospheric Conditions,98,Not Reported,0,No,0000000,Not Applicable,99,Unknown,99,Unknown,99,Unknown EMS Scene Arrival Hour,99,Unknown EMS Scene Arrival Minutes,88,Not Applicable (Not Transported),88,Not Applicable (Not Transported),0,None,0,None,0,None,1,1
2019,8,80154,Colorado,1,1,0,0,0,1,1,77,MESA (77),1040,GRAND JUNCTION,13,13,5,May,2019,2,Monday,22,10:00pm-10:59pm,35,35,1,This section IS ON the NHS,2,Urban,3,Principal Arterial - Other,1,State Highway Agency,3,State Highway,SR-70B  N 1ST ST,SR-340  GRAND AVE,50,50,39.07044444,39.07044444,-108.571175000,-108.571175000,0,No Special Jurisdiction,33,Curb,0,The First Harmful Event was Not a Collision with a Motor Vehicle in Transport,0,No,3,Intersection-Related,7,"Five Point, or More",0,None,,,4,On Roadside,3,Dark - Lighted,98,Not Reported,0,No Additional Atmospheric Conditions,98,Not Reported,0,No,0000000,Not Applicable,22,10:00pm-10:59pm,37,37,22,10:00pm-10:59pm,41,41,23,11:00pm-11:59pm,5,5,0,None,0,None,0,None,1,1
2019,8,80155,Colorado,2,2,0,0,0,2,2,43,FREMONT (43),0,NOT APPLICABLE,16,16,5,May,2019,5,Thursday,5,5:00am-5:59am,15,15,1,This section IS ON the NHS,1,Rural,3,Principal Arterial - Other,1,State Highway Agency,2,U.S. Highway,US-50,,2951,2951,38.38444444,38.38444444,-104.958475000,-104.958475000,0,No Special Jurisdiction,11,Live Animal,0,The First Harmful Event was Not a Collision with a Motor Vehicle in Transport,0,No,1,Non-Junction,1,Not an Intersection,0,None,,,1,On Roadway,2,Dark - Not Lighted,98,Not Reported,0,No Additional Atmospheric Conditions,98,Not Reported,0,No,0000000,Not Applicable,99,Unknown,99,Unknown,99,Unknown EMS Scene Arrival Hour,99,Unknown EMS Scene Arrival Minutes,88,Not Applicable (Not Transported),88,Not Applicable (Not Transported),0,None,0,None,0,None,1,0
2019,8,80156,Colorado,3,3,0,0,0,5,5,49,GRAND (49),0,NOT APPLICABLE,15,15,5,May,2019,4,Wednesday,11,11:00am-11:59am,17,17,1,This section IS ON the NHS,1,Rural,3,Principal Arterial - Other,1,State Highway Agency,2,U.S. Highway,US-40,,2189,2189,40.00783333,40.00783333,-105.919816700,-105.91981667,0,No Special Jurisdiction,12,Motor Vehicle In-Transport,1,Front-to-Rear,0,No,1,Non-Junction,1,Not an Intersection,0,None,,,1,On Roadway,1,Daylight,98,Not Reported,0,No Additional Atmospheric Conditions,98,Not Reported,0,No,0000000,Not Applicable,11,11:00am-11:59am,19,19,11,11:00am-11:59am,20,20,11,11:00am-11:59am,37,37,0,None,0,None,0,None,2,0
2019,8,80157,Colorado,1,1,0,0,0,1,1,99,PROWERS (99),0,NOT APPLICABLE,17,17,5,May,2019,6,Friday,14,2:00pm-2:59pm,31,31,0,This section IS NOT on the NHS,1,Rural,5,Major Collector,2,County Highway Agency,4,County Road,CR-35,,0,None,38.17197222,38.17197222,-102.119472200,-102.11947222,0,No Special Jurisdiction,1,Rollover/Overturn,0,The First Harmful Event was Not a Collision with a Motor Vehicle in Transport,0,No,1,Non-Junction,1,Not an Intersection,0,None,,,4,On Roadside,1,Daylight,98,Not Reported,0,No Additional Atmospheric Conditions,98,Not Reported,0,No,0000000,Not Applicable,14,2:00pm-2:59pm,33,33,15,3:00pm-3:59pm,31,31,88,Not Applicable (Not Transported),88,Not Applicable (Not Transported),0,None,0,None,0,None,1,1
2019,8,80158,Colorado,2,2,0,0,0,5,5,35,DOUGLAS (35),0,NOT APPLICABLE,19,19,5,May,2019,1,Sunday,14,2:00pm-2:59pm,53,53,0,This section IS NOT on the NHS,1,Rural,5,Major Collector,1,State Highway Agency,3,State Highway,SR-67,,1226,1226,39.38990000,39.38990000,-105.018091700,-105.01809167,0,No Special Jurisdiction,12,Motor Vehicle In-Transport,6,Angle,0,No,1,Non-Junction,1,Not an Intersection,0,None,,,1,On Roadway,1,Daylight,98,Not Reported,0,No Additional Atmospheric Conditions,98,Not Reported,0,No,0000000,Not Applicable,99,Unknown,99,Unknown,99,Unknown EMS Scene Arrival Hour,99,Unknown EMS Scene Arrival Minutes,99,Unknown,99,Unknown EMS Hospital Arrival Time,0,None,0,None,0,None,1,1
2019,8,80159,Colorado,2,2,0,0,0,5,5,59,JEFFERSON (59),1435,LAKEWOOD,19,19,5,May,2019,1,Sunday,2,2:00am-2:59am,0,0,1,This section IS ON the NHS,2,Urban,3,Principal Arterial - Other,1,State Highway Agency,3,State Highway,SR-391  S KIPLING ST,W ALAMEDA AVE,42,42,39.71093889,39.71093889,-105.109786100,-105.10978611,0,No Special Jurisdiction,12,Motor Vehicle In-Transport,6,Angle,0,No,2,Intersection,2,Four-Way Intersection,0,None,,,1,On Roadway,3,Dark - Lighted,98,Not Reported,0,No Additional Atmospheric Conditions,98,Not Reported,0,No,0000000,Not Applicable,2,2:00am-2:59am,0,0,2,2:00am-2:59am,8,8,2,2:00am-2:59am,26,26,0,None,0,None,0,None,2,0
2019,8,80160,Colorado,1,1,0,0,0,1,1,75,LOGAN (75),0,NOT APPLICABLE,21,21,5,May,2019,3,Tuesday,15,3:00pm-3:59pm,37,37,1,This section IS ON the NHS,1,Rural,1,Interstate,1,State Highway Agency,1,Interstate,I-76,,1116,1116,40.45718889,40.45718889,-103.301225000,-103.301225000,0,No Special Jurisdiction,52,Guardrail End,0,The First Harmful Event was Not a Collision with a Motor Vehicle in Transport,0,No,1,Non-Junction,1,Not an Intersection,0,None,,,3,On Median,1,Daylight,4,Snow,0,No Additional Atmospheric Conditions,4,Snow,0,No,0000000,Not Applicable,15,3:00pm-3:59pm,37,37,15,3:00pm-3:59pm,52,52,88,Not Applicable (Not Transported),88,Not Applicable (Not Transported),0,None,0,None,0,None,1,0
2019,8,80161,Colorado,2,2,0,0,0,5,5,1,ADAMS (1),1771,NORTHGLENN,15,15,5,May,2019,4,Wednesday,7,7:00am-7:59am,48,48,0,This section IS NOT on the NHS,2,Urban,4,Minor Arterial,4,City or Municipal Highway Agency,6,Local Street - Municipality,HURON ST,W 114TH AVE,0,None,39.90327778,39.90327778,-104.996652800,-104.99665278,0,No Special Jurisdiction,12,Motor Vehicle In-Transport,6,Angle,0,No,2,Intersection,3,T-Intersection,0,None,,,1,On Roadway,1,Daylight,98,Not Reported,0,No Additional Atmospheric Conditions,98,Not Reported,0,No,0000000,Not Applicable,7,7:00am-7:59am,48,48,7,7:00am-7:59am,53,53,8,8:00am-8:59am,30,30,0,None,0,None,0,None,1,0
2019,8,80163,Colorado,2,2,0,0,0,3,3,69,LARIMER (69),0,NOT APPLICABLE,22,22,5,May,2019,4,Wednesday,13,1:00pm-1:59pm,5,5,1,This section IS ON the NHS,1,Rural,3,Principal Arterial - Other,1,State Highway Agency,2,U.S. Highway,US-287,,3739,3739,40.88350000,40.88350000,-105.279986100,-105.27998611,0,No Special Jurisdiction,12,Motor Vehicle In-Transport,1,Front-to-Rear,0,No,8,Driveway Access Related,1,Not an Intersection,0,None,,,1,On Roadway,1,Daylight,98,Not Reported,0,No Additional Atmospheric Conditions,98,Not Reported,0,No,0000000,Not Applicable,99,Unknown,99,Unknown,99,Unknown EMS Scene Arrival Hour,99,Unknown EMS Scene Arrival Minutes,99,Unknown,99,Unknown EMS Hospital Arrival Time,0,None,0,None,0,None,2,0
2019,8,80164,Colorado,3,3,0,0,0,4,4,1,ADAMS (1),110,AURORA,8,8,5,May,2019,4,Wednesday,18,6:00pm-6:59pm,0,0,1,This section IS ON the NHS,2,Urban,3,Principal Arterial - Other,1,State Highway Agency,2,U.S. Highway,US-40  E COLFAX AVE,N PEORIA ST,3056,3056,39.74015000,39.74015000,-104.846994400,-104.84699444,0,No Special Jurisdiction,12,Motor Vehicle In-Transport,2,Front-to-Front,0,No,2,Intersection,2,Four-Way Intersection,1,Construction,,,1,On Roadway,1,Daylight,2,Rain,0,No Additional Atmospheric Conditions,2,Rain,0,No,0000000,Not Applicable,18,6:00pm-6:59pm,0,0,18,6:00pm-6:59pm,4,4,18,6:00pm-6:59pm,22,22,0,None,0,None,0,None,1,0
2019,8,80165,Colorado,1,1,0,0,0,1,1,31,DENVER (31),600,DENVER,9,9,5,May,2019,5,Thursday,16,4:00pm-4:59pm,30,30,0,This section IS NOT on the NHS,2,Urban,5,Major Collector,4,City or Municipal Highway Agency,6,Local Street - Municipality,E MEXICO AVE,S BIRCH ST,0,None,39.68563889,39.68563889,-104.936688900,-104.93668889,0,No Special Jurisdiction,43,Other Fixed Object,0,The First Harmful Event was Not a Collision with a Motor Vehicle in Transport,0,No,3,Intersection-Related,3,T-Intersection,0,None,,,4,On Roadside,1,Daylight,98,Not Reported,0,No Additional Atmospheric Conditions,98,Not Reported,0,No,0000000,Not Applicable,16,4:00pm-4:59pm,33,33,16,4:00pm-4:59pm,37,37,16,4:00pm-4:59pm,57,57,0,None,0,None,0,None,1,1
2019,8,80166,Colorado,1,1,0,0,0,1,1,41,EL PASO (41),0,NOT APPLICABLE,10,10,5,May,2019,6,Friday,7,7:00am-7:59am,10,10,1,This section IS ON the NHS,1,Rural,3,Principal Arterial - Other,1,State Highway Agency,2,U.S. Highway,US-24,,3273,3273,39.00277778,39.00277778,-104.514333300,-104.51433333,0,No Special Jurisdiction,1,Rollover/Overturn,0,The First Harmful Event was Not a Collision with a Motor Vehicle in Transport,0,No,1,Non-Junction,1,Not an Intersection,0,None,,,4,On Roadside,1,Daylight,98,Not Reported,0,No Additional Atmospheric Conditions,98,Not Reported,0,No,0000000,Not Applicable,99,Unknown,99,Unknown,99,Unknown EMS Scene Arrival Hour,99,Unknown EMS Scene Arrival Minutes,99,Unknown,99,Unknown EMS Hospital Arrival Time,0,None,0,None,0,None,1,0
2019,8,80167,Colorado,1,1,0,0,0,1,1,45,GARFIELD (45),0,NOT APPLICABLE,25,25,5,May,2019,7,Saturday,21,9:00pm-9:59pm,40,40,0,This section IS NOT on the NHS,1,Rural,4,Minor Arterial,1,State Highway Agency,3,State Highway,SR-139,,208,208,39.45889444,39.45889444,-108.777830600,-108.77783056,0,No Special Jurisdiction,11,Live Animal,0,The First Harmful Event was Not a Collision with a Motor Vehicle in Transport,0,No,1,Non-Junction,1,Not an Intersection,0,None,,,1,On Roadway,2,Dark - Not Lighted,1,Clear,0,No Additional Atmospheric Conditions,1,Clear,0,No,0000000,Not Applicable,99,Unknown,99,Unknown,99,Unknown EMS Scene Arrival Hour,99,Unknown EMS Scene Arrival Minutes,88,Not Applicable (Not Transported),88,Not Applicable (Not Transported),0,None,0,None,0,None,1,0
2019,8,80168,Colorado,2,2,0,0,0,3,3,15,CHAFFEE (15),0,NOT APPLICABLE,26,26,5,May,2019,1,Sunday,12,12:00pm-12:59pm,56,56,1,This section IS ON the NHS,1,Rural,3,Principal Arterial - Other,1,State Highway Agency,2,U.S. Highway,US-50,,2137,2137,38.52990000,38.52990000,-106.135277800,-106.13527778,0,No Special Jurisdiction,54,"Motor Vehicle In-Transport Strikes or is Struck by Cargo, Persons or Objects Set-in-Motion from/by Another Motor Vehicle In Transport",11,Other,0,No,1,Non-Junction,1,Not an Intersection,0,None,,,1,On Roadway,1,Daylight,1,Clear,0,No Additional Atmospheric Conditions,1,Clear,0,No,0000000,Not Applicable,99,Unknown,99,Unknown,99,Unknown EMS Scene Arrival Hour,99,Unknown EMS Scene Arrival Minutes,88,Not Applicable (Not Transported),88,Not Applicable (Not Transported),14,"Motor Vehicle struck by falling cargo,or something that came loose from or something that was set in motion by a vehicle",0,None,0,None,1,0
2019,8,80169,Colorado,2,2,0,0,0,4,4,35,DOUGLAS (35),0,NOT APPLICABLE,24,24,5,May,2019,6,Friday,19,7:00pm-7:59pm,23,23,1,This section IS ON the NHS,1,Rural,3,Principal Arterial - Other,1,State Highway Agency,3,State Highway,SR-83,CR-GILLIAN AVE,378,378,39.22407778,39.22407778,-104.700533300,-104.70053333,0,No Special Jurisdiction,12,Motor Vehicle In-Transport,6,Angle,0,No,2,Intersection,3,T-Intersection,0,None,,,1,On Roadway,1,Daylight,98,Not Reported,0,No Additional Atmospheric Conditions,98,Not Reported,0,No,0000000,Not Applicable,19,7:00pm-7:59pm,24,24,19,7:00pm-7:59pm,37,37,20,8:00pm-8:59pm,13,13,0,None,0,None,0,None,1,0
2019,8,80170,Colorado,2,2,0,0,0,2,2,31,DENVER (31),600,DENVER,22,22,5,May,2019,4,Wednesday,12,12:00pm-12:59pm,45,45,0,This section IS NOT on the NHS,2,Urban,7,Local,4,City or Municipal Highway Agency,6,Local Street - Municipality,N CLAYTON ST,E BRUCE RANDOLPH AVE,0,None,39.76445000,39.76445000,-104.954911100,-104.95491111,0,No Special Jurisdiction,12,Motor Vehicle In-Transport,6,Angle,0,No,2,Intersection,2,Four-Way Intersection,0,None,,,1,On Roadway,1,Daylight,98,Not Reported,0,No Additional Atmospheric Conditions,98,Not Reported,0,No,0000000,Not Applicable,12,12:00pm-12:59pm,51,51,12,12:00pm-12:59pm,57,57,13,1:00pm-1:59pm,14,14,0,None,0,None,0,None,1,0
2019,8,80171,Colorado,3,3,0,0,0,3,3,31,DENVER (31),600,DENVER,23,23,5,May,2019,5,Thursday,21,9:00pm-9:59pm,34,34,1,This section IS ON the NHS,2,Urban,3,Principal Arterial - Other,1,State Highway Agency,3,State Highway,SR-95  S SHERIDAN BLVD,SR-26  W ALAMEDA AVE,40,40,39.71131667,39.71131667,-105.053208300,-105.05320833,0,No Special Jurisdiction,12,Motor Vehicle In-Transport,2,Front-to-Front,0,No,2,Intersection,2,Four-Way Intersection,0,None,,,1,On Roadway,3,Dark - Lighted,98,Not Reported,0,No Additional Atmospheric Conditions,98,Not Reported,0,No,0000000,Not Applicable,21,9:00pm-9:59pm,38,38,21,9:00pm-9:59pm,43,43,21,9:00pm-9:59pm,52,52,0,None,0,None,0,None,1,2