caseyear,state,st_case,statename,ve_total,ve_forms,pvh_invl,peds,pernotmvit,permvit,persons,county,countyname,city,cityname,day,dayname,month,monthname,year,day_week,day_weekname,hour,hourname,minute,minutename,nhs,nhsname,rur_urb,rur_urbname,func_sys,func_sysname,rd_owner,rd_ownername,route,routename,tway_id,tway_id2,milept,mileptname,latitude,latitudename,longitud,longitudname,sp_jur,sp_jurname,harm_ev,harm_evname,man_coll,man_collname,reljct1,reljct1name,reljct2,reljct2name,typ_int,typ_intname,wrk_zone,wrk_zonename,road_fnc,road_fncname,rel_road,rel_roadname,lgt_cond,lgt_condname,weather1,weather1name,weather2,weather2name,weather,weathername,sch_bus,sch_busname,rail,railname,not_hour,not_hourname,not_min,not_minname,arr_hour,arr_hourname,arr_min,arr_minname,hosp_hr,hosp_hrname,hosp_mn,hosp_mnname,cf1,cf1name,cf2,cf2name,cf3,cf3name,fatals,drunk_dr
2019,8,80302,Colorado,2,1,1,0,0,3,3,123,WELD (123),0,NOT APPLICABLE,5,5,8,August,2019,2,Monday,5,5:00am-5:59am,10,10,1,This section IS ON the NHS,1,Rural,1,Interstate,1,State Highway Agency,1,Interstate,I-76,,353,353,40.10647778,40.10647778,-104.587777800,-104.58777778,0,No Special Jurisdiction,14,Parked Motor Vehicle,0,The First Harmful Event was Not a Collision with a Motor Vehicle in Transport,0,No,1,Non-Junction,1,Not an Intersection,0,None,,,2,On Shoulder,1,Daylight,98,Not Reported,0,No Additional Atmospheric Conditions,98,Not Reported,0,No,0000000,Not Applicable,99,Unknown,99,Unknown,99,Unknown EMS Scene Arrival Hour,99,Unknown EMS Scene Arrival Minutes,99,Unknown,99,Unknown EMS Hospital Arrival Time,0,None,0,None,0,None,1,0
2019,8,80303,Colorado,3,3,0,1,1,4,4,35,DOUGLAS (35),0,NOT APPLICABLE,5,5,8,August,2019,2,Monday,22,10:00pm-10:59pm,0,0,1,This section IS ON the NHS,2,Urban,1,Interstate,1,State Highway Agency,1,Interstate,I-25,,1903,1903,39.49837778,39.49837778,-104.874000000,-104.874000000,0,No Special Jurisdiction,8,Pedestrian,0,The First Harmful Event was Not a Collision with a Motor Vehicle in Transport,0,No,1,Non-Junction,1,Not an Intersection,0,None,,,1,On Roadway,2,Dark - Not Lighted,1,Clear,0,No Additional Atmospheric Conditions,1,Clear,0,No,0000000,Not Applicable,99,Unknown,99,Unknown,99,Unknown EMS Scene Arrival Hour,99,Unknown EMS Scene Arrival Minutes,88,Not Applicable (Not Transported),88,Not Applicable (Not Transported),0,None,0,None,0,None,1,0
2019,8,80304,Colorado,2,2,0,0,0,4,4,1,ADAMS (1),2427,THORNTON,4,4,8,August,2019,1,Sunday,2,2:00am-2:59am,47,47,1,This section IS ON the NHS,2,Urban,1,Interstate,1,State Highway Agency,1,Interstate,I-25,,2263,2263,39.96000000,39.96000000,-104.987986100,-104.98798611,0,No Special Jurisdiction,12,Motor Vehicle In-Transport,1,Front-to-Rear,1,Yes,18,Through Roadway,1,Not an Intersection,0,None,,,1,On Roadway,3,Dark - Lighted,98,Not Reported,0,No Additional Atmospheric Conditions,98,Not Reported,0,No,0000000,Not Applicable,2,2:00am-2:59am,47,47,2,2:00am-2:59am,49,49,3,3:00am-3:59am,4,4,0,None,0,None,0,None,1,1
2019,8,80305,Colorado,1,1,0,0,0,2,2,5,ARAPAHOE (5),110,AURORA,4,4,8,August,2019,1,Sunday,6,6:00am-6:59am,30,30,0,This section IS NOT on the NHS,2,Urban,7,Local,4,City or Municipal Highway Agency,6,Local Street - Municipality,S MARGUERITE PKWY,,0,None,39.64307500,39.64307500,-104.804822200,-104.80482222,0,No Special Jurisdiction,5,Fell/Jumped from Vehicle,0,The First Harmful Event was Not a Collision with a Motor Vehicle in Transport,0,No,1,Non-Junction,1,Not an Intersection,0,None,,,1,On Roadway,1,Daylight,98,Not Reported,0,No Additional Atmospheric Conditions,98,Not Reported,0,No,0000000,Not Applicable,88,Not Applicable (Not Notified),88,Not Applicable (Not Notified),88,Not Applicable,88,Not Applicable,88,Not Applicable (Not Transported),88,Not Applicable (Not Transported),0,None,0,None,0,None,1,1
2019,8,80306,Colorado,2,2,0,0,0,2,2,41,EL PASO (41),0,NOT APPLICABLE,7,7,8,August,2019,4,Wednesday,4,4:00am-4:59am,47,47,0,This section IS NOT on the NHS,1,Rural,4,Minor Arterial,1,State Highway Agency,3,State Highway,SR-94,,228,228,38.83914444,38.83914444,-104.282027800,-104.28202778,0,No Special Jurisdiction,12,Motor Vehicle In-Transport,2,Front-to-Front,0,No,1,Non-Junction,1,Not an Intersection,0,None,,,1,On Roadway,2,Dark - Not Lighted,98,Not Reported,0,No Additional Atmospheric Conditions,98,Not Reported,0,No,0000000,Not Applicable,99,Unknown,99,Unknown,99,Unknown EMS Scene Arrival Hour,99,Unknown EMS Scene Arrival Minutes,88,Not Applicable (Not Transported),88,Not Applicable (Not Transported),0,None,0,None,0,None,1,1
2019,8,80307,Colorado,2,2,0,0,0,3,3,41,EL PASO (41),430,COLORADO SPRINGS,4,4,8,August,2019,1,Sunday,15,3:00pm-3:59pm,40,40,1,This section IS ON the NHS,2,Urban,3,Principal Arterial - Other,1,State Highway Agency,2,U.S. Highway,US-24  W CIMARRON ST,I-25 NB ON-RAMP,3038,3038,38.82794444,38.82794444,-104.835277800,-104.83527778,0,No Special Jurisdiction,12,Motor Vehicle In-Transport,2,Front-to-Front,1,Yes,2,Intersection,7,"Five Point, or More",0,None,,,1,On Roadway,1,Daylight,98,Not Reported,0,No Additional Atmospheric Conditions,98,Not Reported,0,No,0000000,Not Applicable,15,3:00pm-3:59pm,40,40,15,3:00pm-3:59pm,47,47,99,Unknown,99,Unknown EMS Hospital Arrival Time,0,None,0,None,0,None,1,1
2019,8,80308,Colorado,1,1,0,0,0,1,1,35,DOUGLAS (35),0,NOT APPLICABLE,7,7,8,August,2019,4,Wednesday,16,4:00pm-4:59pm,44,44,0,This section IS NOT on the NHS,2,Urban,7,Local,2,County Highway Agency,4,County Road,CR-PONDEROSA DR,,0,None,39.53924167,39.53924167,-104.734544400,-104.73454444,0,No Special Jurisdiction,31,"Post, Pole or Other Supports",0,The First Harmful Event was Not a Collision with a Motor Vehicle in Transport,0,No,1,Non-Junction,1,Not an Intersection,0,None,,,4,On Roadside,1,Daylight,98,Not Reported,0,No Additional Atmospheric Conditions,98,Not Reported,0,No,0000000,Not Applicable,16,4:00pm-4:59pm,45,45,16,4:00pm-4:59pm,51,51,17,5:00pm-5:59pm,2,2,0,None,0,None,0,None,1,0
2019,8,80309,Colorado,1,1,0,0,0,5,5,39,ELBERT (39),0,NOT APPLICABLE,11,11,8,August,2019,1,Sunday,6,6:00am-6:59am,30,30,1,This section IS ON the NHS,1,Rural,1,Interstate,1,State Highway Agency,1,Interstate,I-70,,3373,3373,39.49922222,39.49922222,-103.966977800,-103.96697778,0,No Special Jurisdiction,1,Rollover/Overturn,0,The First Harmful Event was Not a Collision with a Motor Vehicle in Transport,0,No,1,Non-Junction,1,Not an Intersection,0,None,,,4,On Roadside,4,Dawn,98,Not Reported,0,No Additional Atmospheric Conditions,98,Not Reported,0,No,0000000,Not Applicable,99,Unknown,99,Unknown,99,Unknown EMS Scene Arrival Hour,99,Unknown EMS Scene Arrival Minutes,99,Unknown,99,Unknown EMS Hospital Arrival Time,0,None,0,None,0,None,1,0
2019,8,80310,Colorado,3,1,2,0,0,3,3,31,DENVER (31),600,DENVER,4,4,8,August,2019,1,Sunday,18,6:00pm-6:59pm,39,39,0,This section IS NOT on the NHS,2,Urban,5,Major Collector,4,City or Municipal Highway Agency,6,Local Street - Municipality,N KNOX CT,,0,None,39.71901111,39.71901111,-105.032555600,-105.03255556,0,No Special Jurisdiction,14,Parked Motor Vehicle,0,The First Harmful Event was Not a Collision with a Motor Vehicle in Transport,0,No,1,Non-Junction,1,Not an Intersection,0,None,,,7,In Parking Lane/Zone,1,Daylight,98,Not Reported,0,No Additional Atmospheric Conditions,98,Not Reported,0,No,0000000,Not Applicable,18,6:00pm-6:59pm,45,45,18,6:00pm-6:59pm,58,58,19,7:00pm-7:59pm,3,3,14,"Motor Vehicle struck by falling cargo,or something that came loose from or something that was set in motion by a vehicle",0,None,0,None,1,0
2019,8,80311,Colorado,1,1,0,0,0,1,1,31,DENVER (31),600,DENVER,4,4,8,August,2019,1,Sunday,22,10:00pm-10:59pm,31,31,1,This section IS ON the NHS,2,Urban,3,Principal Arterial - Other,4,City or Municipal Highway Agency,6,Local Street - Municipality,W EVANS AVE,S BANNOCK ST,0,None,39.67842222,39.67842222,-104.989772200,-104.98977222,0,No Special Jurisdiction,33,Curb,0,The First Harmful Event was Not a Collision with a Motor Vehicle in Transport,0,No,3,Intersection-Related,2,Four-Way Intersection,0,None,,,3,On Median,3,Dark - Lighted,98,Not Reported,0,No Additional Atmospheric Conditions,98,Not Reported,0,No,0000000,Not Applicable,22,10:00pm-10:59pm,31,31,22,10:00pm-10:59pm,37,37,88,Not Applicable (Not Transported),88,Not Applicable (Not Transported),0,None,0,None,0,None,1,0
2019,8,80312,Colorado,2,2,0,0,0,3,3,123,WELD (123),2580,WINDSOR,11,11,8,August,2019,1,Sunday,16,4:00pm-4:59pm,36,36,0,This section IS NOT on the NHS,2,Urban,5,Major Collector,4,City or Municipal Highway Agency,6,Local Street - Municipality,EASTMAN PARK DR,CR-23  GREAT WESTERN DR,0,None,40.46513889,40.46513889,-104.856125000,-104.856125000,0,No Special Jurisdiction,12,Motor Vehicle In-Transport,6,Angle,0,No,2,Intersection,2,Four-Way Intersection,0,None,,,1,On Roadway,1,Daylight,98,Not Reported,0,No Additional Atmospheric Conditions,98,Not Reported,0,No,0000000,Not Applicable,16,4:00pm-4:59pm,38,38,16,4:00pm-4:59pm,44,44,99,Unknown,99,Unknown EMS Hospital Arrival Time,0,None,0,None,0,None,2,0
2019,8,80313,Colorado,1,1,0,0,0,4,4,71,LAS ANIMAS (71),0,NOT APPLICABLE,13,13,8,August,2019,3,Tuesday,9,9:00am-9:59am,58,58,1,This section IS ON the NHS,1,Rural,1,Interstate,1,State Highway Agency,1,Interstate,I-25,,235,235,37.30002222,37.30002222,-104.534241700,-104.53424167,0,No Special Jurisdiction,31,"Post, Pole or Other Supports",0,The First Harmful Event was Not a Collision with a Motor Vehicle in Transport,0,No,1,Non-Junction,1,Not an Intersection,0,None,,,3,On Median,1,Daylight,98,Not Reported,0,No Additional Atmospheric Conditions,98,Not Reported,0,No,0000000,Not Applicable,99,Unknown,99,Unknown,99,Unknown EMS Scene Arrival Hour,99,Unknown EMS Scene Arrival Minutes,88,Not Applicable (Not Transported),88,Not Applicable (Not Transported),0,None,0,None,0,None,2,1
2019,8,80314,Colorado,2,2,0,0,0,3,3,85,MONTROSE (85),0,NOT APPLICABLE,13,13,8,August,2019,3,Tuesday,15,3:00pm-3:59pm,29,29,0,This section IS NOT on the NHS,1,Rural,7,Local,2,County Highway Agency,4,County Road,CR-BANNER RD,CR-5400 RD,0,None,38.64986667,38.64986667,-108.076933300,-108.07693333,0,No Special Jurisdiction,12,Motor Vehicle In-Transport,6,Angle,0,No,2,Intersection,2,Four-Way Intersection,0,None,,,1,On Roadway,1,Daylight,98,Not Reported,0,No Additional Atmospheric Conditions,98,Not Reported,0,No,0000000,Not Applicable,99,Unknown,99,Unknown,99,Unknown EMS Scene Arrival Hour,99,Unknown EMS Scene Arrival Minutes,99,Unknown,99,Unknown EMS Hospital Arrival Time,0,None,0,None,0,None,1,0
2019,8,80315,Colorado,1,1,0,1,1,1,1,1,ADAMS (1),2427,THORNTON,10,10,8,August,2019,7,Saturday,16,4:00pm-4:59pm,34,34,0,This section IS NOT on the NHS,2,Urban,5,Major Collector,4,City or Municipal Highway Agency,6,Local Street - Municipality,MCKAY RD,,0,None,39.87278611,39.87278611,-104.912597200,-104.91259722,0,No Special Jurisdiction,9,Pedalcyclist,0,The First Harmful Event was Not a Collision with a Motor Vehicle in Transport,0,No,1,Non-Junction,1,Not an Intersection,0,None,,,1,On Roadway,1,Daylight,98,Not Reported,0,No Additional Atmospheric Conditions,98,Not Reported,0,No,0000000,Not Applicable,16,4:00pm-4:59pm,34,34,16,4:00pm-4:59pm,42,42,88,Not Applicable (Not Transported),88,Not Applicable (Not Transported),0,None,0,None,0,None,1,0
2019,8,80316,Colorado,1,1,0,0,0,1,1,1,ADAMS (1),230,BRIGHTON,14,14,8,August,2019,4,Wednesday,18,6:00pm-6:59pm,55,55,1,This section IS ON the NHS,2,Urban,2,Principal Arterial - Other Freeways and Expressways,1,State Highway Agency,2,U.S. Highway,US-85,,2312,2312,39.93408333,39.93408333,-104.845833300,-104.84583333,0,No Special Jurisdiction,24,Guardrail Face,0,The First Harmful Event was Not a Collision with a Motor Vehicle in Transport,0,No,1,Non-Junction,1,Not an Intersection,0,None,,,3,On Median,1,Daylight,98,Not Reported,0,No Additional Atmospheric Conditions,98,Not Reported,0,No,0000000,Not Applicable,18,6:00pm-6:59pm,55,55,19,7:00pm-7:59pm,3,3,88,Not Applicable (Not Transported),88,Not Applicable (Not Transported),0,None,0,None,0,None,1,1
2019,8,80317,Colorado,1,1,0,0,0,1,1,13,BOULDER (13),1530,LONGMONT,17,17,8,August,2019,7,Saturday,1,1:00am-1:59am,53,53,0,This section IS NOT on the NHS,2,Urban,4,Minor Arterial,4,City or Municipal Highway Agency,6,Local Street - Municipality,FRANCIS ST,,0,None,40.18613889,40.18613889,-105.116555600,-105.11655556,0,No Special Jurisdiction,38,Fence,0,The First Harmful Event was Not a Collision with a Motor Vehicle in Transport,0,No,1,Non-Junction,1,Not an Intersection,0,None,,,4,On Roadside,3,Dark - Lighted,98,Not Reported,0,No Additional Atmospheric Conditions,98,Not Reported,0,No,0000000,Not Applicable,2,2:00am-2:59am,33,33,2,2:00am-2:59am,36,36,88,Not Applicable (Not Transported),88,Not Applicable (Not Transported),0,None,0,None,0,None,1,1
2019,8,80318,Colorado,1,1,0,0,0,1,1,123,WELD (123),0,NOT APPLICABLE,17,17,8,August,2019,7,Saturday,12,12:00pm-12:59pm,12,12,1,This section IS ON the NHS,1,Rural,1,Interstate,1,State Highway Agency,1,Interstate,I-25,,2412,2412,40.17645833,40.17645833,-104.980088900,-104.98008889,0,No Special Jurisdiction,24,Guardrail Face,0,The First Harmful Event was Not a Collision with a Motor Vehicle in Transport,0,No,1,Non-Junction,1,Not an Intersection,0,None,,,4,On Roadside,1,Daylight,98,Not Reported,0,No Additional Atmospheric Conditions,98,Not Reported,0,No,0000000,Not Applicable,12,12:00pm-12:59pm,15,15,12,12:00pm-12:59pm,19,19,12,12:00pm-12:59pm,49,49,0,None,0,None,0,None,1,1
2019,8,80319,Colorado,2,2,0,0,0,3,3,45,GARFIELD (45),0,NOT APPLICABLE,17,17,8,August,2019,7,Saturday,16,4:00pm-4:59pm,45,45,1,This section IS ON the NHS,1,Rural,1,Interstate,1,State Highway Agency,1,Interstate,I-70,,1089,1089,39.57271667,39.57271667,-107.454147200,-107.45414722,0,No Special Jurisdiction,31,"Post, Pole or Other Supports",0,The First Harmful Event was Not a Collision with a Motor Vehicle in Transport,1,Yes,19,Other location within Interchange Area,1,Not an Intersection,0,None,,,3,On Median,1,Daylight,98,Not Reported,0,No Additional Atmospheric Conditions,98,Not Reported,0,No,0000000,Not Applicable,99,Unknown,99,Unknown,99,Unknown EMS Scene Arrival Hour,99,Unknown EMS Scene Arrival Minutes,88,Not Applicable (Not Transported),88,Not Applicable (Not Transported),0,None,0,None,0,None,1,1
2019,8,80320,Colorado,2,2,0,0,0,2,2,1,ADAMS (1),230,BRIGHTON,17,17,8,August,2019,7,Saturday,20,8:00pm-8:59pm,30,30,1,This section IS ON the NHS,2,Urban,3,Principal Arterial - Other,1,State Highway Agency,2,U.S. Highway,US-85,E 120TH AVE,2298,2298,39.91468889,39.91468889,-104.856950000,-104.856950000,0,No Special Jurisdiction,12,Motor Vehicle In-Transport,1,Front-to-Rear,0,No,3,Intersection-Related,2,Four-Way Intersection,0,None,,,1,On Roadway,3,Dark - Lighted,98,Not Reported,0,No Additional Atmospheric Conditions,98,Not Reported,0,No,0000000,Not Applicable,20,8:00pm-8:59pm,30,30,20,8:00pm-8:59pm,40,40,88,Not Applicable (Not Transported),88,Not Applicable (Not Transported),0,None,0,None,0,None,1,1
2019,8,80321,Colorado,1,1,0,0,0,1,1,91,OURAY (91),0,NOT APPLICABLE,17,17,8,August,2019,7,Saturday,23,11:00pm-11:59pm,20,20,1,This section IS ON the NHS,1,Rural,3,Principal Arterial - Other,1,State Highway Agency,2,U.S. Highway,US-550,,815,815,37.91202778,37.91202778,-107.702527800,-107.70252778,0,No Special Jurisdiction,1,Rollover/Overturn,0,The First Harmful Event was Not a Collision with a Motor Vehicle in Transport,0,No,1,Non-Junction,1,Not an Intersection,0,None,,,4,On Roadside,2,Dark - Not Lighted,98,Not Reported,0,No Additional Atmospheric Conditions,98,Not Reported,0,No,0000000,Not Applicable,99,Unknown,99,Unknown,99,Unknown EMS Scene Arrival Hour,99,Unknown EMS Scene Arrival Minutes,88,Not Applicable (Not Transported),88,Not Applicable (Not Transported),0,None,0,None,0,None,1,0
2019,8,80322,Colorado,1,1,0,0,0,2,2,49,GRAND (49),0,NOT APPLICABLE,9,9,8,August,2019,6,Friday,16,4:00pm-4:59pm,37,37,0,This section IS NOT on the NHS,1,Rural,5,Major Collector,1,State Highway Agency,3,State Highway,SR-134,,138,138,40.06297222,40.06297222,-106.587333300,-106.58733333,0,No Special Jurisdiction,1,Rollover/Overturn,0,The First Harmful Event was Not a Collision with a Motor Vehicle in Transport,0,No,1,Non-Junction,1,Not an Intersection,0,None,,,4,On Roadside,1,Daylight,98,Not Reported,0,No Additional Atmospheric Conditions,98,Not Reported,0,No,0000000,Not Applicable,16,4:00pm-4:59pm,38,38,17,5:00pm-5:59pm,0,0,18,6:00pm-6:59pm,0,0,0,None,0,None,0,None,1,0
2019,8,80323,Colorado,2,2,0,0,0,2,2,23,COSTILLA (23),0,NOT APPLICABLE,17,17,8,August,2019,7,Saturday,21,9:00pm-9:59pm,42,42,1,This section IS ON the NHS,1,Rural,3,Principal Arterial - Other,1,State Highway Agency,2,U.S. Highway,US-160,,2509,2509,37.45771111,37.45771111,-105.555208300,-105.55520833,0,No Special Jurisdiction,12,Motor Vehicle In-Transport,2,Front-to-Front,0,No,1,Non-Junction,1,Not an Intersection,0,None,,,1,On Roadway,2,Dark - Not Lighted,98,Not Reported,0,No Additional Atmospheric Conditions,98,Not Reported,0,No,0000000,Not Applicable,21,9:00pm-9:59pm,44,44,22,10:00pm-10:59pm,0,0,88,Not Applicable (Not Transported),88,Not Applicable (Not Transported),0,None,0,None,0,None,1,0
2019,8,80324,Colorado,1,1,0,1,1,1,1,59,JEFFERSON (59),0,NOT APPLICABLE,18,18,8,August,2019,1,Sunday,20,8:00pm-8:59pm,33,33,0,This section IS NOT on the NHS,2,Urban,4,Minor Arterial,1,State Highway Agency,3,State Highway,SR-72   INDIANA ST,,55,55,39.83758889,39.83758889,-105.165222200,-105.16522222,0,No Special Jurisdiction,9,Pedalcyclist,0,The First Harmful Event was Not a Collision with a Motor Vehicle in Transport,0,No,1,Non-Junction,1,Not an Intersection,0,None,,,1,On Roadway,2,Dark - Not Lighted,98,Not Reported,0,No Additional Atmospheric Conditions,98,Not Reported,0,No,0000000,Not Applicable,99,Unknown,99,Unknown,99,Unknown EMS Scene Arrival Hour,99,Unknown EMS Scene Arrival Minutes,88,Not Applicable (Not Transported),88,Not Applicable (Not Transported),0,None,0,None,0,None,1,0
2019,8,80325,Colorado,3,3,0,0,0,3,3,59,JEFFERSON (59),0,NOT APPLICABLE,19,19,8,August,2019,2,Monday,10,10:00am-10:59am,48,48,0,This section IS NOT on the NHS,2,Urban,4,Minor Arterial,2,County Highway Agency,4,County Road,CR-S PIERCE ST,CR-W COAL MINE AVE,0,None,39.59525833,39.59525833,-105.072830600,-105.07283056,0,No Special Jurisdiction,12,Motor Vehicle In-Transport,6,Angle,0,No,2,Intersection,2,Four-Way Intersection,0,None,,,1,On Roadway,1,Daylight,1,Clear,0,No Additional Atmospheric Conditions,1,Clear,0,No,0000000,Not Applicable,99,Unknown,99,Unknown,99,Unknown EMS Scene Arrival Hour,99,Unknown EMS Scene Arrival Minutes,88,Not Applicable (Not Transported),88,Not Applicable (Not Transported),14,"Motor Vehicle struck by falling cargo,or something that came loose from or something that was set in motion by a vehicle",0,None,0,None,1,0
2019,8,80326,Colorado,2,2,0,0,0,2,2,35,DOUGLAS (35),0,NOT APPLICABLE,19,19,8,August,2019,2,Monday,6,6:00am-6:59am,20,20,0,This section IS NOT on the NHS,2,Urban,4,Minor Arterial,2,County Highway Agency,4,County Road,CR-E COUNTY LINE RD,CR S POWHATON RD,0,None,39.56559444,39.56559444,-104.679338900,-104.67933889,0,No Special Jurisdiction,12,Motor Vehicle In-Transport,6,Angle,0,No,2,Intersection,2,Four-Way Intersection,0,None,,,1,On Roadway,1,Daylight,98,Not Reported,0,No Additional Atmospheric Conditions,98,Not Reported,0,No,0000000,Not Applicable,6,6:00am-6:59am,22,22,6,6:00am-6:59am,33,33,88,Not Applicable (Not Transported),88,Not Applicable (Not Transported),0,None,0,None,0,None,1,0
2019,8,80327,Colorado,1,1,0,0,0,2,2,51,GUNNISON (51),0,NOT APPLICABLE,20,20,8,August,2019,3,Tuesday,15,3:00pm-3:59pm,5,5,1,This section IS ON the NHS,2,Urban,3,Principal Arterial - Other,1,State Highway Agency,2,U.S. Highway,US-50,,1595,1595,38.54461111,38.54461111,-106.889000000,-106.889000000,0,No Special Jurisdiction,1,Rollover/Overturn,0,The First Harmful Event was Not a Collision with a Motor Vehicle in Transport,0,No,1,Non-Junction,1,Not an Intersection,0,None,,,4,On Roadside,1,Daylight,98,Not Reported,0,No Additional Atmospheric Conditions,98,Not Reported,0,No,0000000,Not Applicable,15,3:00pm-3:59pm,7,7,15,3:00pm-3:59pm,13,13,99,Unknown,99,Unknown EMS Hospital Arrival Time,0,None,0,None,0,None,1,0
2019,8,80328,Colorado,1,1,0,1,1,2,2,1,ADAMS (1),434,COMMERCE CITY,20,20,8,August,2019,3,Tuesday,4,4:00am-4:59am,22,22,1,This section IS ON the NHS,2,Urban,3,Principal Arterial - Other,1,State Highway Agency,2,U.S. Highway,US-6 AND 85,SR265  E 69TH AVE,2942,2942,39.82202222,39.82202222,-104.931000000,-104.931000000,0,No Special Jurisdiction,9,Pedalcyclist,0,The First Harmful Event was Not a Collision with a Motor Vehicle in Transport,0,No,3,Intersection-Related,2,Four-Way Intersection,0,None,,,1,On Roadway,3,Dark - Lighted,98,Not Reported,0,No Additional Atmospheric Conditions,98,Not Reported,0,No,0000000,Not Applicable,4,4:00am-4:59am,22,22,4,4:00am-4:59am,27,27,5,5:00am-5:59am,0,0,0,None,0,None,0,None,1,0
2019,8,80329,Colorado,1,1,0,0,0,2,2,41,EL PASO (41),0,NOT APPLICABLE,11,11,8,August,2019,1,Sunday,14,2:00pm-2:59pm,35,35,0,This section IS NOT on the NHS,1,Rural,7,Local,64,U.S. Forest Service,8,Other,FR-300   RAMPART RANGE RD,,0,None,38.98011111,38.98011111,-105.011583300,-105.01158333,5,Other Federal Properties*,42,Tree (Standing Only),0,The First Harmful Event was Not a Collision with a Motor Vehicle in Transport,0,No,1,Non-Junction,1,Not an Intersection,0,None,,,4,On Roadside,1,Daylight,98,Not Reported,0,No Additional Atmospheric Conditions,98,Not Reported,0,No,0000000,Not Applicable,14,2:00pm-2:59pm,43,43,14,2:00pm-2:59pm,56,56,15,3:00pm-3:59pm,52,52,0,None,0,None,0,None,1,0
2019,8,80330,Colorado,1,1,0,1,1,1,1,5,ARAPAHOE (5),1085,GREENWOOD VILLAGE,15,15,8,August,2019,5,Thursday,22,10:00pm-10:59pm,18,18,1,This section IS ON the NHS,2,Urban,3,Principal Arterial - Other,4,City or Municipal Highway Agency,6,Local Street - Municipality,E ARAPAHOE RD,,0,None,39.59490000,39.59490000,-104.887250000,-104.887250000,0,No Special Jurisdiction,8,Pedestrian,0,The First Harmful Event was Not a Collision with a Motor Vehicle in Transport,0,No,1,Non-Junction,1,Not an Intersection,0,None,,,1,On Roadway,3,Dark - Lighted,98,Not Reported,0,No Additional Atmospheric Conditions,98,Not Reported,0,No,0000000,Not Applicable,99,Unknown,99,Unknown,99,Unknown EMS Scene Arrival Hour,99,Unknown EMS Scene Arrival Minutes,99,Unknown,99,Unknown EMS Hospital Arrival Time,0,None,0,None,0,None,1,0
2019,8,80331,Colorado,1,1,0,0,0,1,1,63,KIT CARSON (63),0,NOT APPLICABLE,22,22,8,August,2019,5,Thursday,6,6:00am-6:59am,0,0,0,This section IS NOT on the NHS,1,Rural,7,Local,2,County Highway Agency,4,County Road,CR-30,CR-1ST ST,0,None,39.30686111,39.30686111,-102.614594400,-102.61459444,0,No Special Jurisdiction,18,Other Object (not fixed),0,The First Harmful Event was Not a Collision with a Motor Vehicle in Transport,0,No,3,Intersection-Related,3,T-Intersection,0,None,,,4,On Roadside,1,Daylight,98,Not Reported,0,No Additional Atmospheric Conditions,98,Not Reported,0,No,0000000,Not Applicable,99,Unknown,99,Unknown,99,Unknown EMS Scene Arrival Hour,99,Unknown EMS Scene Arrival Minutes,88,Not Applicable (Not Transported),88,Not Applicable (Not Transported),0,None,0,None,0,None,1,1
2019,8,80332,Colorado,1,1,0,0,0,1,1,93,PARK (93),0,NOT APPLICABLE,23,23,8,August,2019,6,Friday,6,6:00am-6:59am,10,10,0,This section IS NOT on the NHS,1,Rural,4,Minor Arterial,1,State Highway Agency,2,U.S. Highway,US-24,,2663,2663,38.97165000,38.97165000,-105.344972200,-105.34497222,0,No Special Jurisdiction,31,"Post, Pole or Other Supports",0,The First Harmful Event was Not a Collision with a Motor Vehicle in Transport,0,No,1,Non-Junction,1,Not an Intersection,0,None,,,4,On Roadside,4,Dawn,98,Not Reported,0,No Additional Atmospheric Conditions,98,Not Reported,0,No,0000000,Not Applicable,99,Unknown,99,Unknown,99,Unknown EMS Scene Arrival Hour,99,Unknown EMS Scene Arrival Minutes,88,Not Applicable (Not Transported),88,Not Applicable (Not Transported),0,None,0,None,0,None,1,1