caseyear,state,st_case,statename,ve_total,ve_forms,pvh_invl,peds,pernotmvit,permvit,persons,county,countyname,city,cityname,day,dayname,month,monthname,year,day_week,day_weekname,hour,hourname,minute,minutename,nhs,nhsname,rur_urb,rur_urbname,func_sys,func_sysname,rd_owner,rd_ownername,route,routename,tway_id,tway_id2,milept,mileptname,latitude,latitudename,longitud,longitudname,sp_jur,sp_jurname,harm_ev,harm_evname,man_coll,man_collname,reljct1,reljct1name,reljct2,reljct2name,typ_int,typ_intname,wrk_zone,wrk_zonename,road_fnc,road_fncname,rel_road,rel_roadname,lgt_cond,lgt_condname,weather1,weather1name,weather2,weather2name,weather,weathername,sch_bus,sch_busname,rail,railname,not_hour,not_hourname,not_min,not_minname,arr_hour,arr_hourname,arr_min,arr_minname,hosp_hr,hosp_hrname,hosp_mn,hosp_mnname,cf1,cf1name,cf2,cf2name,cf3,cf3name,fatals,drunk_dr
2019,8,80366,Colorado,2,2,0,0,0,6,6,45,GARFIELD (45),0,NOT APPLICABLE,2,2,9,September,2019,2,Monday,12,12:00pm-12:59pm,22,22,0,This section IS NOT on the NHS,1,Rural,4,Minor Arterial,1,State Highway Agency,3,State Highway,SR-139,,224,224,39.47708333,39.47708333,-108.764216700,-108.76421667,0,No Special Jurisdiction,12,Motor Vehicle In-Transport,6,Angle,0,No,1,Non-Junction,1,Not an Intersection,0,None,,,1,On Roadway,1,Daylight,98,Not Reported,0,No Additional Atmospheric Conditions,98,Not Reported,0,No,0000000,Not Applicable,12,12:00pm-12:59pm,22,22,99,Unknown EMS Scene Arrival Hour,99,Unknown EMS Scene Arrival Minutes,99,Unknown,99,Unknown EMS Hospital Arrival Time,0,None,0,None,0,None,1,0
2019,8,80367,Colorado,2,2,0,1,1,2,2,5,ARAPAHOE (5),110,AURORA,4,4,9,September,2019,4,Wednesday,2,2:00am-2:59am,58,58,1,This section IS ON the NHS,2,Urban,3,Principal Arterial - Other,4,City or Municipal Highway Agency,6,Local Street - Municipality,S BUCKLEY RD,,0,None,39.68223611,39.68223611,-104.790877800,-104.79087778,0,No Special Jurisdiction,9,Pedalcyclist,0,The First Harmful Event was Not a Collision with a Motor Vehicle in Transport,0,No,1,Non-Junction,1,Not an Intersection,0,None,,,1,On Roadway,3,Dark - Lighted,98,Not Reported,0,No Additional Atmospheric Conditions,98,Not Reported,0,No,0000000,Not Applicable,2,2:00am-2:59am,58,58,3,3:00am-3:59am,5,5,88,Not Applicable (Not Transported),88,Not Applicable (Not Transported),0,None,0,None,0,None,1,0
2019,8,80368,Colorado,1,1,0,1,1,1,1,41,EL PASO (41),0,NOT APPLICABLE,5,5,9,September,2019,5,Thursday,20,8:00pm-8:59pm,41,41,1,This section IS ON the NHS,2,Urban,3,Principal Arterial - Other,1,State Highway Agency,2,U.S. Highway,US-24,,2901,2901,38.93548611,38.93548611,-105.008527800,-105.00852778,0,No Special Jurisdiction,8,Pedestrian,0,The First Harmful Event was Not a Collision with a Motor Vehicle in Transport,0,No,1,Non-Junction,1,Not an Intersection,0,None,,,1,On Roadway,2,Dark - Not Lighted,98,Not Reported,0,No Additional Atmospheric Conditions,98,Not Reported,0,No,0000000,Not Applicable,99,Unknown,99,Unknown,99,Unknown EMS Scene Arrival Hour,99,Unknown EMS Scene Arrival Minutes,88,Not Applicable (Not Transported),88,Not Applicable (Not Transported),0,None,0,None,0,None,1,0
2019,8,80369,Colorado,1,1,0,0,0,7,7,89,OTERO (89),0,NOT APPLICABLE,5,5,9,September,2019,5,Thursday,8,8:00am-8:59am,3,3,0,This section IS NOT on the NHS,1,Rural,4,Minor Arterial,1,State Highway Agency,2,U.S. Highway,US-350,,571,571,37.82927500,37.82927500,-103.761222200,-103.76122222,0,No Special Jurisdiction,21,Bridge Pier or Support,0,The First Harmful Event was Not a Collision with a Motor Vehicle in Transport,0,No,1,Non-Junction,1,Not an Intersection,0,None,,,4,On Roadside,1,Daylight,98,Not Reported,0,No Additional Atmospheric Conditions,98,Not Reported,0,No,0000000,Not Applicable,99,Unknown,99,Unknown,99,Unknown EMS Scene Arrival Hour,99,Unknown EMS Scene Arrival Minutes,99,Unknown,99,Unknown EMS Hospital Arrival Time,0,None,0,None,0,None,1,0
2019,8,80370,Colorado,1,1,0,0,0,1,1,59,JEFFERSON (59),80,ARVADA,6,6,9,September,2019,6,Friday,14,2:00pm-2:59pm,32,32,0,This section IS NOT on the NHS,2,Urban,7,Local,4,City or Municipal Highway Agency,6,Local Street - Municipality,ESTES ST,,0,None,39.81097222,39.81097222,-105.095388900,-105.09538889,0,No Special Jurisdiction,21,Bridge Pier or Support,0,The First Harmful Event was Not a Collision with a Motor Vehicle in Transport,0,No,1,Non-Junction,1,Not an Intersection,0,None,,,4,On Roadside,1,Daylight,98,Not Reported,0,No Additional Atmospheric Conditions,98,Not Reported,0,No,0000000,Not Applicable,14,2:00pm-2:59pm,33,33,14,2:00pm-2:59pm,38,38,15,3:00pm-3:59pm,0,0,0,None,0,None,0,None,1,0
2019,8,80371,Colorado,1,1,0,0,0,2,2,69,LARIMER (69),0,NOT APPLICABLE,7,7,9,September,2019,7,Saturday,14,2:00pm-2:59pm,55,55,0,This section IS NOT on the NHS,1,Rural,4,Minor Arterial,1,State Highway Agency,3,State Highway,SR-14,,1098,1098,40.69250000,40.69250000,-105.337466700,-105.33746667,0,No Special Jurisdiction,31,"Post, Pole or Other Supports",0,The First Harmful Event was Not a Collision with a Motor Vehicle in Transport,0,No,1,Non-Junction,1,Not an Intersection,0,None,,,4,On Roadside,1,Daylight,98,Not Reported,0,No Additional Atmospheric Conditions,98,Not Reported,0,No,0000000,Not Applicable,15,3:00pm-3:59pm,5,5,15,3:00pm-3:59pm,25,25,16,4:00pm-4:59pm,17,17,0,None,0,None,0,None,2,1
2019,8,80372,Colorado,1,1,0,0,0,1,1,101,PUEBLO (101),0,NOT APPLICABLE,7,7,9,September,2019,7,Saturday,16,4:00pm-4:59pm,20,20,0,This section IS NOT on the NHS,1,Rural,4,Minor Arterial,1,State Highway Agency,3,State Highway,SR-96,,386,386,38.25930556,38.25930556,-104.885000000,-104.885000000,0,No Special Jurisdiction,1,Rollover/Overturn,0,The First Harmful Event was Not a Collision with a Motor Vehicle in Transport,0,No,1,Non-Junction,1,Not an Intersection,0,None,,,4,On Roadside,1,Daylight,98,Not Reported,0,No Additional Atmospheric Conditions,98,Not Reported,0,No,0000000,Not Applicable,99,Unknown,99,Unknown,99,Unknown EMS Scene Arrival Hour,99,Unknown EMS Scene Arrival Minutes,88,Not Applicable (Not Transported),88,Not Applicable (Not Transported),0,None,0,None,0,None,1,1
2019,8,80373,Colorado,1,1,0,0,0,1,1,109,SAGUACHE (109),0,NOT APPLICABLE,8,8,9,September,2019,1,Sunday,0,0:00am-0:59am,0,0,0,This section IS NOT on the NHS,1,Rural,5,Major Collector,1,State Highway Agency,3,State Highway,SR-114,,467,467,38.12433333,38.12433333,-106.354955600,-106.35495556,0,No Special Jurisdiction,1,Rollover/Overturn,0,The First Harmful Event was Not a Collision with a Motor Vehicle in Transport,0,No,1,Non-Junction,1,Not an Intersection,0,None,,,4,On Roadside,2,Dark - Not Lighted,98,Not Reported,0,No Additional Atmospheric Conditions,98,Not Reported,0,No,0000000,Not Applicable,99,Unknown,99,Unknown,99,Unknown EMS Scene Arrival Hour,99,Unknown EMS Scene Arrival Minutes,88,Not Applicable (Not Transported),88,Not Applicable (Not Transported),0,None,0,None,0,None,1,1
2019,8,80374,Colorado,3,3,0,0,0,10,10,5,ARAPAHOE (5),0,NOT APPLICABLE,8,8,9,September,2019,1,Sunday,1,1:00am-1:59am,25,25,0,This section IS NOT on the NHS,1,Rural,6,Minor Collector,2,County Highway Agency,4,County Road,CR-WATKINS RD,,0,None,39.70138889,39.70138889,-104.603383300,-104.60338333,0,No Special Jurisdiction,12,Motor Vehicle In-Transport,2,Front-to-Front,0,No,1,Non-Junction,1,Not an Intersection,0,None,,,1,On Roadway,2,Dark - Not Lighted,1,Clear,0,No Additional Atmospheric Conditions,1,Clear,0,No,0000000,Not Applicable,99,Unknown,99,Unknown,99,Unknown EMS Scene Arrival Hour,99,Unknown EMS Scene Arrival Minutes,99,Unknown,99,Unknown EMS Hospital Arrival Time,0,None,0,None,0,None,1,2
2019,8,80375,Colorado,3,3,0,0,0,5,5,41,EL PASO (41),430,COLORADO SPRINGS,1,1,9,September,2019,1,Sunday,20,8:00pm-8:59pm,42,42,1,This section IS ON the NHS,2,Urban,3,Principal Arterial - Other,4,City or Municipal Highway Agency,6,Local Street - Municipality,N ACADEMY BLVD,,0,None,38.87572222,38.87572222,-104.757166700,-104.75716667,0,No Special Jurisdiction,12,Motor Vehicle In-Transport,1,Front-to-Rear,0,No,1,Non-Junction,1,Not an Intersection,0,None,,,1,On Roadway,3,Dark - Lighted,98,Not Reported,0,No Additional Atmospheric Conditions,98,Not Reported,0,No,0000000,Not Applicable,20,8:00pm-8:59pm,42,42,20,8:00pm-8:59pm,47,47,88,Not Applicable (Not Transported),88,Not Applicable (Not Transported),0,None,0,None,0,None,1,1
2019,8,80376,Colorado,1,1,0,0,0,1,1,63,KIT CARSON (63),0,NOT APPLICABLE,10,10,9,September,2019,3,Tuesday,0,0:00am-0:59am,0,0,0,This section IS NOT on the NHS,1,Rural,6,Minor Collector,1,State Highway Agency,2,U.S. Highway,US-24,,4466,4466,39.30122778,39.30122778,-102.433661100,-102.43366111,0,No Special Jurisdiction,31,"Post, Pole or Other Supports",0,The First Harmful Event was Not a Collision with a Motor Vehicle in Transport,0,No,1,Non-Junction,1,Not an Intersection,0,None,,,4,On Roadside,2,Dark - Not Lighted,1,Clear,0,No Additional Atmospheric Conditions,1,Clear,0,No,0000000,Not Applicable,99,Unknown,99,Unknown,99,Unknown EMS Scene Arrival Hour,99,Unknown EMS Scene Arrival Minutes,88,Not Applicable (Not Transported),88,Not Applicable (Not Transported),0,None,0,None,0,None,1,1
2019,8,80377,Colorado,1,1,0,0,0,1,1,123,WELD (123),1070,GREELEY,10,10,9,September,2019,3,Tuesday,0,0:00am-0:59am,35,35,1,This section IS ON the NHS,2,Urban,3,Principal Arterial - Other,1,State Highway Agency,2,U.S. Highway,US-85,W 13TH ST,2678,2678,40.41843889,40.41843889,-104.679619400,-104.67961944,0,No Special Jurisdiction,46,Traffic Signal Support,0,The First Harmful Event was Not a Collision with a Motor Vehicle in Transport,0,No,3,Intersection-Related,2,Four-Way Intersection,0,None,,,12,Pedestrian Refuge Island or Traffic Island,3,Dark - Lighted,2,Rain,0,No Additional Atmospheric Conditions,2,Rain,0,No,0000000,Not Applicable,0,0:00am-0:59am,35,35,0,0:00am-0:59am,40,40,88,Not Applicable (Not Transported),88,Not Applicable (Not Transported),0,None,0,None,0,None,1,1
2019,8,80378,Colorado,1,1,0,1,1,1,1,13,BOULDER (13),1530,LONGMONT,6,6,9,September,2019,6,Friday,22,10:00pm-10:59pm,17,17,1,This section IS ON the NHS,2,Urban,3,Principal Arterial - Other,1,State Highway Agency,2,U.S. Highway,US-287  S MAIN ST,,3136,3136,40.13514444,40.13514444,-105.102388900,-105.10238889,0,No Special Jurisdiction,8,Pedestrian,0,The First Harmful Event was Not a Collision with a Motor Vehicle in Transport,0,No,1,Non-Junction,1,Not an Intersection,0,None,,,1,On Roadway,2,Dark - Not Lighted,98,Not Reported,0,No Additional Atmospheric Conditions,98,Not Reported,0,No,0000000,Not Applicable,22,10:00pm-10:59pm,30,30,22,10:00pm-10:59pm,36,36,88,Not Applicable (Not Transported),88,Not Applicable (Not Transported),0,None,0,None,0,None,1,0
2019,8,80379,Colorado,1,1,0,0,0,1,1,69,LARIMER (69),0,NOT APPLICABLE,11,11,9,September,2019,4,Wednesday,12,12:00pm-12:59pm,12,12,1,This section IS ON the NHS,1,Rural,3,Principal Arterial - Other,1,State Highway Agency,2,U.S. Highway,US-36,,76,76,40.31916667,40.31916667,-105.410416700,-105.41041667,0,No Special Jurisdiction,42,Tree (Standing Only),0,The First Harmful Event was Not a Collision with a Motor Vehicle in Transport,0,No,1,Non-Junction,1,Not an Intersection,0,None,,,4,On Roadside,1,Daylight,98,Not Reported,0,No Additional Atmospheric Conditions,98,Not Reported,0,No,0000000,Not Applicable,99,Unknown,99,Unknown,99,Unknown EMS Scene Arrival Hour,99,Unknown EMS Scene Arrival Minutes,88,Not Applicable (Not Transported),88,Not Applicable (Not Transported),0,None,0,None,0,None,1,0
2019,8,80381,Colorado,2,2,0,0,0,2,2,49,GRAND (49),0,NOT APPLICABLE,13,13,9,September,2019,6,Friday,22,10:00pm-10:59pm,24,24,1,This section IS ON the NHS,1,Rural,3,Principal Arterial - Other,1,State Highway Agency,2,U.S. Highway,US-40,,2186,2186,40.01018333,40.01018333,-105.921944400,-105.92194444,0,No Special Jurisdiction,12,Motor Vehicle In-Transport,1,Front-to-Rear,0,No,1,Non-Junction,1,Not an Intersection,0,None,,,1,On Roadway,2,Dark - Not Lighted,98,Not Reported,0,No Additional Atmospheric Conditions,98,Not Reported,0,No,0000000,Not Applicable,99,Unknown,99,Unknown,99,Unknown EMS Scene Arrival Hour,99,Unknown EMS Scene Arrival Minutes,99,Unknown,99,Unknown EMS Hospital Arrival Time,0,None,0,None,0,None,1,1
2019,8,80382,Colorado,1,1,0,0,0,1,1,59,JEFFERSON (59),0,NOT APPLICABLE,13,13,9,September,2019,6,Friday,4,4:00am-4:59am,10,10,0,This section IS NOT on the NHS,2,Urban,4,Minor Arterial,2,County Highway Agency,4,County Road,CR-93,,5,5,39.69283333,39.69283333,-105.202777800,-105.20277778,0,No Special Jurisdiction,1,Rollover/Overturn,0,The First Harmful Event was Not a Collision with a Motor Vehicle in Transport,0,No,1,Non-Junction,1,Not an Intersection,0,None,,,4,On Roadside,2,Dark - Not Lighted,98,Not Reported,0,No Additional Atmospheric Conditions,98,Not Reported,0,No,0000000,Not Applicable,99,Unknown,99,Unknown,99,Unknown EMS Scene Arrival Hour,99,Unknown EMS Scene Arrival Minutes,88,Not Applicable (Not Transported),88,Not Applicable (Not Transported),0,None,0,None,0,None,1,0
2019,8,80383,Colorado,1,1,0,0,0,3,3,5,ARAPAHOE (5),0,NOT APPLICABLE,15,15,9,September,2019,1,Sunday,5,5:00am-5:59am,30,30,1,This section IS ON the NHS,1,Rural,1,Interstate,1,State Highway Agency,1,Interstate,I-70,,3196,3196,39.69755556,39.69755556,-104.158377800,-104.15837778,0,No Special Jurisdiction,31,"Post, Pole or Other Supports",0,The First Harmful Event was Not a Collision with a Motor Vehicle in Transport,0,No,1,Non-Junction,1,Not an Intersection,0,None,,,3,On Median,2,Dark - Not Lighted,98,Not Reported,0,No Additional Atmospheric Conditions,98,Not Reported,0,No,0000000,Not Applicable,99,Unknown,99,Unknown,99,Unknown EMS Scene Arrival Hour,99,Unknown EMS Scene Arrival Minutes,88,Not Applicable (Not Transported),88,Not Applicable (Not Transported),0,None,0,None,0,None,1,1
2019,8,80384,Colorado,1,1,0,0,0,2,2,41,EL PASO (41),0,NOT APPLICABLE,15,15,9,September,2019,1,Sunday,11,11:00am-11:59am,12,12,0,This section IS NOT on the NHS,1,Rural,4,Minor Arterial,2,County Highway Agency,4,County Road,CR-ELBERT RD,,0,None,39.11333333,39.11333333,-104.551872200,-104.55187222,0,No Special Jurisdiction,38,Fence,0,The First Harmful Event was Not a Collision with a Motor Vehicle in Transport,0,No,1,Non-Junction,1,Not an Intersection,0,None,,,5,Outside Trafficway,1,Daylight,98,Not Reported,0,No Additional Atmospheric Conditions,98,Not Reported,0,No,0000000,Not Applicable,11,11:00am-11:59am,35,35,11,11:00am-11:59am,48,48,99,Unknown,99,Unknown EMS Hospital Arrival Time,0,None,0,None,0,None,1,0
2019,8,80385,Colorado,2,2,0,0,0,2,2,13,BOULDER (13),0,NOT APPLICABLE,15,15,9,September,2019,1,Sunday,14,2:00pm-2:59pm,0,0,0,This section IS NOT on the NHS,1,Rural,4,Minor Arterial,1,State Highway Agency,3,State Highway,SR-72,,513,513,40.14100556,40.14100556,-105.484550000,-105.484550000,0,No Special Jurisdiction,12,Motor Vehicle In-Transport,6,Angle,0,No,1,Non-Junction,1,Not an Intersection,0,None,,,1,On Roadway,1,Daylight,98,Not Reported,0,No Additional Atmospheric Conditions,98,Not Reported,0,No,0000000,Not Applicable,13,1:00pm-1:59pm,55,55,14,2:00pm-2:59pm,2,2,17,5:00pm-5:59pm,6,6,0,None,0,None,0,None,1,0
2019,8,80386,Colorado,2,2,0,0,0,5,5,105,RIO GRANDE (105),0,NOT APPLICABLE,13,13,9,September,2019,6,Friday,17,5:00pm-5:59pm,45,45,1,This section IS ON the NHS,1,Rural,3,Principal Arterial - Other,1,State Highway Agency,2,U.S. Highway,US-160,,2201,2201,37.55326389,37.55326389,-106.078908300,-106.07890833,0,No Special Jurisdiction,12,Motor Vehicle In-Transport,6,Angle,0,No,1,Non-Junction,1,Not an Intersection,0,None,,,2,On Shoulder,1,Daylight,98,Not Reported,0,No Additional Atmospheric Conditions,98,Not Reported,0,No,0000000,Not Applicable,99,Unknown,99,Unknown,99,Unknown EMS Scene Arrival Hour,99,Unknown EMS Scene Arrival Minutes,99,Unknown,99,Unknown EMS Hospital Arrival Time,0,None,0,None,0,None,1,0
2019,8,80387,Colorado,1,1,0,1,1,2,2,59,JEFFERSON (59),1435,LAKEWOOD,1,1,9,September,2019,1,Sunday,20,8:00pm-8:59pm,33,33,0,This section IS NOT on the NHS,2,Urban,5,Major Collector,4,City or Municipal Highway Agency,6,Local Street - Municipality,W 14TH AVE,HARLAN ST,0,None,39.73853611,39.73853611,-105.062447200,-105.06244722,0,No Special Jurisdiction,8,Pedestrian,0,The First Harmful Event was Not a Collision with a Motor Vehicle in Transport,0,No,3,Intersection-Related,2,Four-Way Intersection,0,None,,,1,On Roadway,3,Dark - Lighted,98,Not Reported,0,No Additional Atmospheric Conditions,98,Not Reported,0,No,0000000,Not Applicable,99,Unknown,99,Unknown,99,Unknown EMS Scene Arrival Hour,99,Unknown EMS Scene Arrival Minutes,99,Unknown,99,Unknown EMS Hospital Arrival Time,0,None,0,None,0,None,1,0
2019,8,80388,Colorado,1,1,0,0,0,2,2,11,BENT (11),0,NOT APPLICABLE,20,20,9,September,2019,6,Friday,8,8:00am-8:59am,27,27,0,This section IS NOT on the NHS,1,Rural,7,Local,2,County Highway Agency,4,County Road,CR-8G,,0,None,38.06193333,38.06193333,-103.257333300,-103.25733333,0,No Special Jurisdiction,10,Railway Vehicle,0,The First Harmful Event was Not a Collision with a Motor Vehicle in Transport,0,No,6,Railway Grade Crossing,1,Not an Intersection,0,None,,,1,On Roadway,1,Daylight,98,Not Reported,0,No Additional Atmospheric Conditions,98,Not Reported,0,No,003265M,003265M,99,Unknown,99,Unknown,99,Unknown EMS Scene Arrival Hour,99,Unknown EMS Scene Arrival Minutes,88,Not Applicable (Not Transported),88,Not Applicable (Not Transported),0,None,0,None,0,None,2,0
2019,8,80389,Colorado,1,1,0,1,1,2,2,1,ADAMS (1),2427,THORNTON,20,20,9,September,2019,6,Friday,15,3:00pm-3:59pm,33,33,0,This section IS NOT on the NHS,2,Urban,4,Minor Arterial,4,City or Municipal Highway Agency,6,Local Street - Municipality,W 84TH AVE,CONIFER RD,0,None,39.84888889,39.84888889,-104.989611100,-104.98961111,0,No Special Jurisdiction,8,Pedestrian,0,The First Harmful Event was Not a Collision with a Motor Vehicle in Transport,0,No,3,Intersection-Related,2,Four-Way Intersection,0,None,,,1,On Roadway,1,Daylight,98,Not Reported,0,No Additional Atmospheric Conditions,98,Not Reported,0,No,0000000,Not Applicable,15,3:00pm-3:59pm,33,33,15,3:00pm-3:59pm,35,35,16,4:00pm-4:59pm,5,5,0,None,0,None,0,None,1,0
2019,8,80390,Colorado,2,2,0,0,0,4,4,101,PUEBLO (101),0,NOT APPLICABLE,21,21,9,September,2019,7,Saturday,7,7:00am-7:59am,0,0,1,This section IS ON the NHS,2,Urban,3,Principal Arterial - Other,1,State Highway Agency,2,U.S. Highway,US-50 BUSN RT,CR-25TH LN,49,49,38.24525000,38.24525000,-104.542888900,-104.54288889,0,No Special Jurisdiction,12,Motor Vehicle In-Transport,6,Angle,0,No,2,Intersection,2,Four-Way Intersection,0,None,,,1,On Roadway,1,Daylight,98,Not Reported,0,No Additional Atmospheric Conditions,98,Not Reported,0,No,0000000,Not Applicable,99,Unknown,99,Unknown,99,Unknown EMS Scene Arrival Hour,99,Unknown EMS Scene Arrival Minutes,99,Unknown,99,Unknown EMS Hospital Arrival Time,0,None,0,None,0,None,2,0
2019,8,80391,Colorado,2,2,0,0,0,2,2,99,PROWERS (99),0,NOT APPLICABLE,24,24,9,September,2019,3,Tuesday,12,12:00pm-12:59pm,15,15,1,This section IS ON the NHS,1,Rural,3,Principal Arterial - Other,1,State Highway Agency,2,U.S. Highway,US-287,,529,529,37.73148333,37.73148333,-102.602344400,-102.60234444,0,No Special Jurisdiction,12,Motor Vehicle In-Transport,1,Front-to-Rear,0,No,1,Non-Junction,1,Not an Intersection,1,Construction,,,1,On Roadway,1,Daylight,1,Clear,0,No Additional Atmospheric Conditions,1,Clear,0,No,0000000,Not Applicable,12,12:00pm-12:59pm,18,18,12,12:00pm-12:59pm,42,42,88,Not Applicable (Not Transported),88,Not Applicable (Not Transported),0,None,0,None,0,None,1,1
2019,8,80392,Colorado,1,1,0,1,1,1,1,59,JEFFERSON (59),1435,LAKEWOOD,23,23,9,September,2019,2,Monday,6,6:00am-6:59am,11,11,1,This section IS ON the NHS,2,Urban,2,Principal Arterial - Other Freeways and Expressways,1,State Highway Agency,2,U.S. Highway,US-6,,2822,2822,39.72568889,39.72568889,-105.055205600,-105.05520556,0,No Special Jurisdiction,8,Pedestrian,0,The First Harmful Event was Not a Collision with a Motor Vehicle in Transport,1,Yes,18,Through Roadway,1,Not an Intersection,0,None,,,1,On Roadway,1,Daylight,98,Not Reported,0,No Additional Atmospheric Conditions,98,Not Reported,0,No,0000000,Not Applicable,6,6:00am-6:59am,10,10,6,6:00am-6:59am,21,21,88,Not Applicable (Not Transported),88,Not Applicable (Not Transported),0,None,0,None,0,None,1,0
2019,8,80393,Colorado,3,3,0,0,0,5,5,23,COSTILLA (23),0,NOT APPLICABLE,23,23,9,September,2019,2,Monday,14,2:00pm-2:59pm,30,30,1,This section IS ON the NHS,1,Rural,3,Principal Arterial - Other,1,State Highway Agency,2,U.S. Highway,US-160,,2522,2522,37.44660556,37.44660556,-105.536775000,-105.536775000,0,No Special Jurisdiction,12,Motor Vehicle In-Transport,1,Front-to-Rear,0,No,1,Non-Junction,1,Not an Intersection,1,Construction,,,1,On Roadway,1,Daylight,98,Not Reported,0,No Additional Atmospheric Conditions,98,Not Reported,0,No,0000000,Not Applicable,99,Unknown,99,Unknown,99,Unknown EMS Scene Arrival Hour,99,Unknown EMS Scene Arrival Minutes,99,Unknown,99,Unknown EMS Hospital Arrival Time,0,None,0,None,0,None,1,0
2019,8,80394,Colorado,3,3,0,0,0,3,3,31,DENVER (31),600,DENVER,25,25,9,September,2019,4,Wednesday,5,5:00am-5:59am,48,48,0,This section IS NOT on the NHS,2,Urban,7,Local,4,City or Municipal Highway Agency,6,Local Street - Municipality,JACKSON GAP RD,,0,None,39.83525000,39.83525000,-104.692905600,-104.69290556,0,No Special Jurisdiction,12,Motor Vehicle In-Transport,6,Angle,1,Yes,18,Through Roadway,1,Not an Intersection,0,None,,,1,On Roadway,3,Dark - Lighted,98,Not Reported,0,No Additional Atmospheric Conditions,98,Not Reported,0,No,0000000,Not Applicable,5,5:00am-5:59am,49,49,5,5:00am-5:59am,54,54,88,Not Applicable (Not Transported),88,Not Applicable (Not Transported),14,"Motor Vehicle struck by falling cargo,or something that came loose from or something that was set in motion by a vehicle",0,None,0,None,1,0
2019,8,80395,Colorado,5,5,0,0,0,6,6,5,ARAPAHOE (5),110,AURORA,25,25,9,September,2019,4,Wednesday,12,12:00pm-12:59pm,11,11,1,This section IS ON the NHS,2,Urban,3,Principal Arterial - Other,1,State Highway Agency,3,State Highway,SR-30  S HAVANA ST,E ILIFF AVE,43,43,39.67468333,39.67468333,-104.866075000,-104.866075000,0,No Special Jurisdiction,12,Motor Vehicle In-Transport,6,Angle,0,No,2,Intersection,2,Four-Way Intersection,0,None,,,1,On Roadway,1,Daylight,98,Not Reported,0,No Additional Atmospheric Conditions,98,Not Reported,0,No,0000000,Not Applicable,12,12:00pm-12:59pm,11,11,12,12:00pm-12:59pm,11,11,99,Unknown,99,Unknown EMS Hospital Arrival Time,0,None,0,None,0,None,1,1
2019,8,80396,Colorado,1,1,0,1,1,1,1,1,ADAMS (1),2427,THORNTON,26,26,9,September,2019,5,Thursday,7,7:00am-7:59am,16,16,1,This section IS ON the NHS,2,Urban,3,Principal Arterial - Other,4,City or Municipal Highway Agency,6,Local Street - Municipality,E 120TH AVE,COLORADO BLVD,0,None,39.91379722,39.91379722,-104.940027800,-104.94002778,0,No Special Jurisdiction,8,Pedestrian,0,The First Harmful Event was Not a Collision with a Motor Vehicle in Transport,0,No,3,Intersection-Related,2,Four-Way Intersection,0,None,,,1,On Roadway,1,Daylight,98,Not Reported,0,No Additional Atmospheric Conditions,98,Not Reported,0,No,0000000,Not Applicable,7,7:00am-7:59am,17,17,7,7:00am-7:59am,21,21,7,7:00am-7:59am,45,45,0,None,0,None,0,None,1,0
2019,8,80397,Colorado,1,1,0,0,0,2,2,121,WASHINGTON (121),0,NOT APPLICABLE,20,20,9,September,2019,6,Friday,12,12:00pm-12:59pm,30,30,0,This section IS NOT on the NHS,1,Rural,5,Major Collector,2,County Highway Agency,4,County Road,CR-RR,CR-26,0,None,39.94655556,39.94655556,-102.973027800,-102.97302778,0,No Special Jurisdiction,59,Traffic Sign Support,0,The First Harmful Event was Not a Collision with a Motor Vehicle in Transport,0,No,3,Intersection-Related,2,Four-Way Intersection,0,None,,,4,On Roadside,1,Daylight,98,Not Reported,0,No Additional Atmospheric Conditions,98,Not Reported,0,No,0000000,Not Applicable,99,Unknown,99,Unknown,99,Unknown EMS Scene Arrival Hour,99,Unknown EMS Scene Arrival Minutes,99,Unknown,99,Unknown EMS Hospital Arrival Time,0,None,0,None,0,None,1,0