caseyear,state,st_case,statename,ve_total,ve_forms,pvh_invl,peds,pernotmvit,permvit,persons,county,countyname,city,cityname,day,dayname,month,monthname,year,day_week,day_weekname,hour,hourname,minute,minutename,nhs,nhsname,rur_urb,rur_urbname,func_sys,func_sysname,rd_owner,rd_ownername,route,routename,tway_id,tway_id2,milept,mileptname,latitude,latitudename,longitud,longitudname,sp_jur,sp_jurname,harm_ev,harm_evname,man_coll,man_collname,reljct1,reljct1name,reljct2,reljct2name,typ_int,typ_intname,wrk_zone,wrk_zonename,road_fnc,road_fncname,rel_road,rel_roadname,lgt_cond,lgt_condname,weather1,weather1name,weather2,weather2name,weather,weathername,sch_bus,sch_busname,rail,railname,not_hour,not_hourname,not_min,not_minname,arr_hour,arr_hourname,arr_min,arr_minname,hosp_hr,hosp_hrname,hosp_mn,hosp_mnname,cf1,cf1name,cf2,cf2name,cf3,cf3name,fatals,drunk_dr
2019,8,80398,Colorado,1,1,0,0,0,1,1,57,JACKSON (57),0,NOT APPLICABLE,28,28,9,September,2019,7,Saturday,21,9:00pm-9:59pm,14,14,0,This section IS NOT on the NHS,1,Rural,6,Minor Collector,2,County Highway Agency,4,County Road,CR-5,,0,None,40.59661111,40.59661111,-106.539680600,-106.53968056,0,No Special Jurisdiction,1,Rollover/Overturn,0,The First Harmful Event was Not a Collision with a Motor Vehicle in Transport,0,No,1,Non-Junction,1,Not an Intersection,0,None,,,4,On Roadside,2,Dark - Not Lighted,98,Not Reported,0,No Additional Atmospheric Conditions,98,Not Reported,0,No,0000000,Not Applicable,21,9:00pm-9:59pm,31,31,22,10:00pm-10:59pm,0,0,88,Not Applicable (Not Transported),88,Not Applicable (Not Transported),0,None,0,None,0,None,1,1
2019,8,80399,Colorado,1,1,0,0,0,1,1,5,ARAPAHOE (5),0,NOT APPLICABLE,28,28,9,September,2019,7,Saturday,6,6:00am-6:59am,3,3,1,This section IS ON the NHS,2,Urban,1,Interstate,1,State Highway Agency,1,Interstate,I-225,,20,20,39.64399444,39.64399444,-104.875155600,-104.87515556,0,No Special Jurisdiction,31,"Post, Pole or Other Supports",0,The First Harmful Event was Not a Collision with a Motor Vehicle in Transport,0,No,1,Non-Junction,1,Not an Intersection,0,None,,,4,On Roadside,3,Dark - Lighted,98,Not Reported,0,No Additional Atmospheric Conditions,98,Not Reported,0,No,0000000,Not Applicable,99,Unknown,99,Unknown,99,Unknown EMS Scene Arrival Hour,99,Unknown EMS Scene Arrival Minutes,88,Not Applicable (Not Transported),88,Not Applicable (Not Transported),0,None,0,None,0,None,1,0
2019,8,80400,Colorado,2,2,0,0,0,2,2,45,GARFIELD (45),0,NOT APPLICABLE,28,28,9,September,2019,7,Saturday,20,8:00pm-8:59pm,33,33,1,This section IS ON the NHS,1,Rural,1,Interstate,1,State Highway Agency,1,Interstate,I-70,,1071,1071,39.56973611,39.56973611,-107.484400000,-107.484400000,0,No Special Jurisdiction,24,Guardrail Face,0,The First Harmful Event was Not a Collision with a Motor Vehicle in Transport,0,No,1,Non-Junction,1,Not an Intersection,0,None,,,4,On Roadside,2,Dark - Not Lighted,98,Not Reported,0,No Additional Atmospheric Conditions,98,Not Reported,0,No,0000000,Not Applicable,20,8:00pm-8:59pm,35,35,20,8:00pm-8:59pm,45,45,21,9:00pm-9:59pm,11,11,0,None,0,None,0,None,2,1
2019,8,80401,Colorado,2,2,0,0,0,2,2,31,DENVER (31),600,DENVER,27,27,9,September,2019,6,Friday,1,1:00am-1:59am,39,39,0,This section IS NOT on the NHS,2,Urban,4,Minor Arterial,4,City or Municipal Highway Agency,6,Local Street - Municipality,PARK AVE,E 17TH AVE,0,None,39.74322778,39.74322778,-104.972616700,-104.97261667,0,No Special Jurisdiction,12,Motor Vehicle In-Transport,6,Angle,0,No,2,Intersection,2,Four-Way Intersection,0,None,,,1,On Roadway,3,Dark - Lighted,98,Not Reported,0,No Additional Atmospheric Conditions,98,Not Reported,0,No,0000000,Not Applicable,1,1:00am-1:59am,43,43,1,1:00am-1:59am,46,46,88,Not Applicable (Not Transported),88,Not Applicable (Not Transported),0,None,0,None,0,None,1,2
2019,8,80402,Colorado,1,1,0,0,0,2,2,51,GUNNISON (51),0,NOT APPLICABLE,14,14,9,September,2019,7,Saturday,8,8:00am-8:59am,30,30,1,This section IS ON the NHS,1,Rural,3,Principal Arterial - Other,1,State Highway Agency,2,U.S. Highway,US-50,,1990,1990,38.49256111,38.49256111,-106.326541700,-106.32654167,0,No Special Jurisdiction,1,Rollover/Overturn,0,The First Harmful Event was Not a Collision with a Motor Vehicle in Transport,0,No,1,Non-Junction,1,Not an Intersection,0,None,,,4,On Roadside,1,Daylight,98,Not Reported,0,No Additional Atmospheric Conditions,98,Not Reported,0,No,0000000,Not Applicable,99,Unknown,99,Unknown,99,Unknown EMS Scene Arrival Hour,99,Unknown EMS Scene Arrival Minutes,99,Unknown,99,Unknown EMS Hospital Arrival Time,0,None,0,None,0,None,1,0
2019,8,80403,Colorado,2,2,0,0,0,3,3,123,WELD (123),1970,PIERCE,30,30,9,September,2019,2,Monday,13,1:00pm-1:59pm,10,10,1,This section IS ON the NHS,1,Rural,3,Principal Arterial - Other,1,State Highway Agency,2,U.S. Highway,US-85,CR-90  ROWE AVE,2839,2839,40.64012222,40.64012222,-104.754108300,-104.75410833,0,No Special Jurisdiction,12,Motor Vehicle In-Transport,6,Angle,0,No,2,Intersection,2,Four-Way Intersection,0,None,,,1,On Roadway,1,Daylight,98,Not Reported,0,No Additional Atmospheric Conditions,98,Not Reported,0,No,0000000,Not Applicable,99,Unknown,99,Unknown,99,Unknown EMS Scene Arrival Hour,99,Unknown EMS Scene Arrival Minutes,99,Unknown,99,Unknown EMS Hospital Arrival Time,0,None,0,None,0,None,1,0
2019,8,80404,Colorado,2,2,0,0,0,6,6,31,DENVER (31),600,DENVER,14,14,9,September,2019,7,Saturday,2,2:00am-2:59am,13,13,1,This section IS ON the NHS,2,Urban,3,Principal Arterial - Other,1,State Highway Agency,3,State Highway,SR-2  N COLORADO BLVD,E 12TH AVE,56,56,39.73465000,39.73465000,-104.940600000,-104.940600000,0,No Special Jurisdiction,12,Motor Vehicle In-Transport,6,Angle,0,No,2,Intersection,3,T-Intersection,0,None,,,1,On Roadway,3,Dark - Lighted,98,Not Reported,0,No Additional Atmospheric Conditions,98,Not Reported,0,No,0000000,Not Applicable,2,2:00am-2:59am,14,14,2,2:00am-2:59am,17,17,2,2:00am-2:59am,44,44,0,None,0,None,0,None,1,2
2019,8,80405,Colorado,1,1,0,1,1,1,1,1,ADAMS (1),2427,THORNTON,21,21,9,September,2019,7,Saturday,0,0:00am-0:59am,38,38,0,This section IS NOT on the NHS,2,Urban,4,Minor Arterial,4,City or Municipal Highway Agency,6,Local Street - Municipality,W 84TH AVE,HURON ST,0,None,39.84915556,39.84915556,-104.996591700,-104.99659167,0,No Special Jurisdiction,8,Pedestrian,0,The First Harmful Event was Not a Collision with a Motor Vehicle in Transport,0,No,3,Intersection-Related,2,Four-Way Intersection,0,None,,,1,On Roadway,3,Dark - Lighted,98,Not Reported,0,No Additional Atmospheric Conditions,98,Not Reported,0,No,0000000,Not Applicable,99,Unknown,99,Unknown,99,Unknown EMS Scene Arrival Hour,99,Unknown EMS Scene Arrival Minutes,99,Unknown,99,Unknown EMS Hospital Arrival Time,0,None,0,None,0,None,1,0
2019,8,80406,Colorado,2,2,0,0,0,3,3,31,DENVER (31),600,DENVER,1,1,9,September,2019,1,Sunday,16,4:00pm-4:59pm,38,38,0,This section IS NOT on the NHS,2,Urban,4,Minor Arterial,4,City or Municipal Highway Agency,6,Local Street - Municipality,S YOSEMITE ST,I-225 SB OFF-RAMP,0,None,39.63993056,39.63993056,-104.885044400,-104.88504444,0,No Special Jurisdiction,12,Motor Vehicle In-Transport,6,Angle,1,Yes,2,Intersection,2,Four-Way Intersection,0,None,,,1,On Roadway,1,Daylight,98,Not Reported,0,No Additional Atmospheric Conditions,98,Not Reported,0,No,0000000,Not Applicable,99,Unknown,99,Unknown,99,Unknown EMS Scene Arrival Hour,99,Unknown EMS Scene Arrival Minutes,99,Unknown,99,Unknown EMS Hospital Arrival Time,0,None,0,None,0,None,1,0
2019,8,80407,Colorado,3,3,0,0,0,4,4,59,JEFFERSON (59),1000,GOLDEN,29,29,9,September,2019,1,Sunday,22,10:00pm-10:59pm,34,34,1,This section IS ON the NHS,2,Urban,1,Interstate,1,State Highway Agency,1,Interstate,I-70,,2606,2606,39.72136111,39.72136111,-105.185811100,-105.18581111,0,No Special Jurisdiction,12,Motor Vehicle In-Transport,7,Sideswipe - Same Direction,1,Yes,18,Through Roadway,1,Not an Intersection,0,None,,,1,On Roadway,3,Dark - Lighted,98,Not Reported,0,No Additional Atmospheric Conditions,98,Not Reported,0,No,0000000,Not Applicable,22,10:00pm-10:59pm,34,34,22,10:00pm-10:59pm,41,41,22,10:00pm-10:59pm,54,54,0,None,0,None,0,None,1,0
2019,8,80408,Colorado,2,2,0,0,0,2,2,59,JEFFERSON (59),2555,WHEAT RIDGE,30,30,9,September,2019,2,Monday,19,7:00pm-7:59pm,37,37,1,This section IS ON the NHS,2,Urban,3,Principal Arterial - Other,1,State Highway Agency,3,State Highway,SR-391  KIPLING ST,,83,83,39.76680556,39.76680556,-105.109766700,-105.10976667,0,No Special Jurisdiction,12,Motor Vehicle In-Transport,2,Front-to-Front,0,No,1,Non-Junction,1,Not an Intersection,0,None,,,1,On Roadway,3,Dark - Lighted,98,Not Reported,0,No Additional Atmospheric Conditions,98,Not Reported,0,No,0000000,Not Applicable,19,7:00pm-7:59pm,37,37,19,7:00pm-7:59pm,45,45,19,7:00pm-7:59pm,45,45,0,None,0,None,0,None,1,0
2019,8,80409,Colorado,2,2,0,0,0,2,2,13,BOULDER (13),1530,LONGMONT,11,11,9,September,2019,4,Wednesday,17,5:00pm-5:59pm,17,17,0,This section IS NOT on the NHS,2,Urban,4,Minor Arterial,4,City or Municipal Highway Agency,6,Local Street - Municipality,MOUNTAIN VIEW AVE,JUDSON ST,0,None,40.18127222,40.18127222,-105.117916700,-105.11791667,0,No Special Jurisdiction,12,Motor Vehicle In-Transport,1,Front-to-Rear,0,No,2,Intersection,3,T-Intersection,0,None,,,1,On Roadway,1,Daylight,2,Rain,0,No Additional Atmospheric Conditions,2,Rain,0,No,0000000,Not Applicable,17,5:00pm-5:59pm,17,17,17,5:00pm-5:59pm,19,19,17,5:00pm-5:59pm,49,49,0,None,0,None,0,None,1,0
2019,8,80410,Colorado,3,3,0,0,0,4,4,13,BOULDER (13),1530,LONGMONT,28,28,9,September,2019,7,Saturday,17,5:00pm-5:59pm,46,46,0,This section IS NOT on the NHS,2,Urban,6,Minor Collector,4,City or Municipal Highway Agency,6,Local Street - Municipality,11TH AVE,KIMBARK AVE,0,None,40.17765000,40.17765000,-105.101144400,-105.10114444,0,No Special Jurisdiction,12,Motor Vehicle In-Transport,6,Angle,0,No,2,Intersection,2,Four-Way Intersection,0,None,,,1,On Roadway,1,Daylight,98,Not Reported,0,No Additional Atmospheric Conditions,98,Not Reported,0,No,0000000,Not Applicable,17,5:00pm-5:59pm,46,46,17,5:00pm-5:59pm,49,49,18,6:00pm-6:59pm,21,21,0,None,0,None,0,None,1,0
2019,8,80411,Colorado,1,1,0,0,0,1,1,39,ELBERT (39),0,NOT APPLICABLE,21,21,9,September,2019,7,Saturday,6,6:00am-6:59am,6,6,0,This section IS NOT on the NHS,1,Rural,5,Major Collector,2,County Highway Agency,4,County Road,CR-133,,0,None,39.11465833,39.11465833,-104.051883300,-104.05188333,0,No Special Jurisdiction,38,Fence,0,The First Harmful Event was Not a Collision with a Motor Vehicle in Transport,0,No,1,Non-Junction,1,Not an Intersection,0,None,,,5,Outside Trafficway,2,Dark - Not Lighted,98,Not Reported,0,No Additional Atmospheric Conditions,98,Not Reported,0,No,0000000,Not Applicable,6,6:00am-6:59am,6,6,6,6:00am-6:59am,21,21,88,Not Applicable (Not Transported),88,Not Applicable (Not Transported),0,None,0,None,0,None,1,0
2019,8,80412,Colorado,2,2,0,0,0,3,3,41,EL PASO (41),1590,MANITOU SPRINGS,4,4,9,September,2019,4,Wednesday,23,11:00pm-11:59pm,26,26,1,This section IS ON the NHS,2,Urban,2,Principal Arterial - Other Freeways and Expressways,1,State Highway Agency,2,U.S. Highway,US-24  MIDLAND PKWY,,2989,2989,38.85926944,38.85926944,-104.897766700,-104.89776667,0,No Special Jurisdiction,1,Rollover/Overturn,0,The First Harmful Event was Not a Collision with a Motor Vehicle in Transport,1,Yes,18,Through Roadway,1,Not an Intersection,1,Construction,,,1,On Roadway,3,Dark - Lighted,1,Clear,0,No Additional Atmospheric Conditions,1,Clear,0,No,0000000,Not Applicable,99,Unknown,99,Unknown,99,Unknown EMS Scene Arrival Hour,99,Unknown EMS Scene Arrival Minutes,99,Unknown,99,Unknown EMS Hospital Arrival Time,14,"Motor Vehicle struck by falling cargo,or something that came loose from or something that was set in motion by a vehicle",0,None,0,None,1,1
2019,8,80413,Colorado,2,1,1,0,0,1,1,37,EAGLE (37),2457,VAIL,18,18,1,January,2019,6,Friday,17,5:00pm-5:59pm,32,32,1,This section IS ON the NHS,2,Urban,1,Interstate,1,State Highway Agency,1,Interstate,I-70,,1781,1781,39.64431389,39.64431389,-106.340650000,-106.340650000,0,No Special Jurisdiction,14,Parked Motor Vehicle,0,The First Harmful Event was Not a Collision with a Motor Vehicle in Transport,0,No,1,Non-Junction,1,Not an Intersection,0,None,,,2,On Shoulder,3,Dark - Lighted,98,Not Reported,0,No Additional Atmospheric Conditions,98,Not Reported,0,No,0000000,Not Applicable,17,5:00pm-5:59pm,35,35,17,5:00pm-5:59pm,45,45,18,6:00pm-6:59pm,14,14,0,None,0,None,0,None,1,0
2019,8,80414,Colorado,1,1,0,0,0,1,1,1,ADAMS (1),0,NOT APPLICABLE,1,1,10,October,2019,3,Tuesday,1,1:00am-1:59am,20,20,1,This section IS ON the NHS,1,Rural,1,Interstate,1,State Highway Agency,1,Interstate,I-70,,3016,3016,39.73852778,39.73852778,-104.484611100,-104.48461111,0,No Special Jurisdiction,31,"Post, Pole or Other Supports",0,The First Harmful Event was Not a Collision with a Motor Vehicle in Transport,0,No,1,Non-Junction,1,Not an Intersection,0,None,,,4,On Roadside,2,Dark - Not Lighted,98,Not Reported,0,No Additional Atmospheric Conditions,98,Not Reported,0,No,0000000,Not Applicable,99,Unknown,99,Unknown,99,Unknown EMS Scene Arrival Hour,99,Unknown EMS Scene Arrival Minutes,88,Not Applicable (Not Transported),88,Not Applicable (Not Transported),0,None,0,None,0,None,1,1
2019,8,80415,Colorado,1,1,0,0,0,1,1,73,LINCOLN (73),0,NOT APPLICABLE,1,1,10,October,2019,3,Tuesday,9,9:00am-9:59am,30,30,0,This section IS NOT on the NHS,1,Rural,4,Minor Arterial,1,State Highway Agency,3,State Highway,SR-94,,359,359,38.83973611,38.83973611,-104.038319400,-104.03831944,0,No Special Jurisdiction,1,Rollover/Overturn,0,The First Harmful Event was Not a Collision with a Motor Vehicle in Transport,0,No,1,Non-Junction,1,Not an Intersection,0,None,,,4,On Roadside,1,Daylight,10,Cloudy,0,No Additional Atmospheric Conditions,10,Cloudy,0,No,0000000,Not Applicable,99,Unknown,99,Unknown,99,Unknown EMS Scene Arrival Hour,99,Unknown EMS Scene Arrival Minutes,88,Not Applicable (Not Transported),88,Not Applicable (Not Transported),0,None,0,None,0,None,1,0
2019,8,80416,Colorado,1,1,0,1,1,1,1,13,BOULDER (13),1530,LONGMONT,3,3,10,October,2019,5,Thursday,19,7:00pm-7:59pm,19,19,1,This section IS ON the NHS,2,Urban,3,Principal Arterial - Other,1,State Highway Agency,3,State Highway,SR-119  E KEN PRATT BLVD,N 119TH ST,584,584,40.15548889,40.15548889,-105.074700000,-105.074700000,0,No Special Jurisdiction,8,Pedestrian,0,The First Harmful Event was Not a Collision with a Motor Vehicle in Transport,0,No,3,Intersection-Related,2,Four-Way Intersection,0,None,,,1,On Roadway,2,Dark - Not Lighted,98,Not Reported,0,No Additional Atmospheric Conditions,98,Not Reported,0,No,0000000,Not Applicable,19,7:00pm-7:59pm,21,21,19,7:00pm-7:59pm,27,27,19,7:00pm-7:59pm,32,32,0,None,0,None,0,None,1,0
2019,8,80417,Colorado,2,2,0,0,0,2,2,1,ADAMS (1),434,COMMERCE CITY,1,1,10,October,2019,3,Tuesday,5,5:00am-5:59am,44,44,1,This section IS ON the NHS,2,Urban,3,Principal Arterial - Other,1,State Highway Agency,3,State Highway,SR-470 SB OFF-RAMP,E 96TH AVE,306,306,39.87072778,39.87072778,-104.756758300,-104.75675833,0,No Special Jurisdiction,12,Motor Vehicle In-Transport,6,Angle,1,Yes,2,Intersection,2,Four-Way Intersection,0,None,,,1,On Roadway,3,Dark - Lighted,10,Cloudy,0,No Additional Atmospheric Conditions,10,Cloudy,0,No,0000000,Not Applicable,99,Unknown,99,Unknown,99,Unknown EMS Scene Arrival Hour,99,Unknown EMS Scene Arrival Minutes,99,Unknown,99,Unknown EMS Hospital Arrival Time,0,None,0,None,0,None,1,0
2019,8,80418,Colorado,1,1,0,0,0,1,1,123,WELD (123),1990,PLATTEVILLE,6,6,10,October,2019,1,Sunday,3,3:00am-3:59am,25,25,0,This section IS NOT on the NHS,1,Rural,6,Minor Collector,2,County Highway Agency,5,Local Street - Township,CR-32E,,0,None,40.22484167,40.22484167,-104.849361100,-104.84936111,0,No Special Jurisdiction,38,Fence,0,The First Harmful Event was Not a Collision with a Motor Vehicle in Transport,0,No,1,Non-Junction,1,Not an Intersection,0,None,,,4,On Roadside,2,Dark - Not Lighted,98,Not Reported,0,No Additional Atmospheric Conditions,98,Not Reported,0,No,0000000,Not Applicable,3,3:00am-3:59am,36,36,3,3:00am-3:59am,42,42,88,Not Applicable (Not Transported),88,Not Applicable (Not Transported),0,None,0,None,0,None,1,1
2019,8,80419,Colorado,1,1,0,0,0,1,1,1,ADAMS (1),2427,THORNTON,5,5,10,October,2019,7,Saturday,19,7:00pm-7:59pm,30,30,0,This section IS NOT on the NHS,2,Urban,7,Local,4,City or Municipal Highway Agency,6,Local Street - Municipality,E 124TH AVE,,0,None,39.92322222,39.92322222,-104.982005600,-104.98200556,0,No Special Jurisdiction,1,Rollover/Overturn,0,The First Harmful Event was Not a Collision with a Motor Vehicle in Transport,0,No,1,Non-Junction,1,Not an Intersection,0,None,,,1,On Roadway,3,Dark - Lighted,98,Not Reported,0,No Additional Atmospheric Conditions,98,Not Reported,0,No,0000000,Not Applicable,19,7:00pm-7:59pm,30,30,19,7:00pm-7:59pm,30,30,99,Unknown,99,Unknown EMS Hospital Arrival Time,0,None,0,None,0,None,1,1
2019,8,80420,Colorado,2,2,0,0,0,3,3,1,ADAMS (1),2427,THORNTON,5,5,10,October,2019,7,Saturday,19,7:00pm-7:59pm,45,45,1,This section IS ON the NHS,2,Urban,3,Principal Arterial - Other,4,City or Municipal Highway Agency,6,Local Street - Municipality,E 120TH AVE,NORTHERN CIR,0,None,39.91395833,39.91395833,-104.933694400,-104.93369444,0,No Special Jurisdiction,12,Motor Vehicle In-Transport,6,Angle,0,No,2,Intersection,3,T-Intersection,0,None,,,1,On Roadway,3,Dark - Lighted,98,Not Reported,0,No Additional Atmospheric Conditions,98,Not Reported,0,No,0000000,Not Applicable,19,7:00pm-7:59pm,48,48,19,7:00pm-7:59pm,51,51,88,Not Applicable (Not Transported),88,Not Applicable (Not Transported),0,None,0,None,0,None,2,1
2019,8,80421,Colorado,1,1,0,0,0,1,1,77,MESA (77),1040,GRAND JUNCTION,5,5,10,October,2019,7,Saturday,21,9:00pm-9:59pm,26,26,1,This section IS ON the NHS,2,Urban,1,Interstate,1,State Highway Agency,1,Interstate,I-70,,339,339,39.10787222,39.10787222,-108.497372200,-108.49737222,0,No Special Jurisdiction,1,Rollover/Overturn,0,The First Harmful Event was Not a Collision with a Motor Vehicle in Transport,0,No,1,Non-Junction,1,Not an Intersection,0,None,,,1,On Roadway,2,Dark - Not Lighted,98,Not Reported,0,No Additional Atmospheric Conditions,98,Not Reported,0,No,0000000,Not Applicable,21,9:00pm-9:59pm,28,28,21,9:00pm-9:59pm,37,37,88,Not Applicable (Not Transported),88,Not Applicable (Not Transported),0,None,0,None,0,None,1,1
2019,8,80422,Colorado,2,2,0,0,0,3,3,45,GARFIELD (45),0,NOT APPLICABLE,7,7,10,October,2019,2,Monday,16,4:00pm-4:59pm,13,13,1,This section IS ON the NHS,1,Rural,3,Principal Arterial - Other,1,State Highway Agency,3,State Highway,SR-13,,72,72,39.61501111,39.61501111,-107.813791700,-107.81379167,0,No Special Jurisdiction,12,Motor Vehicle In-Transport,2,Front-to-Front,0,No,1,Non-Junction,1,Not an Intersection,0,None,,,1,On Roadway,1,Daylight,98,Not Reported,0,No Additional Atmospheric Conditions,98,Not Reported,0,No,0000000,Not Applicable,99,Unknown,99,Unknown,99,Unknown EMS Scene Arrival Hour,99,Unknown EMS Scene Arrival Minutes,99,Unknown,99,Unknown EMS Hospital Arrival Time,0,None,0,None,0,None,2,0
2019,8,80423,Colorado,2,2,0,0,0,2,2,41,EL PASO (41),0,NOT APPLICABLE,7,7,10,October,2019,2,Monday,19,7:00pm-7:59pm,54,54,0,This section IS NOT on the NHS,1,Rural,4,Minor Arterial,2,County Highway Agency,4,County Road,CR-JUDGE ORR RD,CR-N ELLICOTT HWY,0,None,38.95390000,38.95390000,-104.386133300,-104.38613333,0,No Special Jurisdiction,12,Motor Vehicle In-Transport,6,Angle,0,No,2,Intersection,2,Four-Way Intersection,0,None,,,1,On Roadway,2,Dark - Not Lighted,98,Not Reported,0,No Additional Atmospheric Conditions,98,Not Reported,0,No,0000000,Not Applicable,19,7:00pm-7:59pm,56,56,20,8:00pm-8:59pm,6,6,88,Not Applicable (Not Transported),88,Not Applicable (Not Transported),0,None,0,None,0,None,1,0
2019,8,80424,Colorado,2,2,0,0,0,2,2,101,PUEBLO (101),0,NOT APPLICABLE,9,9,10,October,2019,4,Wednesday,18,6:00pm-6:59pm,35,35,1,This section IS ON the NHS,1,Rural,3,Principal Arterial - Other,1,State Highway Agency,2,U.S. Highway,US-50 BUSN RT,SR-231,95,95,38.24547222,38.24547222,-104.459383300,-104.45938333,0,No Special Jurisdiction,33,Curb,0,The First Harmful Event was Not a Collision with a Motor Vehicle in Transport,0,No,3,Intersection-Related,2,Four-Way Intersection,0,None,,,4,On Roadside,5,Dusk,98,Not Reported,0,No Additional Atmospheric Conditions,98,Not Reported,0,No,0000000,Not Applicable,99,Unknown,99,Unknown,99,Unknown EMS Scene Arrival Hour,99,Unknown EMS Scene Arrival Minutes,99,Unknown,99,Unknown EMS Hospital Arrival Time,14,"Motor Vehicle struck by falling cargo,or something that came loose from or something that was set in motion by a vehicle",0,None,0,None,1,1
2019,8,80425,Colorado,1,1,0,1,1,1,1,5,ARAPAHOE (5),110,AURORA,12,12,10,October,2019,7,Saturday,6,6:00am-6:59am,41,41,1,This section IS ON the NHS,2,Urban,3,Principal Arterial - Other,4,City or Municipal Highway Agency,6,Local Street - Municipality,E ILIFF AVE,I-225 SB OFF-RAMP,0,None,39.67494444,39.67494444,-104.829138900,-104.82913889,0,No Special Jurisdiction,8,Pedestrian,0,The First Harmful Event was Not a Collision with a Motor Vehicle in Transport,1,Yes,3,Intersection-Related,2,Four-Way Intersection,0,None,,,1,On Roadway,2,Dark - Not Lighted,98,Not Reported,0,No Additional Atmospheric Conditions,98,Not Reported,0,No,0000000,Not Applicable,6,6:00am-6:59am,41,41,6,6:00am-6:59am,49,49,6,6:00am-6:59am,58,58,19,Recent/Previous Crash scene Nearby,0,None,0,None,1,0
2019,8,80426,Colorado,1,1,0,0,0,4,4,1,ADAMS (1),0,NOT APPLICABLE,12,12,10,October,2019,7,Saturday,13,1:00pm-1:59pm,54,54,0,This section IS NOT on the NHS,1,Rural,7,Local,2,County Highway Agency,4,County Road,CR-E 144TH AVE,,0,None,39.95786667,39.95786667,-104.702277800,-104.70227778,0,No Special Jurisdiction,5,Fell/Jumped from Vehicle,0,The First Harmful Event was Not a Collision with a Motor Vehicle in Transport,0,No,1,Non-Junction,1,Not an Intersection,0,None,,,1,On Roadway,1,Daylight,98,Not Reported,0,No Additional Atmospheric Conditions,98,Not Reported,0,No,0000000,Not Applicable,99,Unknown,99,Unknown,99,Unknown EMS Scene Arrival Hour,99,Unknown EMS Scene Arrival Minutes,99,Unknown,99,Unknown EMS Hospital Arrival Time,0,None,0,None,0,None,1,0
2019,8,80427,Colorado,2,2,0,0,0,2,2,41,EL PASO (41),0,NOT APPLICABLE,12,12,10,October,2019,7,Saturday,14,2:00pm-2:59pm,8,8,0,This section IS NOT on the NHS,6,Trafficway Not in State Inventory,96,Trafficway Not in State Inventory,96,Trafficway Not in State Inventory,4,County Road,CR-FONTAINE BLVD,CR-LAMINE DR,0,None,38.74002778,38.74002778,-104.628638900,-104.62863889,0,No Special Jurisdiction,12,Motor Vehicle In-Transport,6,Angle,0,No,2,Intersection,3,T-Intersection,0,None,,,1,On Roadway,1,Daylight,98,Not Reported,0,No Additional Atmospheric Conditions,98,Not Reported,0,No,0000000,Not Applicable,99,Unknown,99,Unknown,99,Unknown EMS Scene Arrival Hour,99,Unknown EMS Scene Arrival Minutes,88,Not Applicable (Not Transported),88,Not Applicable (Not Transported),0,None,0,None,0,None,1,0
2019,8,80428,Colorado,1,1,0,0,0,2,2,85,MONTROSE (85),0,NOT APPLICABLE,13,13,10,October,2019,1,Sunday,10,10:00am-10:59am,15,15,0,This section IS NOT on the NHS,1,Rural,7,Local,2,County Highway Agency,4,County Road,CR-TRANSFER RD,,85,85,38.43173611,38.43173611,-108.168333300,-108.16833333,0,No Special Jurisdiction,1,Rollover/Overturn,0,The First Harmful Event was Not a Collision with a Motor Vehicle in Transport,0,No,1,Non-Junction,1,Not an Intersection,0,None,,,4,On Roadside,1,Daylight,98,Not Reported,0,No Additional Atmospheric Conditions,98,Not Reported,0,No,0000000,Not Applicable,99,Unknown,99,Unknown,99,Unknown EMS Scene Arrival Hour,99,Unknown EMS Scene Arrival Minutes,88,Not Applicable (Not Transported),88,Not Applicable (Not Transported),0,None,0,None,0,None,2,0
2019,8,80429,Colorado,3,3,0,0,0,4,4,87,MORGAN (87),0,NOT APPLICABLE,14,14,10,October,2019,2,Monday,20,8:00pm-8:59pm,48,48,1,This section IS ON the NHS,1,Rural,1,Interstate,1,State Highway Agency,1,Interstate,I-76,,680,680,40.25027222,40.25027222,-104.020716700,-104.02071667,0,No Special Jurisdiction,12,Motor Vehicle In-Transport,1,Front-to-Rear,0,No,1,Non-Junction,1,Not an Intersection,0,None,,,1,On Roadway,2,Dark - Not Lighted,98,Not Reported,0,No Additional Atmospheric Conditions,98,Not Reported,0,No,0000000,Not Applicable,99,Unknown,99,Unknown,99,Unknown EMS Scene Arrival Hour,99,Unknown EMS Scene Arrival Minutes,99,Unknown,99,Unknown EMS Hospital Arrival Time,0,None,0,None,0,None,1,1