caseyear,state,st_case,statename,ve_total,ve_forms,pvh_invl,peds,pernotmvit,permvit,persons,county,countyname,city,cityname,day,dayname,month,monthname,year,day_week,day_weekname,hour,hourname,minute,minutename,nhs,nhsname,rur_urb,rur_urbname,func_sys,func_sysname,rd_owner,rd_ownername,route,routename,tway_id,tway_id2,milept,mileptname,latitude,latitudename,longitud,longitudname,sp_jur,sp_jurname,harm_ev,harm_evname,man_coll,man_collname,reljct1,reljct1name,reljct2,reljct2name,typ_int,typ_intname,wrk_zone,wrk_zonename,road_fnc,road_fncname,rel_road,rel_roadname,lgt_cond,lgt_condname,weather1,weather1name,weather2,weather2name,weather,weathername,sch_bus,sch_busname,rail,railname,not_hour,not_hourname,not_min,not_minname,arr_hour,arr_hourname,arr_min,arr_minname,hosp_hr,hosp_hrname,hosp_mn,hosp_mnname,cf1,cf1name,cf2,cf2name,cf3,cf3name,fatals,drunk_dr
2019,8,80430,Colorado,2,2,0,0,0,6,6,125,YUMA (125),0,NOT APPLICABLE,16,16,10,October,2019,4,Wednesday,17,5:00pm-5:59pm,40,40,0,This section IS NOT on the NHS,1,Rural,5,Major Collector,2,County Highway Agency,4,County Road,CR-57,CR-L,0,None,40.39493611,40.39493611,-102.626258300,-102.62625833,0,No Special Jurisdiction,12,Motor Vehicle In-Transport,6,Angle,0,No,2,Intersection,2,Four-Way Intersection,0,None,,,1,On Roadway,1,Daylight,98,Not Reported,0,No Additional Atmospheric Conditions,98,Not Reported,0,No,0000000,Not Applicable,99,Unknown,99,Unknown,99,Unknown EMS Scene Arrival Hour,99,Unknown EMS Scene Arrival Minutes,99,Unknown,99,Unknown EMS Hospital Arrival Time,0,None,0,None,0,None,1,0
2019,8,80431,Colorado,1,1,0,1,1,2,2,7,ARCHULETA (7),0,NOT APPLICABLE,15,15,10,October,2019,3,Tuesday,12,12:00pm-12:59pm,24,24,1,This section IS ON the NHS,1,Rural,3,Principal Arterial - Other,1,State Highway Agency,2,U.S. Highway,US-160,,1385,1385,37.24837222,37.24837222,-107.088327800,-107.08832778,0,No Special Jurisdiction,9,Pedalcyclist,0,The First Harmful Event was Not a Collision with a Motor Vehicle in Transport,0,No,1,Non-Junction,1,Not an Intersection,0,None,,,1,On Roadway,1,Daylight,98,Not Reported,0,No Additional Atmospheric Conditions,98,Not Reported,0,No,0000000,Not Applicable,99,Unknown,99,Unknown,99,Unknown EMS Scene Arrival Hour,99,Unknown EMS Scene Arrival Minutes,99,Unknown,99,Unknown EMS Hospital Arrival Time,0,None,0,None,0,None,1,0
2019,8,80432,Colorado,1,1,0,0,0,1,1,41,EL PASO (41),0,NOT APPLICABLE,16,16,10,October,2019,4,Wednesday,8,8:00am-8:59am,28,28,1,This section IS ON the NHS,2,Urban,1,Interstate,1,State Highway Agency,1,Interstate,I-25,,1369,1369,38.78476111,38.78476111,-104.789686100,-104.78968611,0,No Special Jurisdiction,42,Tree (Standing Only),0,The First Harmful Event was Not a Collision with a Motor Vehicle in Transport,0,No,1,Non-Junction,1,Not an Intersection,0,None,,,4,On Roadside,1,Daylight,98,Not Reported,0,No Additional Atmospheric Conditions,98,Not Reported,0,No,0000000,Not Applicable,8,8:00am-8:59am,29,29,99,Unknown EMS Scene Arrival Hour,99,Unknown EMS Scene Arrival Minutes,99,Unknown,99,Unknown EMS Hospital Arrival Time,0,None,0,None,0,None,1,0
2019,8,80433,Colorado,1,1,0,0,0,1,1,69,LARIMER (69),0,NOT APPLICABLE,17,17,10,October,2019,5,Thursday,22,10:00pm-10:59pm,2,2,1,This section IS ON the NHS,2,Urban,1,Interstate,1,State Highway Agency,1,Interstate,I-25,,2657,2657,40.52935833,40.52935833,-104.992519400,-104.99251944,0,No Special Jurisdiction,59,Traffic Sign Support,0,The First Harmful Event was Not a Collision with a Motor Vehicle in Transport,0,No,1,Non-Junction,1,Not an Intersection,0,None,,,4,On Roadside,2,Dark - Not Lighted,98,Not Reported,0,No Additional Atmospheric Conditions,98,Not Reported,0,No,0000000,Not Applicable,99,Unknown,99,Unknown,99,Unknown EMS Scene Arrival Hour,99,Unknown EMS Scene Arrival Minutes,88,Not Applicable (Not Transported),88,Not Applicable (Not Transported),0,None,0,None,0,None,1,0
2019,8,80434,Colorado,1,1,0,0,0,2,2,101,PUEBLO (101),0,NOT APPLICABLE,22,22,10,October,2019,3,Tuesday,6,6:00am-6:59am,3,3,1,This section IS ON the NHS,2,Urban,1,Interstate,1,State Highway Agency,1,Interstate,I-25,,1043,1043,38.34916667,38.34916667,-104.620319400,-104.62031944,0,No Special Jurisdiction,1,Rollover/Overturn,0,The First Harmful Event was Not a Collision with a Motor Vehicle in Transport,0,No,1,Non-Junction,1,Not an Intersection,0,None,,,4,On Roadside,4,Dawn,1,Clear,0,No Additional Atmospheric Conditions,1,Clear,0,No,0000000,Not Applicable,99,Unknown,99,Unknown,99,Unknown EMS Scene Arrival Hour,99,Unknown EMS Scene Arrival Minutes,99,Unknown,99,Unknown EMS Hospital Arrival Time,0,None,0,None,0,None,1,0
2019,8,80435,Colorado,1,1,0,0,0,1,1,101,PUEBLO (101),0,NOT APPLICABLE,18,18,10,October,2019,6,Friday,7,7:00am-7:59am,26,26,0,This section IS NOT on the NHS,1,Rural,4,Minor Arterial,1,State Highway Agency,3,State Highway,SR-10,,388,388,37.86827778,37.86827778,-104.131827800,-104.13182778,0,No Special Jurisdiction,34,Ditch,0,The First Harmful Event was Not a Collision with a Motor Vehicle in Transport,0,No,1,Non-Junction,1,Not an Intersection,0,None,,,4,On Roadside,4,Dawn,98,Not Reported,0,No Additional Atmospheric Conditions,98,Not Reported,0,No,0000000,Not Applicable,99,Unknown,99,Unknown,99,Unknown EMS Scene Arrival Hour,99,Unknown EMS Scene Arrival Minutes,88,Not Applicable (Not Transported),88,Not Applicable (Not Transported),0,None,0,None,0,None,1,0
2019,8,80436,Colorado,1,1,0,0,0,2,2,51,GUNNISON (51),0,NOT APPLICABLE,20,20,10,October,2019,1,Sunday,23,11:00pm-11:59pm,0,0,1,This section IS ON the NHS,1,Rural,3,Principal Arterial - Other,1,State Highway Agency,2,U.S. Highway,US-50,,1474,1474,38.48728611,38.48728611,-107.069611100,-107.06961111,0,No Special Jurisdiction,24,Guardrail Face,0,The First Harmful Event was Not a Collision with a Motor Vehicle in Transport,0,No,1,Non-Junction,1,Not an Intersection,0,None,,,4,On Roadside,2,Dark - Not Lighted,98,Not Reported,0,No Additional Atmospheric Conditions,98,Not Reported,0,No,0000000,Not Applicable,99,Unknown,99,Unknown,99,Unknown EMS Scene Arrival Hour,99,Unknown EMS Scene Arrival Minutes,88,Not Applicable (Not Transported),88,Not Applicable (Not Transported),0,None,0,None,0,None,1,1
2019,8,80437,Colorado,2,2,0,0,0,3,3,123,WELD (123),0,NOT APPLICABLE,21,21,10,October,2019,2,Monday,9,9:00am-9:59am,58,58,0,This section IS NOT on the NHS,1,Rural,6,Minor Collector,2,County Highway Agency,4,County Road,CR-74,,0,None,40.52234444,40.52234444,-104.612572200,-104.61257222,0,No Special Jurisdiction,12,Motor Vehicle In-Transport,6,Angle,0,No,1,Non-Junction,1,Not an Intersection,0,None,,,1,On Roadway,1,Daylight,98,Not Reported,0,No Additional Atmospheric Conditions,98,Not Reported,0,No,0000000,Not Applicable,99,Unknown,99,Unknown,99,Unknown EMS Scene Arrival Hour,99,Unknown EMS Scene Arrival Minutes,88,Not Applicable (Not Transported),88,Not Applicable (Not Transported),0,None,0,None,0,None,2,0
2019,8,80438,Colorado,1,1,0,0,0,1,1,107,ROUTT (107),0,NOT APPLICABLE,1,1,10,October,2019,3,Tuesday,15,3:00pm-3:59pm,45,45,0,This section IS NOT on the NHS,1,Rural,6,Minor Collector,2,County Highway Agency,4,County Road,CR-33,CR-TROUT MEADOWS RD,52,52,40.40171111,40.40171111,-106.973808300,-106.97380833,0,No Special Jurisdiction,38,Fence,0,The First Harmful Event was Not a Collision with a Motor Vehicle in Transport,0,No,3,Intersection-Related,2,Four-Way Intersection,0,None,,,5,Outside Trafficway,1,Daylight,98,Not Reported,0,No Additional Atmospheric Conditions,98,Not Reported,0,No,0000000,Not Applicable,15,3:00pm-3:59pm,58,58,16,4:00pm-4:59pm,14,14,99,Unknown,99,Unknown EMS Hospital Arrival Time,0,None,0,None,0,None,1,0
2019,8,80439,Colorado,2,2,0,0,0,7,7,117,SUMMIT (117),620,DILLON,3,3,10,October,2019,5,Thursday,6,6:00am-6:59am,51,51,0,This section IS NOT on the NHS,2,Urban,4,Minor Arterial,1,State Highway Agency,2,U.S. Highway,US-6,,2107,2107,39.62801111,39.62801111,-106.036286100,-106.03628611,0,No Special Jurisdiction,12,Motor Vehicle In-Transport,2,Front-to-Front,0,No,1,Non-Junction,1,Not an Intersection,0,None,,,1,On Roadway,4,Dawn,98,Not Reported,0,No Additional Atmospheric Conditions,98,Not Reported,0,No,0000000,Not Applicable,6,6:00am-6:59am,51,51,6,6:00am-6:59am,52,52,7,7:00am-7:59am,23,23,0,None,0,None,0,None,2,0
2019,8,80440,Colorado,3,1,2,0,0,2,2,41,EL PASO (41),430,COLORADO SPRINGS,16,16,10,October,2019,4,Wednesday,3,3:00am-3:59am,10,10,0,This section IS NOT on the NHS,2,Urban,4,Minor Arterial,4,City or Municipal Highway Agency,6,Local Street - Municipality,E PIKES PEAK AVE,,0,None,38.83186944,38.83186944,-104.754597200,-104.75459722,0,No Special Jurisdiction,14,Parked Motor Vehicle,0,The First Harmful Event was Not a Collision with a Motor Vehicle in Transport,0,No,1,Non-Junction,1,Not an Intersection,0,None,,,7,In Parking Lane/Zone,3,Dark - Lighted,98,Not Reported,0,No Additional Atmospheric Conditions,98,Not Reported,0,No,0000000,Not Applicable,3,3:00am-3:59am,10,10,3,3:00am-3:59am,15,15,99,Unknown,99,Unknown EMS Hospital Arrival Time,14,"Motor Vehicle struck by falling cargo,or something that came loose from or something that was set in motion by a vehicle",20,Police Pursuit Involved,0,None,1,1
2019,8,80441,Colorado,2,2,0,0,0,4,4,41,EL PASO (41),430,COLORADO SPRINGS,18,18,10,October,2019,6,Friday,23,11:00pm-11:59pm,46,46,1,This section IS ON the NHS,2,Urban,1,Interstate,1,State Highway Agency,1,Interstate,I-25 RAMP D,W BIJOU ST,1419,1419,38.83714167,38.83714167,-104.830861100,-104.83086111,0,No Special Jurisdiction,33,Curb,0,The First Harmful Event was Not a Collision with a Motor Vehicle in Transport,1,Yes,3,Intersection-Related,2,Four-Way Intersection,0,None,,,4,On Roadside,3,Dark - Lighted,98,Not Reported,0,No Additional Atmospheric Conditions,98,Not Reported,0,No,0000000,Not Applicable,23,11:00pm-11:59pm,47,47,23,11:00pm-11:59pm,51,51,88,Not Applicable (Not Transported),88,Not Applicable (Not Transported),14,"Motor Vehicle struck by falling cargo,or something that came loose from or something that was set in motion by a vehicle",0,None,0,None,1,1
2019,8,80442,Colorado,1,1,0,1,1,2,2,41,EL PASO (41),430,COLORADO SPRINGS,8,8,10,October,2019,3,Tuesday,13,1:00pm-1:59pm,18,18,0,This section IS NOT on the NHS,2,Urban,4,Minor Arterial,4,City or Municipal Highway Agency,6,Local Street - Municipality,N CHELTON RD,CHELTON CIR,0,None,38.84117222,38.84117222,-104.766672200,-104.76667222,0,No Special Jurisdiction,9,Pedalcyclist,0,The First Harmful Event was Not a Collision with a Motor Vehicle in Transport,0,No,2,Intersection,3,T-Intersection,0,None,,,1,On Roadway,1,Daylight,98,Not Reported,0,No Additional Atmospheric Conditions,98,Not Reported,0,No,0000000,Not Applicable,13,1:00pm-1:59pm,18,18,13,1:00pm-1:59pm,24,24,13,1:00pm-1:59pm,45,45,16,Non-occupant struck vehicle,0,None,0,None,1,0
2019,8,80443,Colorado,3,3,0,0,0,4,4,123,WELD (123),0,NOT APPLICABLE,23,23,10,October,2019,4,Wednesday,7,7:00am-7:59am,20,20,1,This section IS ON the NHS,2,Urban,3,Principal Arterial - Other,1,State Highway Agency,2,U.S. Highway,US-85,CR-6C,2383,2383,40.03311111,40.03311111,-104.818611100,-104.81861111,0,No Special Jurisdiction,12,Motor Vehicle In-Transport,2,Front-to-Front,0,No,2,Intersection,2,Four-Way Intersection,0,None,,,1,On Roadway,1,Daylight,98,Not Reported,0,No Additional Atmospheric Conditions,98,Not Reported,0,No,0000000,Not Applicable,99,Unknown,99,Unknown,99,Unknown EMS Scene Arrival Hour,99,Unknown EMS Scene Arrival Minutes,99,Unknown,99,Unknown EMS Hospital Arrival Time,19,Recent/Previous Crash scene Nearby,0,None,0,None,1,0
2019,8,80444,Colorado,2,2,0,0,0,2,2,1,ADAMS (1),2427,THORNTON,25,25,10,October,2019,6,Friday,0,0:00am-0:59am,52,52,1,This section IS ON the NHS,2,Urban,3,Principal Arterial - Other,4,City or Municipal Highway Agency,6,Local Street - Municipality,WASHINGTON ST,THORNTON PKWY,0,None,39.87078889,39.87078889,-104.977894400,-104.97789444,0,No Special Jurisdiction,12,Motor Vehicle In-Transport,6,Angle,0,No,2,Intersection,2,Four-Way Intersection,0,None,,,1,On Roadway,3,Dark - Lighted,98,Not Reported,0,No Additional Atmospheric Conditions,98,Not Reported,0,No,0000000,Not Applicable,0,0:00am-0:59am,52,52,0,0:00am-0:59am,53,53,1,1:00am-1:59am,20,20,0,None,0,None,0,None,2,1
2019,8,80445,Colorado,2,2,0,0,0,3,3,5,ARAPAHOE (5),110,AURORA,27,27,10,October,2019,1,Sunday,1,1:00am-1:59am,20,20,1,This section IS ON the NHS,2,Urban,3,Principal Arterial - Other,4,City or Municipal Highway Agency,6,Local Street - Municipality,E MISSISSIPPI AVE,I-225 NB OFF-RAMP,0,None,39.69658889,39.69658889,-104.828616700,-104.82861667,0,No Special Jurisdiction,12,Motor Vehicle In-Transport,6,Angle,1,Yes,2,Intersection,2,Four-Way Intersection,0,None,,,1,On Roadway,3,Dark - Lighted,2,Rain,0,No Additional Atmospheric Conditions,2,Rain,0,No,0000000,Not Applicable,1,1:00am-1:59am,20,20,1,1:00am-1:59am,20,20,99,Unknown,99,Unknown EMS Hospital Arrival Time,0,None,0,None,0,None,2,1
2019,8,80447,Colorado,1,1,0,1,1,4,4,31,DENVER (31),600,DENVER,7,7,10,October,2019,2,Monday,22,10:00pm-10:59pm,22,22,1,This section IS ON the NHS,2,Urban,3,Principal Arterial - Other,4,City or Municipal Highway Agency,6,Local Street - Municipality,38TH ST,BRIGHTON BLVD,0,None,39.77294444,39.77294444,-104.975405600,-104.97540556,0,No Special Jurisdiction,9,Pedalcyclist,0,The First Harmful Event was Not a Collision with a Motor Vehicle in Transport,0,No,2,Intersection,2,Four-Way Intersection,0,None,,,1,On Roadway,3,Dark - Lighted,98,Not Reported,0,No Additional Atmospheric Conditions,98,Not Reported,0,No,0000000,Not Applicable,22,10:00pm-10:59pm,23,23,22,10:00pm-10:59pm,27,27,22,10:00pm-10:59pm,37,37,0,None,0,None,0,None,1,0
2019,8,80448,Colorado,1,1,0,1,1,1,1,41,EL PASO (41),430,COLORADO SPRINGS,26,26,10,October,2019,7,Saturday,18,6:00pm-6:59pm,41,41,1,This section IS ON the NHS,2,Urban,3,Principal Arterial - Other,4,City or Municipal Highway Agency,6,Local Street - Municipality,W CIMARRON ST,,0,None,38.82703611,38.82703611,-104.831800000,-104.831800000,0,No Special Jurisdiction,8,Pedestrian,0,The First Harmful Event was Not a Collision with a Motor Vehicle in Transport,0,No,1,Non-Junction,1,Not an Intersection,1,Construction,,,1,On Roadway,3,Dark - Lighted,98,Not Reported,0,No Additional Atmospheric Conditions,98,Not Reported,0,No,0000000,Not Applicable,18,6:00pm-6:59pm,43,43,18,6:00pm-6:59pm,47,47,88,Not Applicable (Not Transported),88,Not Applicable (Not Transported),0,None,0,None,0,None,1,0
2019,8,80449,Colorado,2,2,0,0,0,2,2,77,MESA (77),0,NOT APPLICABLE,28,28,10,October,2019,2,Monday,5,5:00am-5:59am,40,40,1,This section IS ON the NHS,1,Rural,3,Principal Arterial - Other,1,State Highway Agency,2,U.S. Highway,US-50,,474,474,38.91034722,38.91034722,-108.373611100,-108.37361111,0,No Special Jurisdiction,1,Rollover/Overturn,0,The First Harmful Event was Not a Collision with a Motor Vehicle in Transport,0,No,1,Non-Junction,1,Not an Intersection,0,None,,,3,On Median,2,Dark - Not Lighted,98,Not Reported,0,No Additional Atmospheric Conditions,98,Not Reported,0,No,0000000,Not Applicable,99,Unknown,99,Unknown,99,Unknown EMS Scene Arrival Hour,99,Unknown EMS Scene Arrival Minutes,88,Not Applicable (Not Transported),88,Not Applicable (Not Transported),14,"Motor Vehicle struck by falling cargo,or something that came loose from or something that was set in motion by a vehicle",0,None,0,None,1,0
2019,8,80450,Colorado,2,2,0,0,0,2,2,69,LARIMER (69),0,NOT APPLICABLE,28,28,10,October,2019,2,Monday,10,10:00am-10:59am,11,11,0,This section IS NOT on the NHS,1,Rural,4,Minor Arterial,1,State Highway Agency,3,State Highway,SR-14,,847,847,40.69650556,40.69650556,-105.691877800,-105.69187778,0,No Special Jurisdiction,12,Motor Vehicle In-Transport,6,Angle,0,No,1,Non-Junction,1,Not an Intersection,0,None,,,1,On Roadway,1,Daylight,98,Not Reported,0,No Additional Atmospheric Conditions,98,Not Reported,0,No,0000000,Not Applicable,99,Unknown,99,Unknown,99,Unknown EMS Scene Arrival Hour,99,Unknown EMS Scene Arrival Minutes,88,Not Applicable (Not Transported),88,Not Applicable (Not Transported),0,None,0,None,0,None,1,0
2019,8,80451,Colorado,1,1,0,0,0,1,1,59,JEFFERSON (59),0,NOT APPLICABLE,29,29,10,October,2019,3,Tuesday,19,7:00pm-7:59pm,45,45,0,This section IS NOT on the NHS,1,Rural,4,Minor Arterial,1,State Highway Agency,2,U.S. Highway,US-6,,2609,2609,39.74075000,39.74075000,-105.390011100,-105.39001111,0,No Special Jurisdiction,1,Rollover/Overturn,0,The First Harmful Event was Not a Collision with a Motor Vehicle in Transport,0,No,1,Non-Junction,1,Not an Intersection,0,None,,,4,On Roadside,2,Dark - Not Lighted,4,Snow,0,No Additional Atmospheric Conditions,4,Snow,0,No,0000000,Not Applicable,99,Unknown,99,Unknown,99,Unknown EMS Scene Arrival Hour,99,Unknown EMS Scene Arrival Minutes,88,Not Applicable (Not Transported),88,Not Applicable (Not Transported),0,None,0,None,0,None,1,0
2019,8,80452,Colorado,1,1,0,0,0,3,3,1,ADAMS (1),1771,NORTHGLENN,18,18,10,October,2019,6,Friday,17,5:00pm-5:59pm,58,58,1,This section IS ON the NHS,2,Urban,1,Interstate,1,State Highway Agency,1,Interstate,I-25,,2214,2214,39.89041667,39.89041667,-104.987263900,-104.98726389,0,No Special Jurisdiction,39,Wall,0,The First Harmful Event was Not a Collision with a Motor Vehicle in Transport,0,No,1,Non-Junction,1,Not an Intersection,0,None,,,4,On Roadside,1,Daylight,98,Not Reported,0,No Additional Atmospheric Conditions,98,Not Reported,0,No,0000000,Not Applicable,17,5:00pm-5:59pm,58,58,18,6:00pm-6:59pm,6,6,99,Unknown,99,Unknown EMS Hospital Arrival Time,0,None,0,None,0,None,1,1
2019,8,80453,Colorado,4,4,0,0,0,4,4,5,ARAPAHOE (5),110,AURORA,19,19,10,October,2019,7,Saturday,8,8:00am-8:59am,0,0,1,This section IS ON the NHS,2,Urban,3,Principal Arterial - Other,4,City or Municipal Highway Agency,6,Local Street - Municipality,E MISSISSIPPI AVE,I-225 NB OFF-RAMP,0,None,39.69655000,39.69655000,-104.828588900,-104.82858889,0,No Special Jurisdiction,12,Motor Vehicle In-Transport,6,Angle,1,Yes,2,Intersection,2,Four-Way Intersection,0,None,,,1,On Roadway,1,Daylight,98,Not Reported,0,No Additional Atmospheric Conditions,98,Not Reported,0,No,0000000,Not Applicable,8,8:00am-8:59am,11,11,8,8:00am-8:59am,15,15,8,8:00am-8:59am,32,32,0,None,0,None,0,None,1,0
2019,8,80454,Colorado,3,3,0,0,0,4,4,1,ADAMS (1),1771,NORTHGLENN,31,31,10,October,2019,5,Thursday,0,0:00am-0:59am,9,9,1,This section IS ON the NHS,2,Urban,1,Interstate,1,State Highway Agency,1,Interstate,I-25,,2224,2224,39.90456667,39.90456667,-104.989816700,-104.98981667,0,No Special Jurisdiction,12,Motor Vehicle In-Transport,8,Sideswipe - Opposite Direction,1,Yes,18,Through Roadway,1,Not an Intersection,0,None,,,1,On Roadway,3,Dark - Lighted,98,Not Reported,0,No Additional Atmospheric Conditions,98,Not Reported,0,No,0000000,Not Applicable,0,0:00am-0:59am,9,9,0,0:00am-0:59am,18,18,99,Unknown,99,Unknown EMS Hospital Arrival Time,0,None,0,None,0,None,1,1
2019,8,80455,Colorado,1,1,0,1,1,1,1,5,ARAPAHOE (5),110,AURORA,1,1,10,October,2019,3,Tuesday,20,8:00pm-8:59pm,54,54,1,This section IS ON the NHS,2,Urban,3,Principal Arterial - Other,1,State Highway Agency,2,U.S. Highway,US-40  E COLFAX AVE,N KENTON ST,3049,3049,39.74012778,39.74012778,-104.860038900,-104.86003889,0,No Special Jurisdiction,15,Non-Motorist on Personal Conveyance,0,The First Harmful Event was Not a Collision with a Motor Vehicle in Transport,0,No,3,Intersection-Related,3,T-Intersection,0,None,,,1,On Roadway,3,Dark - Lighted,98,Not Reported,0,No Additional Atmospheric Conditions,98,Not Reported,0,No,0000000,Not Applicable,20,8:00pm-8:59pm,54,54,20,8:00pm-8:59pm,54,54,21,9:00pm-9:59pm,5,5,0,None,0,None,0,None,1,0
2019,8,80456,Colorado,2,2,0,0,0,2,2,41,EL PASO (41),430,COLORADO SPRINGS,1,1,10,October,2019,3,Tuesday,16,4:00pm-4:59pm,13,13,1,This section IS ON the NHS,2,Urban,1,Interstate,1,State Highway Agency,1,Interstate,I-25,,1388,1388,38.80839722,38.80839722,-104.806758300,-104.80675833,0,No Special Jurisdiction,12,Motor Vehicle In-Transport,1,Front-to-Rear,1,Yes,18,Through Roadway,1,Not an Intersection,0,None,,,1,On Roadway,1,Daylight,98,Not Reported,0,No Additional Atmospheric Conditions,98,Not Reported,0,No,0000000,Not Applicable,16,4:00pm-4:59pm,14,14,16,4:00pm-4:59pm,20,20,16,4:00pm-4:59pm,42,42,0,None,0,None,0,None,1,0
2019,8,80457,Colorado,3,3,0,0,0,3,3,31,DENVER (31),600,DENVER,24,24,10,October,2019,5,Thursday,11,11:00am-11:59am,24,24,1,This section IS ON the NHS,2,Urban,3,Principal Arterial - Other,1,State Highway Agency,3,State Highway,SR-2  N COLORADO BLVD,E 1ST AVE,46,46,39.71785556,39.71785556,-104.940805600,-104.94080556,0,No Special Jurisdiction,12,Motor Vehicle In-Transport,6,Angle,0,No,2,Intersection,2,Four-Way Intersection,0,None,,,1,On Roadway,1,Daylight,98,Not Reported,0,No Additional Atmospheric Conditions,98,Not Reported,0,No,0000000,Not Applicable,99,Unknown,99,Unknown,99,Unknown EMS Scene Arrival Hour,99,Unknown EMS Scene Arrival Minutes,99,Unknown,99,Unknown EMS Hospital Arrival Time,0,None,0,None,0,None,1,0
2019,8,80458,Colorado,1,1,0,1,1,2,2,69,LARIMER (69),860,FORT COLLINS,11,11,10,October,2019,6,Friday,20,8:00pm-8:59pm,45,45,0,This section IS NOT on the NHS,2,Urban,4,Minor Arterial,4,City or Municipal Highway Agency,6,Local Street - Municipality,W HARMONY RD,,0,None,40.52363333,40.52363333,-105.080583300,-105.08058333,0,No Special Jurisdiction,8,Pedestrian,0,The First Harmful Event was Not a Collision with a Motor Vehicle in Transport,0,No,1,Non-Junction,1,Not an Intersection,0,None,,,1,On Roadway,2,Dark - Not Lighted,98,Not Reported,0,No Additional Atmospheric Conditions,98,Not Reported,0,No,0000000,Not Applicable,20,8:00pm-8:59pm,45,45,20,8:00pm-8:59pm,49,49,21,9:00pm-9:59pm,23,23,0,None,0,None,0,None,1,0
2019,8,80459,Colorado,1,1,0,0,0,1,1,101,PUEBLO (101),2050,PUEBLO,6,6,10,October,2019,1,Sunday,1,1:00am-1:59am,10,10,0,This section IS NOT on the NHS,2,Urban,4,Minor Arterial,4,City or Municipal Highway Agency,6,Local Street - Municipality,S SANTA FE AVE,,0,None,38.25244444,38.25244444,-104.606738900,-104.60673889,0,No Special Jurisdiction,33,Curb,0,The First Harmful Event was Not a Collision with a Motor Vehicle in Transport,0,No,1,Non-Junction,1,Not an Intersection,0,None,,,4,On Roadside,3,Dark - Lighted,98,Not Reported,0,No Additional Atmospheric Conditions,98,Not Reported,0,No,0000000,Not Applicable,1,1:00am-1:59am,11,11,1,1:00am-1:59am,13,13,88,Not Applicable (Not Transported),88,Not Applicable (Not Transported),0,None,0,None,0,None,1,1
2019,8,80460,Colorado,1,1,0,0,0,1,1,35,DOUGLAS (35),1952,PARKER,12,12,9,September,2019,5,Thursday,11,11:00am-11:59am,15,15,0,This section IS NOT on the NHS,2,Urban,7,Local,4,City or Municipal Highway Agency,6,Local Street - Municipality,E HESS RD,NATE DR,0,None,39.49291667,39.49291667,-104.764927800,-104.76492778,0,No Special Jurisdiction,33,Curb,0,The First Harmful Event was Not a Collision with a Motor Vehicle in Transport,0,No,3,Intersection-Related,2,Four-Way Intersection,0,None,,,4,On Roadside,1,Daylight,98,Not Reported,0,No Additional Atmospheric Conditions,98,Not Reported,0,No,0000000,Not Applicable,99,Unknown,99,Unknown,99,Unknown EMS Scene Arrival Hour,99,Unknown EMS Scene Arrival Minutes,99,Unknown,99,Unknown EMS Hospital Arrival Time,0,None,0,None,0,None,1,0
2019,8,80461,Colorado,2,1,1,0,0,2,2,31,DENVER (31),600,DENVER,14,14,8,August,2019,4,Wednesday,23,11:00pm-11:59pm,14,14,1,This section IS ON the NHS,2,Urban,3,Principal Arterial - Other,1,State Highway Agency,2,U.S. Highway,US-40  E COLFAX AVE,,3012,3012,39.74023611,39.74023611,-104.929583300,-104.92958333,0,No Special Jurisdiction,14,Parked Motor Vehicle,0,The First Harmful Event was Not a Collision with a Motor Vehicle in Transport,0,No,1,Non-Junction,1,Not an Intersection,0,None,,,7,In Parking Lane/Zone,3,Dark - Lighted,98,Not Reported,0,No Additional Atmospheric Conditions,98,Not Reported,0,No,0000000,Not Applicable,23,11:00pm-11:59pm,14,14,99,Unknown EMS Scene Arrival Hour,99,Unknown EMS Scene Arrival Minutes,99,Unknown,99,Unknown EMS Hospital Arrival Time,0,None,0,None,0,None,1,1
2019,8,80462,Colorado,2,2,0,0,0,4,4,121,WASHINGTON (121),0,NOT APPLICABLE,1,1,11,November,2019,6,Friday,11,11:00am-11:59am,0,0,0,This section IS NOT on the NHS,1,Rural,5,Major Collector,1,State Highway Agency,3,State Highway,SR-61,CR-58,195,195,40.40847778,40.40847778,-103.007722200,-103.00772222,0,No Special Jurisdiction,12,Motor Vehicle In-Transport,6,Angle,0,No,2,Intersection,2,Four-Way Intersection,0,None,,,1,On Roadway,1,Daylight,98,Not Reported,0,No Additional Atmospheric Conditions,98,Not Reported,0,No,0000000,Not Applicable,11,11:00am-11:59am,3,3,11,11:00am-11:59am,24,24,88,Not Applicable (Not Transported),88,Not Applicable (Not Transported),0,None,0,None,0,None,1,0