caseyear,state,st_case,statename,ve_total,ve_forms,pvh_invl,peds,pernotmvit,permvit,persons,county,countyname,city,cityname,day,dayname,month,monthname,year,day_week,day_weekname,hour,hourname,minute,minutename,nhs,nhsname,rur_urb,rur_urbname,func_sys,func_sysname,rd_owner,rd_ownername,route,routename,tway_id,tway_id2,milept,mileptname,latitude,latitudename,longitud,longitudname,sp_jur,sp_jurname,harm_ev,harm_evname,man_coll,man_collname,reljct1,reljct1name,reljct2,reljct2name,typ_int,typ_intname,wrk_zone,wrk_zonename,road_fnc,road_fncname,rel_road,rel_roadname,lgt_cond,lgt_condname,weather1,weather1name,weather2,weather2name,weather,weathername,sch_bus,sch_busname,rail,railname,not_hour,not_hourname,not_min,not_minname,arr_hour,arr_hourname,arr_min,arr_minname,hosp_hr,hosp_hrname,hosp_mn,hosp_mnname,cf1,cf1name,cf2,cf2name,cf3,cf3name,fatals,drunk_dr
2020,8,80226,Colorado,1,1,0,1,1,1,1,1,ADAMS (1),0,NOT APPLICABLE,28,28,6,June,2020,1,Sunday,22,10:00pm-10:59pm,55,55,0,This section IS NOT on the NHS,2,Urban,4,Minor Arterial,2,County Highway Agency,4,County Road,CR-DEVONSHIRE BLVD,,0,None,39.85361944,39.85361944,-104.955830560,-104.955830560,0,No Special Jurisdiction,8,Pedestrian,0,The First Harmful Event was Not a Collision with a Motor Vehicle in Transport,0,No,1,Non-Junction,1,Not an Intersection,0,None,,,1,On Roadway,3,Dark - Lighted,,,,,98,Not Reported,0,No,0000000,Not Applicable,99,Unknown,99,Unknown,99,Unknown EMS Scene Arrival Hour,99,Unknown EMS Scene Arrival Minutes,99,Unknown,99,Unknown EMS Hospital Arrival Time,,,,,,,1,0
2020,8,80227,Colorado,2,1,1,4,4,1,1,69,LARIMER (69),860,FORT COLLINS,26,26,6,June,2020,6,Friday,9,9:00am-9:59am,58,58,0,This section IS NOT on the NHS,2,Urban,4,Minor Arterial,4,City or Municipal Highway Agency,6,Local Street - Municipality,PROSPECT RD,AZALEA DR,0,None,40.56760556,40.56760556,-105.130580560,-105.130580560,0,No Special Jurisdiction,8,Pedestrian,0,The First Harmful Event was Not a Collision with a Motor Vehicle in Transport,0,No,3,Intersection-Related,3,T-Intersection,1,Construction,,,4,On Roadside,1,Daylight,,,,,98,Not Reported,0,No,0000000,Not Applicable,9,9:00am-9:59am,58,58,10,10:00am-10:59am,1,1,10,10:00am-10:59am,43,43,,,,,,,1,0
2020,8,80228,Colorado,2,2,0,0,0,3,3,41,EL PASO (41),430,COLORADO SPRINGS,14,14,6,June,2020,1,Sunday,22,10:00pm-10:59pm,45,45,1,This section IS ON the NHS,2,Urban,3,Principal Arterial - Other,4,City or Municipal Highway Agency,6,Local Street - Municipality,E PLATTE AVE,N NEVADA AVE,0,None,38.83804167,38.83804167,-104.821627780,-104.821627780,0,No Special Jurisdiction,12,Motor Vehicle In-Transport,6,Angle,0,No,2,Intersection,2,Four-Way Intersection,0,None,,,1,On Roadway,3,Dark - Lighted,,,,,98,Not Reported,0,No,0000000,Not Applicable,22,10:00pm-10:59pm,46,46,22,10:00pm-10:59pm,50,50,22,10:00pm-10:59pm,57,57,,,,,,,1,1
2020,8,80229,Colorado,2,2,0,0,0,2,2,93,PARK (93),0,NOT APPLICABLE,30,30,6,June,2020,3,Tuesday,16,4:00pm-4:59pm,40,40,0,This section IS NOT on the NHS,1,Rural,6,Minor Collector,2,County Highway Agency,4,County Road,CR-53,,104,104,38.86861111,38.86861111,-105.778333330,-105.778333330,0,No Special Jurisdiction,1,Rollover/Overturn,0,The First Harmful Event was Not a Collision with a Motor Vehicle in Transport,0,No,1,Non-Junction,1,Not an Intersection,0,None,,,1,On Roadway,1,Daylight,,,,,1,Clear,0,No,0000000,Not Applicable,99,Unknown,99,Unknown,99,Unknown EMS Scene Arrival Hour,99,Unknown EMS Scene Arrival Minutes,88,"Not Applicable (Not Transported) ",88,Not Applicable (Not Transported),,,,,,,1,0
2020,8,80230,Colorado,1,1,0,1,1,1,1,5,ARAPAHOE (5),740,ENGLEWOOD,23,23,6,June,2020,3,Tuesday,21,9:00pm-9:59pm,7,7,0,This section IS NOT on the NHS,2,Urban,7,Local,4,City or Municipal Highway Agency,6,Local Street - Municipality,S BANNOCK ST,W RADCLIFF AVE,0,None,39.63672222,39.63672222,-104.990216670,-104.990216670,0,No Special Jurisdiction,9,Pedalcyclist,0,The First Harmful Event was Not a Collision with a Motor Vehicle in Transport,0,No,2,Intersection,2,Four-Way Intersection,0,None,,,1,On Roadway,3,Dark - Lighted,,,,,98,Not Reported,0,No,0000000,Not Applicable,21,9:00pm-9:59pm,10,10,21,9:00pm-9:59pm,12,12,21,9:00pm-9:59pm,28,28,,,,,,,1,0
2020,8,80231,Colorado,1,1,0,0,0,1,1,14,BROOMFIELD (14),253,BROOMFIELD,30,30,6,June,2020,3,Tuesday,20,8:00pm-8:59pm,52,52,1,This section IS ON the NHS,2,Urban,3,Principal Arterial - Other,1,State Highway Agency,3,State Highway,SR-121,UPTOWN AVE,254,254,39.90896111,39.90896111,-105.096188890,-105.096188890,0,No Special Jurisdiction,46,Traffic Signal Support,0,The First Harmful Event was Not a Collision with a Motor Vehicle in Transport,0,No,3,Intersection-Related,2,Four-Way Intersection,0,None,,,4,On Roadside,3,Dark - Lighted,,,,,98,Not Reported,0,No,0000000,Not Applicable,20,8:00pm-8:59pm,53,53,20,8:00pm-8:59pm,57,57,21,9:00pm-9:59pm,5,5,,,,,,,1,0
2020,8,80232,Colorado,1,1,0,0,0,5,5,41,EL PASO (41),0,NOT APPLICABLE,21,21,6,June,2020,1,Sunday,6,6:00am-6:59am,15,15,0,This section IS NOT on the NHS,2,Urban,7,Local,2,County Highway Agency,4,County Road,CR-LOOMIS AVE,CR-CHAMBERLIN AVE,0,None,38.77446667,38.77446667,-104.794344440,-104.794344440,0,No Special Jurisdiction,43,Other Fixed Object,0,The First Harmful Event was Not a Collision with a Motor Vehicle in Transport,0,No,3,Intersection-Related,3,T-Intersection,0,None,,,1,On Roadway,1,Daylight,,,,,98,Not Reported,0,No,0000000,Not Applicable,6,6:00am-6:59am,17,17,99,Unknown EMS Scene Arrival Hour,99,Unknown EMS Scene Arrival Minutes,99,Unknown,99,Unknown EMS Hospital Arrival Time,,,,,,,1,1
2020,8,80233,Colorado,1,1,0,0,0,1,1,39,ELBERT (39),0,NOT APPLICABLE,14,14,6,June,2020,1,Sunday,15,3:00pm-3:59pm,41,41,0,This section IS NOT on the NHS,1,Rural,7,Local,2,County Highway Agency,4,County Road,CR-162,,0,None,39.44839444,39.44839444,-104.525722220,-104.525722220,0,No Special Jurisdiction,1,Rollover/Overturn,0,The First Harmful Event was Not a Collision with a Motor Vehicle in Transport,0,No,1,Non-Junction,1,Not an Intersection,0,None,,,1,On Roadway,1,Daylight,,,,,98,Not Reported,0,No,0000000,Not Applicable,99,Unknown,99,Unknown,99,Unknown EMS Scene Arrival Hour,99,Unknown EMS Scene Arrival Minutes,99,Unknown,99,Unknown EMS Hospital Arrival Time,,,,,,,1,0
2020,8,80234,Colorado,2,2,0,0,0,2,2,39,ELBERT (39),715,ELBERT,20,20,6,June,2020,7,Saturday,16,4:00pm-4:59pm,42,42,0,This section IS NOT on the NHS,1,Rural,5,Major Collector,2,County Highway Agency,5,Local Street - Township,CR-N ELBERT RD,,0,None,39.22500000,39.22500000,-104.535833330,-104.535833330,0,No Special Jurisdiction,12,Motor Vehicle In-Transport,7,Sideswipe - Same Direction,0,No,1,Non-Junction,1,Not an Intersection,0,None,,,1,On Roadway,1,Daylight,,,,,1,Clear,0,No,0000000,Not Applicable,16,4:00pm-4:59pm,41,41,16,4:00pm-4:59pm,45,45,17,5:00pm-5:59pm,57,57,,,,,,,1,0
2020,8,80235,Colorado,1,1,0,1,1,1,1,45,GARFIELD (45),2280,SILT,22,22,6,June,2020,2,Monday,5,5:00am-5:59am,11,11,0,This section IS NOT on the NHS,1,Rural,5,Major Collector,1,State Highway Agency,3,State Highway,SR-70 BUSN RT,,1,1,39.54458889,39.54458889,-107.653866670,-107.653866670,0,No Special Jurisdiction,9,Pedalcyclist,0,The First Harmful Event was Not a Collision with a Motor Vehicle in Transport,1,Yes,18,Through Roadway,1,Not an Intersection,0,None,,,1,On Roadway,2,Dark - Not Lighted,,,,,98,Not Reported,0,No,0000000,Not Applicable,5,5:00am-5:59am,11,11,99,Unknown EMS Scene Arrival Hour,99,Unknown EMS Scene Arrival Minutes,99,Unknown,99,Unknown EMS Hospital Arrival Time,,,,,,,1,0
2020,8,80236,Colorado,1,1,0,0,0,1,1,1,ADAMS (1),230,BRIGHTON,20,20,6,June,2020,7,Saturday,14,2:00pm-2:59pm,7,7,1,This section IS ON the NHS,2,Urban,2,Principal Arterial - Other Freeways and Expressways,1,State Highway Agency,2,U.S. Highway,US-85 RAMP D,,2352,2352,39.98791667,39.98791667,-104.823888890,-104.823888890,0,No Special Jurisdiction,73,Object That Had Fallen From Motor Vehicle In-Transport,0,The First Harmful Event was Not a Collision with a Motor Vehicle in Transport,1,Yes,20,Entrance/Exit Ramp,1,Not an Intersection,0,None,,,1,On Roadway,1,Daylight,,,,,98,Not Reported,0,No,0000000,Not Applicable,99,Unknown,99,Unknown,99,Unknown EMS Scene Arrival Hour,99,Unknown EMS Scene Arrival Minutes,99,Unknown,99,Unknown EMS Hospital Arrival Time,,,,,,,1,0
2020,8,80237,Colorado,1,1,0,1,1,1,1,59,JEFFERSON (59),2555,WHEAT RIDGE,21,21,6,June,2020,1,Sunday,21,9:00pm-9:59pm,17,17,0,This section IS NOT on the NHS,2,Urban,5,Major Collector,4,City or Municipal Highway Agency,6,Local Street - Municipality,W 48TH AVE,,0,None,39.78451111,39.78451111,-105.120283330,-105.120283330,0,No Special Jurisdiction,8,Pedestrian,0,The First Harmful Event was Not a Collision with a Motor Vehicle in Transport,0,No,1,Non-Junction,1,Not an Intersection,0,None,,,1,On Roadway,2,Dark - Not Lighted,,,,,98,Not Reported,0,No,0000000,Not Applicable,21,9:00pm-9:59pm,19,19,21,9:00pm-9:59pm,23,23,21,9:00pm-9:59pm,33,33,,,,,,,1,0
2020,8,80238,Colorado,2,1,1,0,0,1,1,101,PUEBLO (101),2050,PUEBLO,17,17,6,June,2020,4,Wednesday,21,9:00pm-9:59pm,10,10,0,This section IS NOT on the NHS,2,Urban,7,Local,4,City or Municipal Highway Agency,6,Local Street - Municipality,TYLER ST,PITKIN ST,0,None,38.26161389,38.26161389,-104.631077780,-104.631077780,0,No Special Jurisdiction,14,Parked Motor Vehicle,0,The First Harmful Event was Not a Collision with a Motor Vehicle in Transport,0,No,3,Intersection-Related,2,Four-Way Intersection,0,None,,,7,In Parking Lane/Zone,2,Dark - Not Lighted,,,,,98,Not Reported,0,No,0000000,Not Applicable,21,9:00pm-9:59pm,12,12,21,9:00pm-9:59pm,17,17,88,"Not Applicable (Not Transported) ",88,Not Applicable (Not Transported),,,,,,,1,1
2020,8,80239,Colorado,2,2,0,0,0,4,4,31,DENVER (31),600,DENVER,8,8,6,June,2020,2,Monday,0,0:00am-0:59am,6,6,1,This section IS ON the NHS,2,Urban,3,Principal Arterial - Other,1,State Highway Agency,3,State Highway,SR-83   LEETSDALE DR,S QUEBEC ST,749,749,39.69861111,39.69861111,-104.903594440,-104.903594440,0,No Special Jurisdiction,12,Motor Vehicle In-Transport,6,Angle,0,No,2,Intersection,2,Four-Way Intersection,0,None,,,1,On Roadway,3,Dark - Lighted,,,,,98,Not Reported,0,No,0000000,Not Applicable,99,Unknown,99,Unknown,99,Unknown EMS Scene Arrival Hour,99,Unknown EMS Scene Arrival Minutes,99,Unknown,99,Unknown EMS Hospital Arrival Time,,,,,,,1,0
2020,8,80240,Colorado,1,1,0,0,0,1,1,101,PUEBLO (101),2050,PUEBLO,9,9,6,June,2020,3,Tuesday,4,4:00am-4:59am,5,5,1,This section IS ON the NHS,2,Urban,3,Principal Arterial - Other,1,State Highway Agency,2,U.S. Highway,US-50 BUSN RT  S SANTA FE AVE,,5,5,38.26346111,38.26346111,-104.606950000,-104.606950000,0,No Special Jurisdiction,24,Guardrail Face,0,The First Harmful Event was Not a Collision with a Motor Vehicle in Transport,0,No,1,Non-Junction,1,Not an Intersection,0,None,,,3,On Median,3,Dark - Lighted,,,,,98,Not Reported,0,No,0000000,Not Applicable,4,4:00am-4:59am,5,5,4,4:00am-4:59am,6,6,88,"Not Applicable (Not Transported) ",88,Not Applicable (Not Transported),,,,,,,1,1
2020,8,80241,Colorado,4,4,0,0,0,6,6,123,WELD (123),910,FREDERICK,10,10,6,June,2020,4,Wednesday,18,6:00pm-6:59pm,34,34,1,This section IS ON the NHS,2,Urban,1,Interstate,1,State Highway Agency,7,Local Street - Frontage Road,I-25 E FRONTAGE RD,TIPPLE PKWY,2361,2361,40.10229444,40.10229444,-104.979872220,-104.979872220,0,No Special Jurisdiction,12,Motor Vehicle In-Transport,6,Angle,0,No,2,Intersection,3,T-Intersection,0,None,,,1,On Roadway,1,Daylight,,,,,98,Not Reported,0,No,0000000,Not Applicable,18,6:00pm-6:59pm,36,36,18,6:00pm-6:59pm,47,47,99,Unknown,99,Unknown EMS Hospital Arrival Time,,,,,,,2,0
2020,8,80242,Colorado,2,2,0,0,0,2,2,101,PUEBLO (101),0,NOT APPLICABLE,28,28,1,January,2020,3,Tuesday,15,3:00pm-3:59pm,28,28,1,This section IS ON the NHS,2,Urban,1,Interstate,1,State Highway Agency,1,Interstate,I-25,,1043,1043,38.34912500,38.34912500,-104.620097220,-104.620097220,0,No Special Jurisdiction,57,Cable Barrier,0,The First Harmful Event was Not a Collision with a Motor Vehicle in Transport,0,No,1,Non-Junction,1,Not an Intersection,0,None,,,3,On Median,1,Daylight,,,,,1,Clear,0,No,0000000,Not Applicable,99,Unknown,99,Unknown,99,Unknown EMS Scene Arrival Hour,99,Unknown EMS Scene Arrival Minutes,99,Unknown,99,Unknown EMS Hospital Arrival Time,,,,,,,1,1
2020,8,80243,Colorado,1,1,0,0,0,1,1,41,EL PASO (41),890,FOUNTAIN,5,5,4,April,2020,1,Sunday,22,10:00pm-10:59pm,54,54,1,This section IS ON the NHS,2,Urban,2,Principal Arterial - Other Freeways and Expressways,1,State Highway Agency,3,State Highway,SR-16,,4,4,38.72608889,38.72608889,-104.727838890,-104.727838890,0,No Special Jurisdiction,24,Guardrail Face,0,The First Harmful Event was Not a Collision with a Motor Vehicle in Transport,0,No,1,Non-Junction,1,Not an Intersection,0,None,,,4,On Roadside,2,Dark - Not Lighted,,,,,98,Not Reported,0,No,0000000,Not Applicable,22,10:00pm-10:59pm,55,55,23,11:00pm-11:59pm,1,1,88,"Not Applicable (Not Transported) ",88,Not Applicable (Not Transported),,,,,,,1,1
2020,8,80244,Colorado,1,1,0,1,1,1,1,27,CUSTER (27),2540,WESTCLIFFE,30,30,5,May,2020,7,Saturday,11,11:00am-11:59am,23,23,0,This section IS NOT on the NHS,1,Rural,7,Local,3,Town or Township Highway Agency,5,Local Street - Township," SIERRA MOJADA ST",,0,None,38.13130556,38.13130556,-105.457350000,-105.457350000,0,No Special Jurisdiction,8,Pedestrian,0,The First Harmful Event was Not a Collision with a Motor Vehicle in Transport,0,No,4,Driveway Access,1,Not an Intersection,0,None,,,1,On Roadway,1,Daylight,,,,,98,Not Reported,0,No,0000000,Not Applicable,11,11:00am-11:59am,28,28,11,11:00am-11:59am,30,30,99,Unknown,99,Unknown EMS Hospital Arrival Time,,,,,,,1,0
2020,8,80245,Colorado,1,1,0,1,1,1,1,123,WELD (123),870,FORT LUPTON,20,20,5,May,2020,4,Wednesday,19,7:00pm-7:59pm,36,36,1,This section IS ON the NHS,1,Rural,3,Principal Arterial - Other,1,State Highway Agency,3,State Highway,SR-52,,180,180,40.08000000,40.08000000,-104.857111110,-104.857111110,0,No Special Jurisdiction,8,Pedestrian,0,The First Harmful Event was Not a Collision with a Motor Vehicle in Transport,0,No,1,Non-Junction,1,Not an Intersection,0,None,,,1,On Roadway,1,Daylight,,,,,98,Not Reported,0,No,0000000,Not Applicable,19,7:00pm-7:59pm,36,36,19,7:00pm-7:59pm,43,43,88,"Not Applicable (Not Transported) ",88,Not Applicable (Not Transported),,,,,,,1,0
2020,8,80246,Colorado,1,1,0,1,1,1,1,5,ARAPAHOE (5),110,AURORA,25,25,5,May,2020,2,Monday,0,0:00am-0:59am,21,21,1,This section IS ON the NHS,2,Urban,3,Principal Arterial - Other,1,State Highway Agency,3,State Highway,SR-83 ON-RAMP   S PARKER RD,,707,707,39.65875833,39.65875833,-104.846566670,-104.846566670,0,No Special Jurisdiction,8,Pedestrian,0,The First Harmful Event was Not a Collision with a Motor Vehicle in Transport,1,Yes,20,Entrance/Exit Ramp,1,Not an Intersection,0,None,,,1,On Roadway,3,Dark - Lighted,,,,,98,Not Reported,0,No,0000000,Not Applicable,1,1:00am-1:59am,0,0,1,1:00am-1:59am,30,30,88,"Not Applicable (Not Transported) ",88,Not Applicable (Not Transported),,,,,,,1,0
2020,8,80247,Colorado,3,3,0,0,0,8,8,41,EL PASO (41),890,FOUNTAIN,27,27,5,May,2020,4,Wednesday,18,6:00pm-6:59pm,53,53,1,This section IS ON the NHS,2,Urban,3,Principal Arterial - Other,1,State Highway Agency,6,Local Street - Municipality,S ACADEMY BLVD,I-25 SB OFF-RAMP,0,None,38.76510000,38.76510000,-104.777694440,-104.777694440,0,No Special Jurisdiction,12,Motor Vehicle In-Transport,6,Angle,1,Yes,2,Intersection,2,Four-Way Intersection,0,None,,,1,On Roadway,1,Daylight,,,,,98,Not Reported,0,No,0000000,Not Applicable,18,6:00pm-6:59pm,53,53,19,7:00pm-7:59pm,1,1,99,Unknown,99,Unknown EMS Hospital Arrival Time,,,,,,,1,0
2020,8,80248,Colorado,2,2,0,0,0,3,3,101,PUEBLO (101),0,NOT APPLICABLE,2,2,7,July,2020,5,Thursday,22,10:00pm-10:59pm,15,15,1,This section IS ON the NHS,2,Urban,2,Principal Arterial - Other Freeways and Expressways,1,State Highway Agency,2,U.S. Highway,US-50,,3107,3107,38.31929167,38.31929167,-104.684169440,-104.684169440,0,No Special Jurisdiction,12,Motor Vehicle In-Transport,1,Front-to-Rear,0,No,1,Non-Junction,1,Not an Intersection,0,None,,,1,On Roadway,2,Dark - Not Lighted,,,,,98,Not Reported,0,No,0000000,Not Applicable,99,Unknown,99,Unknown,99,Unknown EMS Scene Arrival Hour,99,Unknown EMS Scene Arrival Minutes,88,"Not Applicable (Not Transported) ",88,Not Applicable (Not Transported),,,,,,,1,1
2020,8,80249,Colorado,1,1,0,0,0,2,2,1,ADAMS (1),0,NOT APPLICABLE,3,3,7,July,2020,6,Friday,2,2:00am-2:59am,31,31,1,This section IS ON the NHS,2,Urban,1,Interstate,1,State Highway Agency,1,Interstate,I-25 RAMP E,,2170,2170,39.82738611,39.82738611,-104.985433330,-104.985433330,0,No Special Jurisdiction,25,Concrete Traffic Barrier,0,The First Harmful Event was Not a Collision with a Motor Vehicle in Transport,1,Yes,5,Entrance/Exit Ramp Related,1,Not an Intersection,0,None,,,4,On Roadside,3,Dark - Lighted,,,,,98,Not Reported,0,No,0000000,Not Applicable,2,2:00am-2:59am,34,34,2,2:00am-2:59am,43,43,2,2:00am-2:59am,58,58,,,,,,,1,1
2020,8,80250,Colorado,1,1,0,0,0,2,2,51,GUNNISON (51),0,NOT APPLICABLE,3,3,7,July,2020,6,Friday,20,8:00pm-8:59pm,30,30,0,This section IS NOT on the NHS,1,Rural,6,Minor Collector,2,County Highway Agency,4,County Road,CR-730,,167,167,38.78513889,38.78513889,-107.076111110,-107.076111110,0,No Special Jurisdiction,42,Tree (Standing Only),0,The First Harmful Event was Not a Collision with a Motor Vehicle in Transport,0,No,1,Non-Junction,1,Not an Intersection,0,None,,,4,On Roadside,2,Dark - Not Lighted,,,,,98,Not Reported,0,No,0000000,Not Applicable,99,Unknown,99,Unknown,99,Unknown EMS Scene Arrival Hour,99,Unknown EMS Scene Arrival Minutes,88,"Not Applicable (Not Transported) ",88,Not Applicable (Not Transported),,,,,,,1,1
2020,8,80251,Colorado,1,1,0,0,0,1,1,69,LARIMER (69),0,NOT APPLICABLE,4,4,7,July,2020,7,Saturday,18,6:00pm-6:59pm,50,50,0,This section IS NOT on the NHS,2,Urban,5,Major Collector,2,County Highway Agency,4,County Road,CR-30,,0,None,40.46095833,40.46095833,-105.053250000,-105.053250000,0,No Special Jurisdiction,38,Fence,0,The First Harmful Event was Not a Collision with a Motor Vehicle in Transport,0,No,1,Non-Junction,1,Not an Intersection,0,None,,,5,Outside Trafficway,1,Daylight,,,,,98,Not Reported,0,No,0000000,Not Applicable,18,6:00pm-6:59pm,50,50,18,6:00pm-6:59pm,50,50,18,6:00pm-6:59pm,50,50,,,,,,,1,0
2020,8,80252,Colorado,1,1,0,0,0,2,2,1,ADAMS (1),0,NOT APPLICABLE,5,5,7,July,2020,1,Sunday,6,6:00am-6:59am,22,22,0,This section IS NOT on the NHS,2,Urban,4,Minor Arterial,1,State Highway Agency,3,State Highway,SR-224,,25,25,39.83088889,39.83088889,-104.946583330,-104.946583330,0,No Special Jurisdiction,17,Boulder,0,The First Harmful Event was Not a Collision with a Motor Vehicle in Transport,1,Yes,19,Other location within Interchange Area,1,Not an Intersection,0,None,,,4,On Roadside,1,Daylight,,,,,98,Not Reported,0,No,0000000,Not Applicable,99,Unknown,99,Unknown,99,Unknown EMS Scene Arrival Hour,99,Unknown EMS Scene Arrival Minutes,99,Unknown,99,Unknown EMS Hospital Arrival Time,,,,,,,1,0
2020,8,80253,Colorado,3,3,0,0,0,3,3,59,JEFFERSON (59),0,NOT APPLICABLE,5,5,7,July,2020,1,Sunday,20,8:00pm-8:59pm,54,54,1,This section IS ON the NHS,2,Urban,3,Principal Arterial - Other,2,County Highway Agency,4,County Road,CR-W KEN CARYL AVE,CR-SHAFFER PKWY,0,None,39.58004444,39.58004444,-105.137383330,-105.137383330,0,No Special Jurisdiction,1,Rollover/Overturn,0,The First Harmful Event was Not a Collision with a Motor Vehicle in Transport,0,No,2,Intersection,2,Four-Way Intersection,0,None,,,1,On Roadway,5,Dusk,,,,,98,Not Reported,0,No,0000000,Not Applicable,99,Unknown,99,Unknown,99,Unknown EMS Scene Arrival Hour,99,Unknown EMS Scene Arrival Minutes,88,"Not Applicable (Not Transported) ",88,Not Applicable (Not Transported),,,,,,,1,0
2020,8,80254,Colorado,1,1,0,1,1,1,1,123,WELD (123),1070,GREELEY,2,2,7,July,2020,5,Thursday,11,11:00am-11:59am,45,45,0,This section IS NOT on the NHS,2,Urban,7,Local,4,City or Municipal Highway Agency,6,Local Street - Municipality,E 25TH ST LN,,0,None,40.39588333,40.39588333,-104.663294440,-104.663294440,0,No Special Jurisdiction,8,Pedestrian,0,The First Harmful Event was Not a Collision with a Motor Vehicle in Transport,0,No,8,Driveway Access Related,1,Not an Intersection,0,None,,,1,On Roadway,1,Daylight,,,,,98,Not Reported,0,No,0000000,Not Applicable,11,11:00am-11:59am,47,47,11,11:00am-11:59am,52,52,12,12:00pm-12:59pm,13,13,,,,,,,1,0
2020,8,80255,Colorado,2,2,0,0,0,4,4,5,ARAPAHOE (5),110,AURORA,2,2,7,July,2020,5,Thursday,14,2:00pm-2:59pm,43,43,0,This section IS NOT on the NHS,2,Urban,4,Minor Arterial,4,City or Municipal Highway Agency,6,Local Street - Municipality,S SABLE BLVD,E CENTREPOINT DR,0,None,39.70769444,39.70769444,-104.819388890,-104.819388890,0,No Special Jurisdiction,12,Motor Vehicle In-Transport,1,Front-to-Rear,0,No,3,Intersection-Related,2,Four-Way Intersection,0,None,,,1,On Roadway,1,Daylight,,,,,98,Not Reported,0,No,0000000,Not Applicable,14,2:00pm-2:59pm,43,43,14,2:00pm-2:59pm,45,45,88,"Not Applicable (Not Transported) ",88,Not Applicable (Not Transported),,,,,,,1,1
2020,8,80256,Colorado,2,2,0,0,0,3,3,45,GARFIELD (45),0,NOT APPLICABLE,6,6,7,July,2020,2,Monday,21,9:00pm-9:59pm,41,41,0,This section IS NOT on the NHS,1,Rural,5,Major Collector,1,State Highway Agency,2,U.S. Highway,US-6,,1006,1006,39.54619444,39.54619444,-107.627500000,-107.627500000,0,No Special Jurisdiction,12,Motor Vehicle In-Transport,2,Front-to-Front,0,No,1,Non-Junction,1,Not an Intersection,0,None,,,1,On Roadway,2,Dark - Not Lighted,,,,,98,Not Reported,0,No,0000000,Not Applicable,21,9:00pm-9:59pm,41,41,21,9:00pm-9:59pm,48,48,88,"Not Applicable (Not Transported) ",88,Not Applicable (Not Transported),,,,,,,3,2
2020,8,80257,Colorado,1,1,0,1,1,1,1,41,EL PASO (41),430,COLORADO SPRINGS,6,6,7,July,2020,2,Monday,22,10:00pm-10:59pm,47,47,1,This section IS ON the NHS,2,Urban,3,Principal Arterial - Other,4,City or Municipal Highway Agency,6,Local Street - Municipality,E PLATTE AVE,SWOPE AVE,0,None,38.83715833,38.83715833,-104.791533330,-104.791533330,0,No Special Jurisdiction,8,Pedestrian,0,The First Harmful Event was Not a Collision with a Motor Vehicle in Transport,0,No,3,Intersection-Related,2,Four-Way Intersection,0,None,,,1,On Roadway,3,Dark - Lighted,,,,,98,Not Reported,0,No,0000000,Not Applicable,22,10:00pm-10:59pm,48,48,22,10:00pm-10:59pm,51,51,23,11:00pm-11:59pm,2,2,,,,,,,1,1
2020,8,80258,Colorado,1,1,0,0,0,1,1,1,ADAMS (1),230,BRIGHTON,7,7,7,July,2020,3,Tuesday,4,4:00am-4:59am,0,0,0,This section IS NOT on the NHS,2,Urban,5,Major Collector,4,City or Municipal Highway Agency,6,Local Street - Municipality,BRIGHTON RD,,0,None,39.94930556,39.94930556,-104.848266670,-104.848266670,0,No Special Jurisdiction,1,Rollover/Overturn,0,The First Harmful Event was Not a Collision with a Motor Vehicle in Transport,0,No,1,Non-Junction,1,Not an Intersection,0,None,,,4,On Roadside,2,Dark - Not Lighted,,,,,98,Not Reported,0,No,0000000,Not Applicable,8,8:00am-8:59am,31,31,8,8:00am-8:59am,41,41,88,"Not Applicable (Not Transported) ",88,Not Applicable (Not Transported),,,,,,,1,1
2020,8,80259,Colorado,1,1,0,0,0,1,1,41,EL PASO (41),0,NOT APPLICABLE,8,8,7,July,2020,4,Wednesday,21,9:00pm-9:59pm,11,11,1,This section IS ON the NHS,1,Rural,3,Principal Arterial - Other,1,State Highway Agency,2,U.S. Highway,US-24,,3173,3173,38.89772222,38.89772222,-104.637516670,-104.637516670,0,No Special Jurisdiction,1,Rollover/Overturn,0,The First Harmful Event was Not a Collision with a Motor Vehicle in Transport,0,No,1,Non-Junction,1,Not an Intersection,0,None,,,3,On Median,2,Dark - Not Lighted,,,,,98,Not Reported,0,No,0000000,Not Applicable,99,Unknown,99,Unknown,99,Unknown EMS Scene Arrival Hour,99,Unknown EMS Scene Arrival Minutes,88,"Not Applicable (Not Transported) ",88,Not Applicable (Not Transported),,,,,,,1,0