caseyear,state,st_case,statename,ve_total,ve_forms,pvh_invl,peds,pernotmvit,permvit,persons,county,countyname,city,cityname,day,dayname,month,monthname,year,day_week,day_weekname,hour,hourname,minute,minutename,nhs,nhsname,rur_urb,rur_urbname,func_sys,func_sysname,rd_owner,rd_ownername,route,routename,tway_id,tway_id2,milept,mileptname,latitude,latitudename,longitud,longitudname,sp_jur,sp_jurname,harm_ev,harm_evname,man_coll,man_collname,reljct1,reljct1name,reljct2,reljct2name,typ_int,typ_intname,wrk_zone,wrk_zonename,road_fnc,road_fncname,rel_road,rel_roadname,lgt_cond,lgt_condname,weather1,weather1name,weather2,weather2name,weather,weathername,sch_bus,sch_busname,rail,railname,not_hour,not_hourname,not_min,not_minname,arr_hour,arr_hourname,arr_min,arr_minname,hosp_hr,hosp_hrname,hosp_mn,hosp_mnname,cf1,cf1name,cf2,cf2name,cf3,cf3name,fatals,drunk_dr
2020,8,80405,Colorado,1,1,0,0,0,1,1,93,PARK (93),0,NOT APPLICABLE,17,17,9,September,2020,5,Thursday,14,2:00pm-2:59pm,7,7,0,This section IS NOT on the NHS,1,Rural,5,Major Collector,2,County Highway Agency,4,County Road,CR-77,,379,379,39.32371944,39.32371944,-105.766777780,-105.766777780,0,No Special Jurisdiction,1,Rollover/Overturn,0,The First Harmful Event was Not a Collision with a Motor Vehicle in Transport,0,No,1,Non-Junction,1,Not an Intersection,0,None,,,4,On Roadside,1,Daylight,,,,,98,Not Reported,0,No,0000000,Not Applicable,99,Unknown,99,Unknown,99,Unknown EMS Scene Arrival Hour,99,Unknown EMS Scene Arrival Minutes,99,Unknown,99,Unknown EMS Hospital Arrival Time,,,,,,,1,0
2020,8,80406,Colorado,1,1,0,0,0,1,1,119,TELLER (119),0,NOT APPLICABLE,17,17,9,September,2020,5,Thursday,16,4:00pm-4:59pm,57,57,0,This section IS NOT on the NHS,1,Rural,5,Major Collector,2,County Highway Agency,4,County Road,CR-42,,55,55,38.93316667,38.93316667,-105.195277780,-105.195277780,0,No Special Jurisdiction,38,Fence,0,The First Harmful Event was Not a Collision with a Motor Vehicle in Transport,0,No,1,Non-Junction,1,Not an Intersection,0,None,,,5,Outside Trafficway,1,Daylight,,,,,98,Not Reported,0,No,0000000,Not Applicable,16,4:00pm-4:59pm,45,45,16,4:00pm-4:59pm,55,55,88,"Not Applicable (Not Transported) ",88,Not Applicable (Not Transported),,,,,,,1,0
2020,8,80407,Colorado,3,3,0,0,0,4,4,5,ARAPAHOE (5),110,AURORA,18,18,9,September,2020,6,Friday,19,7:00pm-7:59pm,6,6,0,This section IS NOT on the NHS,2,Urban,4,Minor Arterial,4,City or Municipal Highway Agency,6,Local Street - Municipality,E ARAPAHOE RD,S AURORA PKWY,0,None,39.58870556,39.58870556,-104.707841670,-104.707841670,0,No Special Jurisdiction,12,Motor Vehicle In-Transport,6,Angle,0,No,2,Intersection,2,Four-Way Intersection,0,None,,,1,On Roadway,3,Dark - Lighted,,,,,98,Not Reported,0,No,0000000,Not Applicable,19,7:00pm-7:59pm,6,6,19,7:00pm-7:59pm,10,10,19,7:00pm-7:59pm,28,28,,,,,,,1,1
2020,8,80408,Colorado,1,1,0,1,1,2,2,1,ADAMS (1),0,NOT APPLICABLE,19,19,9,September,2020,7,Saturday,21,9:00pm-9:59pm,40,40,1,This section IS ON the NHS,2,Urban,3,Principal Arterial - Other,1,State Highway Agency,2,U.S. Highway,US-287   FEDERAL BLVD,,2881,2881,39.81741667,39.81741667,-105.025144440,-105.025144440,0,No Special Jurisdiction,8,Pedestrian,0,The First Harmful Event was Not a Collision with a Motor Vehicle in Transport,0,No,1,Non-Junction,1,Not an Intersection,0,None,,,1,On Roadway,2,Dark - Not Lighted,,,,,98,Not Reported,0,No,0000000,Not Applicable,99,Unknown,99,Unknown,99,Unknown EMS Scene Arrival Hour,99,Unknown EMS Scene Arrival Minutes,99,Unknown,99,Unknown EMS Hospital Arrival Time,,,,,,,1,1
2020,8,80409,Colorado,1,1,0,0,0,1,1,15,CHAFFEE (15),0,NOT APPLICABLE,19,19,9,September,2020,7,Saturday,21,9:00pm-9:59pm,40,40,1,This section IS ON the NHS,1,Rural,3,Principal Arterial - Other,1,State Highway Agency,2,U.S. Highway,US-50,,2036,2036,38.54400000,38.54400000,-106.310430560,-106.310430560,0,No Special Jurisdiction,1,Rollover/Overturn,0,The First Harmful Event was Not a Collision with a Motor Vehicle in Transport,0,No,1,Non-Junction,1,Not an Intersection,0,None,,,2,On Shoulder,2,Dark - Not Lighted,,,,,98,Not Reported,0,No,0000000,Not Applicable,99,Unknown,99,Unknown,99,Unknown EMS Scene Arrival Hour,99,Unknown EMS Scene Arrival Minutes,88,"Not Applicable (Not Transported) ",88,Not Applicable (Not Transported),,,,,,,1,0
2020,8,80410,Colorado,1,1,0,0,0,1,1,51,GUNNISON (51),0,NOT APPLICABLE,20,20,9,September,2020,1,Sunday,3,3:00am-3:59am,0,0,1,This section IS ON the NHS,1,Rural,3,Principal Arterial - Other,1,State Highway Agency,2,U.S. Highway,US-50,,1233,1233,38.40250833,38.40250833,-107.411766670,-107.411766670,0,No Special Jurisdiction,17,Boulder,0,The First Harmful Event was Not a Collision with a Motor Vehicle in Transport,0,No,1,Non-Junction,1,Not an Intersection,0,None,,,4,On Roadside,2,Dark - Not Lighted,,,,,98,Not Reported,0,No,0000000,Not Applicable,99,Unknown,99,Unknown,99,Unknown EMS Scene Arrival Hour,99,Unknown EMS Scene Arrival Minutes,88,"Not Applicable (Not Transported) ",88,Not Applicable (Not Transported),,,,,,,1,1
2020,8,80411,Colorado,1,1,0,0,0,1,1,59,JEFFERSON (59),0,NOT APPLICABLE,22,22,9,September,2020,3,Tuesday,15,3:00pm-3:59pm,20,20,0,This section IS NOT on the NHS,1,Rural,4,Minor Arterial,1,State Highway Agency,2,U.S. Highway,US-6,,2700,2700,39.74156944,39.74156944,-105.257255560,-105.257255560,0,No Special Jurisdiction,59,"Traffic Sign Support ",0,The First Harmful Event was Not a Collision with a Motor Vehicle in Transport,0,No,1,Non-Junction,1,Not an Intersection,0,None,,,4,On Roadside,1,Daylight,,,,,98,Not Reported,0,No,0000000,Not Applicable,15,3:00pm-3:59pm,20,20,15,3:00pm-3:59pm,28,28,88,"Not Applicable (Not Transported) ",88,Not Applicable (Not Transported),,,,,,,1,1
2020,8,80412,Colorado,2,2,0,0,0,4,4,35,DOUGLAS (35),0,NOT APPLICABLE,10,10,9,September,2020,5,Thursday,15,3:00pm-3:59pm,35,35,0,This section IS NOT on the NHS,2,Urban,4,Minor Arterial,2,County Highway Agency,4,County Road,CR-S BROADWAY ST,CR-GATEWAY DR,0,None,39.53587222,39.53587222,-104.985197220,-104.985197220,0,No Special Jurisdiction,12,Motor Vehicle In-Transport,6,Angle,0,No,2,Intersection,2,Four-Way Intersection,0,None,,,1,On Roadway,1,Daylight,,,,,98,Not Reported,0,No,0000000,Not Applicable,99,Unknown,99,Unknown,99,Unknown EMS Scene Arrival Hour,99,Unknown EMS Scene Arrival Minutes,99,Unknown,99,Unknown EMS Hospital Arrival Time,,,,,,,1,0
2020,8,80413,Colorado,1,1,0,0,0,1,1,69,LARIMER (69),0,NOT APPLICABLE,12,12,9,September,2020,7,Saturday,12,12:00pm-12:59pm,30,30,0,This section IS NOT on the NHS,2,Urban,4,Minor Arterial,2,County Highway Agency,4,County Road,CR-OVERLAND TRL,,0,None,40.61326111,40.61326111,-105.138594440,-105.138594440,0,No Special Jurisdiction,52,Guardrail End,0,The First Harmful Event was Not a Collision with a Motor Vehicle in Transport,0,No,1,Non-Junction,1,Not an Intersection,0,None,,,4,On Roadside,1,Daylight,,,,,98,Not Reported,0,No,0000000,Not Applicable,12,12:00pm-12:59pm,23,23,12,12:00pm-12:59pm,32,32,13,1:00pm-1:59pm,8,8,,,,,,,1,0
2020,8,80414,Colorado,3,1,2,2,3,1,2,31,DENVER (31),600,DENVER,13,13,9,September,2020,1,Sunday,1,1:00am-1:59am,11,11,1,This section IS ON the NHS,2,Urban,1,Interstate,1,State Highway Agency,1,Interstate,I-70,,2723,2723,39.78377778,39.78377778,-105.019058330,-105.019058330,0,No Special Jurisdiction,14,Parked Motor Vehicle,0,The First Harmful Event was Not a Collision with a Motor Vehicle in Transport,0,No,1,Non-Junction,1,Not an Intersection,0,None,,,2,On Shoulder,3,Dark - Lighted,,,,,98,Not Reported,0,No,0000000,Not Applicable,1,1:00am-1:59am,12,12,1,1:00am-1:59am,16,16,1,1:00am-1:59am,36,36,,,,,,,1,0
2020,8,80415,Colorado,5,5,0,0,0,10,10,123,WELD (123),1530,LONGMONT,25,25,9,September,2020,6,Friday,18,6:00pm-6:59pm,30,30,1,This section IS ON the NHS,2,Urban,3,Principal Arterial - Other,1,State Highway Agency,3,State Highway,SR-119   E KEN PRATT BLVD,ZLATEN DR,600,600,40.16019444,40.16019444,-105.045944440,-105.045944440,0,No Special Jurisdiction,12,Motor Vehicle In-Transport,6,Angle,0,No,2,Intersection,2,Four-Way Intersection,0,None,,,1,On Roadway,1,Daylight,,,,,98,Not Reported,0,No,0000000,Not Applicable,18,6:00pm-6:59pm,30,30,18,6:00pm-6:59pm,36,36,18,6:00pm-6:59pm,56,56,,,,,,,2,0
2020,8,80416,Colorado,3,3,0,0,0,3,3,5,ARAPAHOE (5),110,AURORA,25,25,9,September,2020,6,Friday,19,7:00pm-7:59pm,17,17,1,This section IS ON the NHS,2,Urban,3,Principal Arterial - Other,4,City or Municipal Highway Agency,6,Local Street - Municipality,S PEORIA ST,E FLORIDA AVE,0,None,39.68933333,39.68933333,-104.847244440,-104.847244440,0,No Special Jurisdiction,12,Motor Vehicle In-Transport,6,Angle,0,No,2,Intersection,2,Four-Way Intersection,0,None,,,1,On Roadway,1,Daylight,,,,,98,Not Reported,0,No,0000000,Not Applicable,19,7:00pm-7:59pm,17,17,19,7:00pm-7:59pm,22,22,88,"Not Applicable (Not Transported) ",88,Not Applicable (Not Transported),,,,,,,1,0
2020,8,80417,Colorado,1,1,0,0,0,2,2,9,BACA (9),0,NOT APPLICABLE,25,25,9,September,2020,6,Friday,20,8:00pm-8:59pm,25,25,0,This section IS NOT on the NHS,1,Rural,5,Major Collector,2,County Highway Agency,4,County Road,CR-10,,0,None,37.52402778,37.52402778,-102.892941670,-102.892941670,0,No Special Jurisdiction,38,Fence,0,The First Harmful Event was Not a Collision with a Motor Vehicle in Transport,0,No,1,Non-Junction,1,Not an Intersection,0,None,,,5,Outside Trafficway,2,Dark - Not Lighted,,,,,98,Not Reported,0,No,0000000,Not Applicable,99,Unknown,99,Unknown,99,Unknown EMS Scene Arrival Hour,99,Unknown EMS Scene Arrival Minutes,99,Unknown,99,Unknown EMS Hospital Arrival Time,,,,,,,1,0
2020,8,80418,Colorado,2,2,0,0,0,3,3,1,ADAMS (1),2427,THORNTON,26,26,9,September,2020,7,Saturday,19,7:00pm-7:59pm,24,24,1,This section IS ON the NHS,2,Urban,3,Principal Arterial - Other,4,City or Municipal Highway Agency,6,Local Street - Municipality,104TH AVE,,0,None,39.88505556,39.88505556,-104.975472220,-104.975472220,0,No Special Jurisdiction,12,Motor Vehicle In-Transport,6,Angle,0,No,8,Driveway Access Related,1,Not an Intersection,0,None,,,1,On Roadway,3,Dark - Lighted,,,,,98,Not Reported,0,No,0000000,Not Applicable,19,7:00pm-7:59pm,27,27,19,7:00pm-7:59pm,33,33,88,"Not Applicable (Not Transported) ",88,Not Applicable (Not Transported),,,,,,,2,1
2020,8,80419,Colorado,2,2,0,0,0,3,3,31,DENVER (31),600,DENVER,25,25,9,September,2020,6,Friday,19,7:00pm-7:59pm,34,34,0,This section IS NOT on the NHS,2,Urban,5,Major Collector,4,City or Municipal Highway Agency,6,Local Street - Municipality,E ANDREWS DR,N EUGENE WAY,0,None,39.77431667,39.77431667,-104.819333330,-104.819333330,0,No Special Jurisdiction,12,Motor Vehicle In-Transport,6,Angle,0,No,2,Intersection,2,Four-Way Intersection,0,None,,,1,On Roadway,3,Dark - Lighted,,,,,98,Not Reported,0,No,0000000,Not Applicable,19,7:00pm-7:59pm,34,34,19,7:00pm-7:59pm,38,38,20,8:00pm-8:59pm,0,0,,,,,,,1,1
2020,8,80420,Colorado,1,1,0,0,0,2,2,1,ADAMS (1),110,AURORA,28,28,9,September,2020,2,Monday,4,4:00am-4:59am,21,21,1,This section IS ON the NHS,2,Urban,1,Interstate,1,State Highway Agency,1,Interstate,I-70 RAMP K,,2831,2831,39.77227778,39.77227778,-104.820000000,-104.820000000,0,No Special Jurisdiction,39,Wall,0,The First Harmful Event was Not a Collision with a Motor Vehicle in Transport,1,Yes,5,Entrance/Exit Ramp Related,1,Not an Intersection,0,None,,,4,On Roadside,3,Dark - Lighted,,,,,98,Not Reported,0,No,0000000,Not Applicable,4,4:00am-4:59am,21,21,4,4:00am-4:59am,26,26,99,Unknown,99,Unknown EMS Hospital Arrival Time,,,,,,,1,0
2020,8,80421,Colorado,2,2,0,0,0,2,2,119,TELLER (119),0,NOT APPLICABLE,29,29,9,September,2020,3,Tuesday,8,8:00am-8:59am,15,15,1,This section IS ON the NHS,1,Rural,3,Principal Arterial - Other,1,State Highway Agency,2,U.S. Highway,US-24,,2806,2806,38.95676389,38.95676389,-105.114741670,-105.114741670,0,No Special Jurisdiction,12,Motor Vehicle In-Transport,8,Sideswipe - Opposite Direction,0,No,1,Non-Junction,1,Not an Intersection,0,None,,,1,On Roadway,1,Daylight,,,,,98,Not Reported,0,No,0000000,Not Applicable,99,Unknown,99,Unknown,99,Unknown EMS Scene Arrival Hour,99,Unknown EMS Scene Arrival Minutes,88,"Not Applicable (Not Transported) ",88,Not Applicable (Not Transported),,,,,,,1,0
2020,8,80422,Colorado,3,3,0,0,0,3,3,41,EL PASO (41),430,COLORADO SPRINGS,25,25,9,September,2020,6,Friday,23,11:00pm-11:59pm,27,27,1,This section IS ON the NHS,2,Urban,3,Principal Arterial - Other,4,City or Municipal Highway Agency,6,Local Street - Municipality,N ACADEMY BLVD,,0,None,38.93130000,38.93130000,-104.795252780,-104.795252780,0,No Special Jurisdiction,12,Motor Vehicle In-Transport,1,Front-to-Rear,1,Yes,18,Through Roadway,1,Not an Intersection,0,None,,,1,On Roadway,3,Dark - Lighted,,,,,98,Not Reported,0,No,0000000,Not Applicable,23,11:00pm-11:59pm,27,27,23,11:00pm-11:59pm,31,31,99,Unknown,99,Unknown EMS Hospital Arrival Time,,,,,,,1,1
2020,8,80423,Colorado,1,1,0,0,0,2,2,83,MONTEZUMA (83),0,NOT APPLICABLE,29,29,9,September,2020,3,Tuesday,19,7:00pm-7:59pm,45,45,1,This section IS ON the NHS,1,Rural,3,Principal Arterial - Other,1,State Highway Agency,3,State Highway,SR-145,,260,260,37.58986111,37.58986111,-108.313777780,-108.313777780,0,No Special Jurisdiction,5,Fell/Jumped from Vehicle,0,The First Harmful Event was Not a Collision with a Motor Vehicle in Transport,0,No,1,Non-Junction,1,Not an Intersection,0,None,,,1,On Roadway,2,Dark - Not Lighted,,,,,98,Not Reported,0,No,0000000,Not Applicable,88,Not Applicable (Not Notified),88,Not Applicable (Not Notified),88,Not Applicable,88,Not Applicable,88,"Not Applicable (Not Transported) ",88,Not Applicable (Not Transported),,,,,,,1,1
2020,8,80424,Colorado,1,1,0,1,1,1,1,101,PUEBLO (101),2050,PUEBLO,13,13,9,September,2020,1,Sunday,5,5:00am-5:59am,10,10,1,This section IS ON the NHS,2,Urban,1,Interstate,1,State Highway Agency,1,Interstate,I-25,,1027,1027,38.32638889,38.32638889,-104.615933330,-104.615933330,0,No Special Jurisdiction,8,Pedestrian,0,The First Harmful Event was Not a Collision with a Motor Vehicle in Transport,1,Yes,18,Through Roadway,1,Not an Intersection,0,None,,,1,On Roadway,2,Dark - Not Lighted,,,,,98,Not Reported,0,No,0000000,Not Applicable,4,4:00am-4:59am,58,58,5,5:00am-5:59am,3,3,88,"Not Applicable (Not Transported) ",88,Not Applicable (Not Transported),,,,,,,1,0
2020,8,80425,Colorado,2,2,0,0,0,2,2,123,WELD (123),810,FIRESTONE,1,1,9,September,2020,3,Tuesday,18,6:00pm-6:59pm,4,4,1,This section IS ON the NHS,2,Urban,3,Principal Arterial - Other,1,State Highway Agency,3,State Highway,SR-119,CR-5 1/2,616,616,40.16059167,40.16059167,-105.013305560,-105.013305560,0,No Special Jurisdiction,12,Motor Vehicle In-Transport,6,Angle,0,No,2,Intersection,3,T-Intersection,0,None,,,1,On Roadway,1,Daylight,,,,,98,Not Reported,0,No,0000000,Not Applicable,18,6:00pm-6:59pm,5,5,18,6:00pm-6:59pm,9,9,99,Unknown,99,Unknown EMS Hospital Arrival Time,,,,,,,1,0
2020,8,80426,Colorado,1,1,0,1,1,1,1,83,MONTEZUMA (83),450,CORTEZ,23,23,9,September,2020,4,Wednesday,9,9:00am-9:59am,25,25,1,This section IS ON the NHS,2,Urban,3,Principal Arterial - Other,1,State Highway Agency,2,U.S. Highway,US-160  E MAIN ST,SLIGO ST,396,396,37.34887778,37.34887778,-108.563516670,-108.563516670,0,No Special Jurisdiction,8,Pedestrian,0,The First Harmful Event was Not a Collision with a Motor Vehicle in Transport,0,No,3,Intersection-Related,2,Four-Way Intersection,0,None,,,1,On Roadway,1,Daylight,,,,,98,Not Reported,0,No,0000000,Not Applicable,9,9:00am-9:59am,26,26,9,9:00am-9:59am,31,31,9,9:00am-9:59am,46,46,,,,,,,1,0
2020,8,80427,Colorado,2,2,0,1,1,3,3,83,MONTEZUMA (83),450,CORTEZ,15,15,9,September,2020,3,Tuesday,20,8:00pm-8:59pm,55,55,1,This section IS ON the NHS,2,Urban,3,Principal Arterial - Other,1,State Highway Agency,2,U.S. Highway,US-160   S BROADWAY,,370,370,37.33630556,37.33630556,-108.602105560,-108.602105560,0,No Special Jurisdiction,8,Pedestrian,0,The First Harmful Event was Not a Collision with a Motor Vehicle in Transport,0,No,1,Non-Junction,1,Not an Intersection,0,None,,,1,On Roadway,2,Dark - Not Lighted,,,,,98,Not Reported,0,No,0000000,Not Applicable,20,8:00pm-8:59pm,57,57,21,9:00pm-9:59pm,3,3,88,"Not Applicable (Not Transported) ",88,Not Applicable (Not Transported),,,,,,,1,0
2020,8,80428,Colorado,1,1,0,1,1,1,1,69,LARIMER (69),760,ESTES PARK,17,17,9,September,2020,5,Thursday,22,10:00pm-10:59pm,17,17,0,This section IS NOT on the NHS,2,Urban,5,Major Collector,4,City or Municipal Highway Agency,6,Local Street - Municipality,PROSPECT AVE,BIRCH AVE,0,None,40.37223889,40.37223889,-105.510947220,-105.510947220,0,No Special Jurisdiction,9,Pedalcyclist,0,The First Harmful Event was Not a Collision with a Motor Vehicle in Transport,0,No,2,Intersection,3,T-Intersection,0,None,,,1,On Roadway,3,Dark - Lighted,,,,,98,Not Reported,0,No,0000000,Not Applicable,22,10:00pm-10:59pm,18,18,22,10:00pm-10:59pm,23,23,22,10:00pm-10:59pm,33,33,,,,,,,1,0
2020,8,80429,Colorado,2,2,0,0,0,5,5,5,ARAPAHOE (5),345,CENTENNIAL,2,2,10,October,2020,6,Friday,19,7:00pm-7:59pm,57,57,1,This section IS ON the NHS,2,Urban,3,Principal Arterial - Other,1,State Highway Agency,3,State Highway,SR-177   S UNIVERSITY BLVD,E OTERO AVE,3,3,39.57027778,39.57027778,-104.960361110,-104.960361110,0,No Special Jurisdiction,12,Motor Vehicle In-Transport,6,Angle,0,No,2,Intersection,2,Four-Way Intersection,0,None,,,1,On Roadway,3,Dark - Lighted,,,,,98,Not Reported,0,No,0000000,Not Applicable,19,7:00pm-7:59pm,59,59,20,8:00pm-8:59pm,1,1,20,8:00pm-8:59pm,7,7,,,,,,,1,1
2020,8,80430,Colorado,1,1,0,0,0,1,1,111,SAN JUAN (111),0,NOT APPLICABLE,3,3,10,October,2020,7,Saturday,9,9:00am-9:59am,57,57,1,This section IS ON the NHS,1,Rural,3,Principal Arterial - Other,1,State Highway Agency,2,U.S. Highway,US-550,,562,562,37.69291667,37.69291667,-107.778444440,-107.778444440,0,No Special Jurisdiction,17,Boulder,0,The First Harmful Event was Not a Collision with a Motor Vehicle in Transport,0,No,1,Non-Junction,1,Not an Intersection,0,None,,,4,On Roadside,1,Daylight,,,,,98,Not Reported,0,No,0000000,Not Applicable,99,Unknown,99,Unknown,99,Unknown EMS Scene Arrival Hour,99,Unknown EMS Scene Arrival Minutes,99,Unknown,99,Unknown EMS Hospital Arrival Time,,,,,,,1,0
2020,8,80431,Colorado,1,1,0,0,0,1,1,41,EL PASO (41),0,NOT APPLICABLE,3,3,10,October,2020,7,Saturday,23,11:00pm-11:59pm,46,46,1,This section IS ON the NHS,1,Rural,1,Interstate,1,State Highway Agency,1,Interstate,I-25,,1215,1215,38.58721667,38.58721667,-104.669819440,-104.669819440,0,No Special Jurisdiction,31,"Post, Pole or Other Supports",0,The First Harmful Event was Not a Collision with a Motor Vehicle in Transport,0,No,1,Non-Junction,1,Not an Intersection,0,None,,,4,On Roadside,2,Dark - Not Lighted,,,,,98,Not Reported,0,No,0000000,Not Applicable,23,11:00pm-11:59pm,47,47,99,Unknown EMS Scene Arrival Hour,99,Unknown EMS Scene Arrival Minutes,88,"Not Applicable (Not Transported) ",88,Not Applicable (Not Transported),,,,,,,1,1
2020,8,80432,Colorado,1,1,0,0,0,1,1,59,JEFFERSON (59),0,NOT APPLICABLE,4,4,10,October,2020,1,Sunday,13,1:00pm-1:59pm,20,20,1,This section IS ON the NHS,2,Urban,1,Interstate,1,State Highway Agency,1,Interstate,I-70,,2526,2526,39.71440556,39.71440556,-105.312255560,-105.312255560,0,No Special Jurisdiction,24,Guardrail Face,0,The First Harmful Event was Not a Collision with a Motor Vehicle in Transport,0,No,1,Non-Junction,1,Not an Intersection,0,None,,,4,On Roadside,1,Daylight,,,,,98,Not Reported,0,No,0000000,Not Applicable,13,1:00pm-1:59pm,20,20,13,1:00pm-1:59pm,28,28,88,"Not Applicable (Not Transported) ",88,Not Applicable (Not Transported),,,,,,,1,0
2020,8,80433,Colorado,1,1,0,0,0,1,1,59,JEFFERSON (59),1435,LAKEWOOD,2,2,10,October,2020,6,Friday,20,8:00pm-8:59pm,42,42,1,This section IS ON the NHS,2,Urban,2,Principal Arterial - Other Freeways and Expressways,1,State Highway Agency,2,U.S. Highway,US-6   W 6TH AVE,,2796,2796,39.72522222,39.72522222,-105.103888890,-105.103888890,0,No Special Jurisdiction,1,Rollover/Overturn,0,The First Harmful Event was Not a Collision with a Motor Vehicle in Transport,1,Yes,19,Other location within Interchange Area,1,Not an Intersection,0,None,,,4,On Roadside,3,Dark - Lighted,,,,,98,Not Reported,0,No,0000000,Not Applicable,20,8:00pm-8:59pm,44,44,20,8:00pm-8:59pm,47,47,20,8:00pm-8:59pm,58,58,,,,,,,1,1
2020,8,80434,Colorado,3,3,0,0,0,3,3,5,ARAPAHOE (5),110,AURORA,5,5,10,October,2020,2,Monday,6,6:00am-6:59am,15,15,1,This section IS ON the NHS,2,Urban,1,Interstate,1,State Highway Agency,1,Interstate,I-225,,51,51,39.67055556,39.67055556,-104.828797220,-104.828797220,0,No Special Jurisdiction,12,Motor Vehicle In-Transport,8,Sideswipe - Opposite Direction,1,Yes,18,Through Roadway,1,Not an Intersection,0,None,,,1,On Roadway,3,Dark - Lighted,,,,,98,Not Reported,0,No,0000000,Not Applicable,6,6:00am-6:59am,15,15,6,6:00am-6:59am,18,18,6,6:00am-6:59am,36,36,,,,,,,1,1
2020,8,80435,Colorado,2,2,0,0,0,3,3,59,JEFFERSON (59),0,NOT APPLICABLE,6,6,10,October,2020,3,Tuesday,10,10:00am-10:59am,14,14,0,This section IS NOT on the NHS,1,Rural,6,Minor Collector,2,County Highway Agency,4,County Road,CR-SHADOW MOUNTAIN DR,,0,None,39.53198333,39.53198333,-105.323494440,-105.323494440,0,No Special Jurisdiction,12,Motor Vehicle In-Transport,2,Front-to-Front,0,No,1,Non-Junction,1,Not an Intersection,0,None,,,1,On Roadway,1,Daylight,,,,,98,Not Reported,0,No,0000000,Not Applicable,10,10:00am-10:59am,16,16,10,10:00am-10:59am,25,25,11,11:00am-11:59am,6,6,,,,,,,1,0
2020,8,80436,Colorado,1,1,0,0,0,1,1,59,JEFFERSON (59),1720,MORRISON,4,4,10,October,2020,1,Sunday,23,11:00pm-11:59pm,43,43,1,This section IS ON the NHS,1,Rural,3,Principal Arterial - Other,1,State Highway Agency,2,U.S. Highway,US-285,,2470,2470,39.61770833,39.61770833,-105.215388890,-105.215388890,0,No Special Jurisdiction,24,Guardrail Face,0,The First Harmful Event was Not a Collision with a Motor Vehicle in Transport,0,No,1,Non-Junction,1,Not an Intersection,0,None,,,4,On Roadside,2,Dark - Not Lighted,,,,,98,Not Reported,0,No,0000000,Not Applicable,23,11:00pm-11:59pm,45,45,0,0:00am-0:59am,9,9,88,"Not Applicable (Not Transported) ",88,Not Applicable (Not Transported),,,,,,,1,1
2020,8,80437,Colorado,1,1,0,0,0,2,2,51,GUNNISON (51),0,NOT APPLICABLE,8,8,10,October,2020,5,Thursday,4,4:00am-4:59am,0,0,1,This section IS ON the NHS,1,Rural,3,Principal Arterial - Other,1,State Highway Agency,2,U.S. Highway,US-50,,1356,1356,38.46484722,38.46484722,-107.261450000,-107.261450000,0,No Special Jurisdiction,1,Rollover/Overturn,0,The First Harmful Event was Not a Collision with a Motor Vehicle in Transport,0,No,1,Non-Junction,1,Not an Intersection,0,None,,,4,On Roadside,2,Dark - Not Lighted,,,,,98,Not Reported,0,No,0000000,Not Applicable,99,Unknown,99,Unknown,99,Unknown EMS Scene Arrival Hour,99,Unknown EMS Scene Arrival Minutes,99,Unknown,99,Unknown EMS Hospital Arrival Time,,,,,,,2,0
2020,8,80438,Colorado,1,1,0,0,0,3,3,29,DELTA (29),0,NOT APPLICABLE,8,8,10,October,2020,5,Thursday,21,9:00pm-9:59pm,20,20,0,This section IS NOT on the NHS,1,Rural,7,Local,2,County Highway Agency,4,County Road,CR-B ROAD,,0,None,38.67891667,38.67891667,-108.055350000,-108.055350000,0,No Special Jurisdiction,38,Fence,0,The First Harmful Event was Not a Collision with a Motor Vehicle in Transport,0,No,1,Non-Junction,1,Not an Intersection,0,None,,,5,Outside Trafficway,2,Dark - Not Lighted,,,,,98,Not Reported,0,No,0000000,Not Applicable,99,Unknown,99,Unknown,99,Unknown EMS Scene Arrival Hour,99,Unknown EMS Scene Arrival Minutes,99,Unknown,99,Unknown EMS Hospital Arrival Time,,,,,,,1,0
2020,8,80439,Colorado,1,1,0,0,0,1,1,1,ADAMS (1),230,BRIGHTON,9,9,10,October,2020,6,Friday,4,4:00am-4:59am,1,1,0,This section IS NOT on the NHS,2,Urban,7,Local,4,City or Municipal Highway Agency,6,Local Street - Municipality,E 112TH AVE,PEORIA ST,0,None,39.89979167,39.89979167,-104.846533330,-104.846533330,0,No Special Jurisdiction,30,Utility Pole/Light Support,0,The First Harmful Event was Not a Collision with a Motor Vehicle in Transport,0,No,3,Intersection-Related,2,Four-Way Intersection,0,None,,,4,On Roadside,2,Dark - Not Lighted,,,,,98,Not Reported,0,No,0000000,Not Applicable,99,Unknown,99,Unknown,99,Unknown EMS Scene Arrival Hour,99,Unknown EMS Scene Arrival Minutes,88,"Not Applicable (Not Transported) ",88,Not Applicable (Not Transported),,,,,,,1,1