caseyear,state,st_case,statename,ve_total,ve_forms,pvh_invl,peds,pernotmvit,permvit,persons,county,countyname,city,cityname,day,dayname,month,monthname,year,day_week,day_weekname,hour,hourname,minute,minutename,nhs,nhsname,rur_urb,rur_urbname,func_sys,func_sysname,rd_owner,rd_ownername,route,routename,tway_id,tway_id2,milept,mileptname,latitude,latitudename,longitud,longitudname,sp_jur,sp_jurname,harm_ev,harm_evname,man_coll,man_collname,reljct1,reljct1name,reljct2,reljct2name,typ_int,typ_intname,wrk_zone,wrk_zonename,road_fnc,road_fncname,rel_road,rel_roadname,lgt_cond,lgt_condname,weather1,weather1name,weather2,weather2name,weather,weathername,sch_bus,sch_busname,rail,railname,not_hour,not_hourname,not_min,not_minname,arr_hour,arr_hourname,arr_min,arr_minname,hosp_hr,hosp_hrname,hosp_mn,hosp_mnname,cf1,cf1name,cf2,cf2name,cf3,cf3name,fatals,drunk_dr
2020,8,80440,Colorado,1,1,0,0,0,1,1,41,EL PASO (41),0,NOT APPLICABLE,9,9,10,October,2020,6,Friday,12,12:00pm-12:59pm,10,10,1,This section IS ON the NHS,2,Urban,1,Interstate,1,State Highway Agency,7,Local Street - Frontage Road,I-25 RT FRONTAGE RD,,1625,1625,39.11638611,39.11638611,-104.865380560,-104.865380560,0,No Special Jurisdiction,25,Concrete Traffic Barrier,0,The First Harmful Event was Not a Collision with a Motor Vehicle in Transport,0,No,1,Non-Junction,1,Not an Intersection,1,Construction,,,4,On Roadside,1,Daylight,,,,,98,Not Reported,0,No,0000000,Not Applicable,99,Unknown,99,Unknown,99,Unknown EMS Scene Arrival Hour,99,Unknown EMS Scene Arrival Minutes,99,Unknown,99,Unknown EMS Hospital Arrival Time,,,,,,,1,1
2020,8,80441,Colorado,1,1,0,0,0,1,1,35,DOUGLAS (35),0,NOT APPLICABLE,9,9,10,October,2020,6,Friday,14,2:00pm-2:59pm,6,6,0,This section IS NOT on the NHS,2,Urban,7,Local,2,County Highway Agency,4,County Road,CR-N PINERY PKWY,,0,None,39.45508889,39.45508889,-104.728466670,-104.728466670,0,No Special Jurisdiction,1,Rollover/Overturn,0,The First Harmful Event was Not a Collision with a Motor Vehicle in Transport,0,No,1,Non-Junction,1,Not an Intersection,0,None,,,4,On Roadside,1,Daylight,,,,,98,Not Reported,0,No,0000000,Not Applicable,14,2:00pm-2:59pm,7,7,14,2:00pm-2:59pm,11,11,14,2:00pm-2:59pm,31,31,,,,,,,1,0
2020,8,80442,Colorado,2,2,0,0,0,3,3,13,BOULDER (13),0,NOT APPLICABLE,10,10,10,October,2020,7,Saturday,16,4:00pm-4:59pm,21,21,1,This section IS ON the NHS,1,Rural,3,Principal Arterial - Other,1,State Highway Agency,3,State Highway,SR-119   DIAGONAL HWY,CR-OXFORD RD,520,520,40.11590000,40.11590000,-105.161422220,-105.161422220,0,No Special Jurisdiction,12,Motor Vehicle In-Transport,6,Angle,0,No,2,Intersection,2,Four-Way Intersection,0,None,,,1,On Roadway,1,Daylight,,,,,98,Not Reported,0,No,0000000,Not Applicable,16,4:00pm-4:59pm,21,21,16,4:00pm-4:59pm,32,32,99,Unknown,99,Unknown EMS Hospital Arrival Time,,,,,,,2,0
2020,8,80443,Colorado,2,2,0,0,0,3,3,3,ALAMOSA (3),0,NOT APPLICABLE,12,12,10,October,2020,2,Monday,13,1:00pm-1:59pm,25,25,1,This section IS ON the NHS,2,Urban,3,Principal Arterial - Other,1,State Highway Agency,2,U.S. Highway,US-285,,324,324,37.44524444,37.44524444,-105.882872220,-105.882872220,0,No Special Jurisdiction,12,Motor Vehicle In-Transport,8,Sideswipe - Opposite Direction,0,No,1,Non-Junction,1,Not an Intersection,0,None,,,1,On Roadway,1,Daylight,,,,,98,Not Reported,0,No,0000000,Not Applicable,99,Unknown,99,Unknown,99,Unknown EMS Scene Arrival Hour,99,Unknown EMS Scene Arrival Minutes,88,"Not Applicable (Not Transported) ",88,Not Applicable (Not Transported),,,,,,,1,0
2020,8,80444,Colorado,1,1,0,1,1,1,1,13,BOULDER (13),1530,LONGMONT,12,12,10,October,2020,2,Monday,20,8:00pm-8:59pm,17,17,1,This section IS ON the NHS,2,Urban,3,Principal Arterial - Other,1,State Highway Agency,2,U.S. Highway,US-287   MAIN ST,,3164,3164,40.17528889,40.17528889,-105.102450000,-105.102450000,0,No Special Jurisdiction,8,Pedestrian,0,The First Harmful Event was Not a Collision with a Motor Vehicle in Transport,0,No,1,Non-Junction,1,Not an Intersection,0,None,,,1,On Roadway,3,Dark - Lighted,,,,,98,Not Reported,0,No,0000000,Not Applicable,20,8:00pm-8:59pm,20,20,20,8:00pm-8:59pm,24,24,20,8:00pm-8:59pm,30,30,,,,,,,1,0
2020,8,80445,Colorado,1,1,0,0,0,1,1,35,DOUGLAS (35),0,NOT APPLICABLE,16,16,10,October,2020,6,Friday,11,11:00am-11:59am,15,15,0,This section IS NOT on the NHS,1,Rural,4,Minor Arterial,2,County Highway Agency,4,County Road,CR-LAKE GULCH RD,,0,None,39.31636667,39.31636667,-104.815788890,-104.815788890,0,No Special Jurisdiction,24,Guardrail Face,0,The First Harmful Event was Not a Collision with a Motor Vehicle in Transport,0,No,1,Non-Junction,1,Not an Intersection,0,None,,,4,On Roadside,1,Daylight,,,,,98,Not Reported,0,No,0000000,Not Applicable,11,11:00am-11:59am,17,17,11,11:00am-11:59am,24,24,11,11:00am-11:59am,41,41,,,,,,,1,1
2020,8,80446,Colorado,3,3,0,0,0,3,3,1,ADAMS (1),434,COMMERCE CITY,16,16,10,October,2020,6,Friday,17,5:00pm-5:59pm,24,24,1,This section IS ON the NHS,2,Urban,3,Principal Arterial - Other,2,County Highway Agency,4,County Road,CR-OLD HWY 2,,175,175,39.89300000,39.89300000,-104.838986110,-104.838986110,0,No Special Jurisdiction,12,Motor Vehicle In-Transport,2,Front-to-Front,0,No,1,Non-Junction,1,Not an Intersection,0,None,,,1,On Roadway,1,Daylight,,,,,10,Cloudy,0,No,0000000,Not Applicable,17,5:00pm-5:59pm,25,25,99,Unknown EMS Scene Arrival Hour,99,Unknown EMS Scene Arrival Minutes,99,Unknown,99,Unknown EMS Hospital Arrival Time,,,,,,,2,1
2020,8,80447,Colorado,3,3,0,0,0,3,3,59,JEFFERSON (59),1435,LAKEWOOD,31,31,10,October,2020,7,Saturday,23,11:00pm-11:59pm,53,53,1,This section IS ON the NHS,2,Urban,2,Principal Arterial - Other Freeways and Expressways,1,State Highway Agency,2,U.S. Highway,US-285,,2524,2524,39.64638889,39.64638889,-105.127972220,-105.127972220,0,No Special Jurisdiction,12,Motor Vehicle In-Transport,1,Front-to-Rear,0,No,1,Non-Junction,1,Not an Intersection,0,None,,,1,On Roadway,3,Dark - Lighted,,,,,98,Not Reported,0,No,0000000,Not Applicable,23,11:00pm-11:59pm,54,54,0,0:00am-0:59am,1,1,99,Unknown,99,Unknown EMS Hospital Arrival Time,,,,,,,1,1
2020,8,80448,Colorado,3,3,0,0,0,4,4,41,EL PASO (41),0,NOT APPLICABLE,18,18,10,October,2020,1,Sunday,0,0:00am-0:59am,52,52,0,This section IS NOT on the NHS,2,Urban,7,Local,2,County Highway Agency,4,County Road,CR-CONSTITUTION AVE,,0,None,38.86760556,38.86760556,-104.668172220,-104.668172220,0,No Special Jurisdiction,12,Motor Vehicle In-Transport,2,Front-to-Front,0,No,1,Non-Junction,1,Not an Intersection,0,None,,,1,On Roadway,2,Dark - Not Lighted,,,,,98,Not Reported,0,No,0000000,Not Applicable,99,Unknown,99,Unknown,99,Unknown EMS Scene Arrival Hour,99,Unknown EMS Scene Arrival Minutes,99,Unknown,99,Unknown EMS Hospital Arrival Time,,,,,,,1,2
2020,8,80449,Colorado,1,1,0,0,0,5,5,45,GARFIELD (45),0,NOT APPLICABLE,18,18,10,October,2020,1,Sunday,21,9:00pm-9:59pm,33,33,0,This section IS NOT on the NHS,1,Rural,5,Major Collector,2,County Highway Agency,4,County Road,CR-214,,1,1,39.55897778,39.55897778,-107.653933330,-107.653933330,0,No Special Jurisdiction,31,"Post, Pole or Other Supports",0,The First Harmful Event was Not a Collision with a Motor Vehicle in Transport,0,No,1,Non-Junction,1,Not an Intersection,0,None,,,4,On Roadside,2,Dark - Not Lighted,,,,,98,Not Reported,0,No,0000000,Not Applicable,99,Unknown,99,Unknown,99,Unknown EMS Scene Arrival Hour,99,Unknown EMS Scene Arrival Minutes,99,Unknown,99,Unknown EMS Hospital Arrival Time,,,,,,,1,1
2020,8,80450,Colorado,1,1,0,0,0,1,1,41,EL PASO (41),430,COLORADO SPRINGS,6,6,10,October,2020,3,Tuesday,10,10:00am-10:59am,53,53,1,This section IS ON the NHS,2,Urban,3,Principal Arterial - Other,4,City or Municipal Highway Agency,6,Local Street - Municipality,S CIRCLE DR,,0,None,38.79557222,38.79557222,-104.789730560,-104.789730560,0,No Special Jurisdiction,32,Culvert,0,The First Harmful Event was Not a Collision with a Motor Vehicle in Transport,0,No,1,Non-Junction,1,Not an Intersection,0,None,,,4,On Roadside,1,Daylight,,,,,98,Not Reported,0,No,0000000,Not Applicable,10,10:00am-10:59am,53,53,10,10:00am-10:59am,58,58,88,"Not Applicable (Not Transported) ",88,Not Applicable (Not Transported),,,,,,,1,0
2020,8,80451,Colorado,2,2,0,0,0,3,3,59,JEFFERSON (59),9997,Other,13,13,10,October,2020,3,Tuesday,14,2:00pm-2:59pm,1,1,1,This section IS ON the NHS,2,Urban,1,Interstate,1,State Highway Agency,1,Interstate,I-70 RAMP C,,2702,2702,39.78323611,39.78323611,-105.058488890,-105.058488890,0,No Special Jurisdiction,12,Motor Vehicle In-Transport,7,Sideswipe - Same Direction,1,Yes,20,Entrance/Exit Ramp,1,Not an Intersection,0,None,,,1,On Roadway,1,Daylight,,,,,98,Not Reported,0,No,0000000,Not Applicable,14,2:00pm-2:59pm,2,2,14,2:00pm-2:59pm,7,7,88,"Not Applicable (Not Transported) ",88,Not Applicable (Not Transported),,,,,,,1,0
2020,8,80452,Colorado,1,1,0,0,0,1,1,31,DENVER (31),600,DENVER,3,3,10,October,2020,7,Saturday,18,6:00pm-6:59pm,51,51,0,This section IS NOT on the NHS,2,Urban,7,Local,4,City or Municipal Highway Agency,6,Local Street - Municipality,S JAY CIR,,0,None,39.62008333,39.62008333,-105.062038890,-105.062038890,0,No Special Jurisdiction,1,Rollover/Overturn,0,The First Harmful Event was Not a Collision with a Motor Vehicle in Transport,0,No,1,Non-Junction,1,Not an Intersection,0,None,,,1,On Roadway,5,Dusk,,,,,98,Not Reported,0,No,0000000,Not Applicable,18,6:00pm-6:59pm,52,52,19,7:00pm-7:59pm,1,1,19,7:00pm-7:59pm,20,20,,,,,,,1,1
2020,8,80453,Colorado,3,3,0,0,0,6,6,55,HUERFANO (55),2500,WALSENBURG,23,23,10,October,2020,6,Friday,6,6:00am-6:59am,52,52,1,This section IS ON the NHS,1,Rural,1,Interstate,1,State Highway Agency,1,Interstate,I-25,,502,502,37.63291667,37.63291667,-104.769127780,-104.769127780,0,No Special Jurisdiction,24,Guardrail Face,0,The First Harmful Event was Not a Collision with a Motor Vehicle in Transport,0,No,1,Non-Junction,1,Not an Intersection,0,None,,,3,On Median,4,Dawn,,,,,98,Not Reported,0,No,0000000,Not Applicable,99,Unknown,99,Unknown,99,Unknown EMS Scene Arrival Hour,99,Unknown EMS Scene Arrival Minutes,99,Unknown,99,Unknown EMS Hospital Arrival Time,,,,,,,3,0
2020,8,80454,Colorado,1,1,0,0,0,4,4,11,BENT (11),0,NOT APPLICABLE,23,23,10,October,2020,6,Friday,8,8:00am-8:59am,20,20,1,This section IS ON the NHS,1,Rural,3,Principal Arterial - Other,1,State Highway Agency,2,U.S. Highway,US-50,,3890,3890,38.04058333,38.04058333,-103.393277780,-103.393277780,0,No Special Jurisdiction,1,Rollover/Overturn,0,The First Harmful Event was Not a Collision with a Motor Vehicle in Transport,0,No,1,Non-Junction,1,Not an Intersection,0,None,,,4,On Roadside,1,Daylight,,,,,98,Not Reported,0,No,0000000,Not Applicable,99,Unknown,99,Unknown,99,Unknown EMS Scene Arrival Hour,99,Unknown EMS Scene Arrival Minutes,99,Unknown,99,Unknown EMS Hospital Arrival Time,,,,,,,2,0
2020,8,80455,Colorado,1,1,0,0,0,2,2,73,LINCOLN (73),0,NOT APPLICABLE,25,25,10,October,2020,1,Sunday,5,5:00am-5:59am,30,30,1,This section IS ON the NHS,1,Rural,1,Interstate,1,State Highway Agency,1,Interstate,I-70,,3791,3791,39.28094722,39.28094722,-103.350566670,-103.350566670,0,No Special Jurisdiction,1,Rollover/Overturn,0,The First Harmful Event was Not a Collision with a Motor Vehicle in Transport,0,No,1,Non-Junction,1,Not an Intersection,0,None,,,3,On Median,2,Dark - Not Lighted,,,,,98,Not Reported,0,No,0000000,Not Applicable,5,5:00am-5:59am,46,46,6,6:00am-6:59am,3,3,88,"Not Applicable (Not Transported) ",88,Not Applicable (Not Transported),,,,,,,1,0
2020,8,80456,Colorado,1,1,0,0,0,3,3,73,LINCOLN (73),0,NOT APPLICABLE,25,25,10,October,2020,1,Sunday,8,8:00am-8:59am,15,15,1,This section IS ON the NHS,1,Rural,1,Interstate,1,State Highway Agency,1,Interstate,I-70,,3646,3646,39.26724722,39.26724722,-103.618036110,-103.618036110,0,No Special Jurisdiction,31,"Post, Pole or Other Supports",0,The First Harmful Event was Not a Collision with a Motor Vehicle in Transport,0,No,1,Non-Junction,1,Not an Intersection,0,None,,,4,On Roadside,1,Daylight,,,,,12,Freezing Rain or Drizzle,0,No,0000000,Not Applicable,99,Unknown,99,Unknown,99,Unknown EMS Scene Arrival Hour,99,Unknown EMS Scene Arrival Minutes,99,Unknown,99,Unknown EMS Hospital Arrival Time,,,,,,,1,0
2020,8,80457,Colorado,1,1,0,0,0,1,1,97,PITKIN (97),0,NOT APPLICABLE,24,24,10,October,2020,7,Saturday,10,10:00am-10:59am,32,32,0,This section IS NOT on the NHS,1,Rural,6,Minor Collector,2,County Highway Agency,4,County Road,CR-LOWER RIVER RD,,6,6,39.33166667,39.33166667,-106.980894440,-106.980894440,0,No Special Jurisdiction,38,Fence,0,The First Harmful Event was Not a Collision with a Motor Vehicle in Transport,0,No,1,Non-Junction,1,Not an Intersection,0,None,,,4,On Roadside,1,Daylight,,,,,98,Not Reported,0,No,0000000,Not Applicable,10,10:00am-10:59am,33,33,10,10:00am-10:59am,40,40,10,10:00am-10:59am,58,58,,,,,,,1,0
2020,8,80458,Colorado,1,1,0,0,0,2,2,31,DENVER (31),600,DENVER,24,24,10,October,2020,7,Saturday,1,1:00am-1:59am,1,1,1,This section IS ON the NHS,2,Urban,3,Principal Arterial - Other,1,State Highway Agency,3,State Highway,SR-30   S HAVANA ST,,31,31,39.66061111,39.66061111,-104.866527780,-104.866527780,0,No Special Jurisdiction,1,Rollover/Overturn,0,The First Harmful Event was Not a Collision with a Motor Vehicle in Transport,0,No,1,Non-Junction,1,Not an Intersection,0,None,,,4,On Roadside,3,Dark - Lighted,,,,,98,Not Reported,0,No,0000000,Not Applicable,1,1:00am-1:59am,1,1,1,1:00am-1:59am,6,6,99,Unknown,99,Unknown EMS Hospital Arrival Time,,,,,,,1,1
2020,8,80459,Colorado,1,1,0,0,0,1,1,123,WELD (123),1070,GREELEY,30,30,10,October,2020,6,Friday,18,6:00pm-6:59pm,30,30,1,This section IS ON the NHS,2,Urban,3,Principal Arterial - Other,1,State Highway Agency,2,U.S. Highway,US-34 BUSN RT   10TH ST,95TH AVE,26,26,40.42112778,40.42112778,-104.832791670,-104.832791670,0,No Special Jurisdiction,31,"Post, Pole or Other Supports",0,The First Harmful Event was Not a Collision with a Motor Vehicle in Transport,0,No,3,Intersection-Related,2,Four-Way Intersection,0,None,,,4,On Roadside,5,Dusk,,,,,98,Not Reported,0,No,0000000,Not Applicable,18,6:00pm-6:59pm,31,31,18,6:00pm-6:59pm,36,36,19,7:00pm-7:59pm,10,10,,,,,,,1,0
2020,8,80460,Colorado,1,1,0,1,1,1,1,13,BOULDER (13),1530,LONGMONT,21,21,10,October,2020,4,Wednesday,6,6:00am-6:59am,46,46,0,This section IS NOT on the NHS,2,Urban,4,Minor Arterial,4,City or Municipal Highway Agency,6,Local Street - Municipality,NELSON RD,,0,None,40.15240833,40.15240833,-105.122472220,-105.122472220,0,No Special Jurisdiction,9,Pedalcyclist,0,The First Harmful Event was Not a Collision with a Motor Vehicle in Transport,0,No,1,Non-Junction,1,Not an Intersection,0,None,,,1,On Roadway,4,Dawn,,,,,98,Not Reported,0,No,0000000,Not Applicable,6,6:00am-6:59am,46,46,6,6:00am-6:59am,52,52,7,7:00am-7:59am,4,4,,,,,,,1,0
2020,8,80461,Colorado,2,2,0,0,0,2,2,41,EL PASO (41),430,COLORADO SPRINGS,4,4,10,October,2020,1,Sunday,8,8:00am-8:59am,51,51,1,This section IS ON the NHS,2,Urban,3,Principal Arterial - Other,4,City or Municipal Highway Agency,6,Local Street - Municipality,S ACADEMY BLVD,PACE DR,0,None,38.80847222,38.80847222,-104.757505560,-104.757505560,0,No Special Jurisdiction,12,Motor Vehicle In-Transport,2,Front-to-Front,0,No,2,Intersection,2,Four-Way Intersection,0,None,,,1,On Roadway,1,Daylight,,,,,98,Not Reported,0,No,0000000,Not Applicable,8,8:00am-8:59am,51,51,8,8:00am-8:59am,55,55,9,9:00am-9:59am,14,14,,,,,,,1,1
2020,8,80462,Colorado,2,2,0,0,0,3,3,41,EL PASO (41),430,COLORADO SPRINGS,22,22,10,October,2020,5,Thursday,13,1:00pm-1:59pm,18,18,1,This section IS ON the NHS,2,Urban,3,Principal Arterial - Other,4,City or Municipal Highway Agency,6,Local Street - Municipality,N NEVADA AVE,E COLUMBIA ST,0,None,38.85368333,38.85368333,-104.820583330,-104.820583330,0,No Special Jurisdiction,1,Rollover/Overturn,0,The First Harmful Event was Not a Collision with a Motor Vehicle in Transport,0,No,2,Intersection,2,Four-Way Intersection,0,None,,,1,On Roadway,1,Daylight,,,,,98,Not Reported,0,No,0000000,Not Applicable,13,1:00pm-1:59pm,18,18,13,1:00pm-1:59pm,22,22,88,"Not Applicable (Not Transported) ",88,Not Applicable (Not Transported),,,,,,,1,1
2020,8,80463,Colorado,2,2,0,0,0,3,3,41,EL PASO (41),430,COLORADO SPRINGS,22,22,10,October,2020,5,Thursday,15,3:00pm-3:59pm,2,2,1,This section IS ON the NHS,2,Urban,3,Principal Arterial - Other,1,State Highway Agency,3,State Highway,SR-115,GOLD PASS HTS,460,460,38.79289444,38.79289444,-104.822116670,-104.822116670,0,No Special Jurisdiction,1,Rollover/Overturn,0,The First Harmful Event was Not a Collision with a Motor Vehicle in Transport,0,No,2,Intersection,3,T-Intersection,0,None,,,1,On Roadway,1,Daylight,,,,,98,Not Reported,0,No,0000000,Not Applicable,15,3:00pm-3:59pm,3,3,15,3:00pm-3:59pm,8,8,88,"Not Applicable (Not Transported) ",88,Not Applicable (Not Transported),,,,,,,1,1
2020,8,80464,Colorado,2,2,0,0,0,9,9,41,EL PASO (41),430,COLORADO SPRINGS,25,25,10,October,2020,1,Sunday,14,2:00pm-2:59pm,54,54,1,This section IS ON the NHS,2,Urban,3,Principal Arterial - Other,4,City or Municipal Highway Agency,6,Local Street - Municipality,S MARKSHEFFEL RD,,0,None,38.79098056,38.79098056,-104.657341670,-104.657341670,0,No Special Jurisdiction,12,Motor Vehicle In-Transport,6,Angle,0,No,1,Non-Junction,1,Not an Intersection,0,None,,,1,On Roadway,1,Daylight,,,,,4,Snow,0,No,0000000,Not Applicable,14,2:00pm-2:59pm,55,55,15,3:00pm-3:59pm,6,6,99,Unknown,99,Unknown EMS Hospital Arrival Time,,,,,,,1,0
2020,8,80465,Colorado,2,2,0,0,0,4,4,59,JEFFERSON (59),0,NOT APPLICABLE,29,29,10,October,2020,5,Thursday,21,9:00pm-9:59pm,20,20,1,This section IS ON the NHS,2,Urban,3,Principal Arterial - Other,1,State Highway Agency,3,State Highway,SR-93,,40,40,39.81555556,39.81555556,-105.221680560,-105.221680560,0,No Special Jurisdiction,12,Motor Vehicle In-Transport,2,Front-to-Front,0,No,1,Non-Junction,1,Not an Intersection,0,None,,,1,On Roadway,2,Dark - Not Lighted,,,,,98,Not Reported,0,No,0000000,Not Applicable,21,9:00pm-9:59pm,23,23,21,9:00pm-9:59pm,26,26,22,10:00pm-10:59pm,2,2,,,,,,,1,1
2020,8,80466,Colorado,1,1,0,0,0,1,1,31,DENVER (31),600,DENVER,31,31,10,October,2020,7,Saturday,14,2:00pm-2:59pm,37,37,1,This section IS ON the NHS,2,Urban,2,Principal Arterial - Other Freeways and Expressways,1,State Highway Agency,2,U.S. Highway,US-6 RAMP C    W 6TH AVE,,2824,2824,39.72537778,39.72537778,-105.052777780,-105.052777780,0,No Special Jurisdiction,1,Rollover/Overturn,0,The First Harmful Event was Not a Collision with a Motor Vehicle in Transport,1,Yes,20,Entrance/Exit Ramp,1,Not an Intersection,0,None,,,1,On Roadway,1,Daylight,,,,,98,Not Reported,0,No,0000000,Not Applicable,14,2:00pm-2:59pm,37,37,14,2:00pm-2:59pm,41,41,15,3:00pm-3:59pm,3,3,,,,,,,1,0
2020,8,80467,Colorado,2,2,0,0,0,2,2,41,EL PASO (41),430,COLORADO SPRINGS,29,29,10,October,2020,5,Thursday,0,0:00am-0:59am,13,13,1,This section IS ON the NHS,2,Urban,3,Principal Arterial - Other,4,City or Municipal Highway Agency,6,Local Street - Municipality,S ACADEMY BLVD,HANCOCK EXPY,0,None,38.78906111,38.78906111,-104.757644440,-104.757644440,0,No Special Jurisdiction,12,Motor Vehicle In-Transport,6,Angle,0,No,2,Intersection,2,Four-Way Intersection,0,None,,,1,On Roadway,3,Dark - Lighted,,,,,98,Not Reported,0,No,0000000,Not Applicable,0,0:00am-0:59am,15,15,0,0:00am-0:59am,18,18,88,"Not Applicable (Not Transported) ",88,Not Applicable (Not Transported),,,,,,,1,2
2020,8,80468,Colorado,1,1,0,0,0,3,3,101,PUEBLO (101),2050,PUEBLO,10,10,10,October,2020,7,Saturday,21,9:00pm-9:59pm,56,56,0,This section IS NOT on the NHS,2,Urban,4,Minor Arterial,4,City or Municipal Highway Agency,6,Local Street - Municipality,HIGH ST,,0,None,38.30230556,38.30230556,-104.626666670,-104.626666670,0,No Special Jurisdiction,33,Curb,0,The First Harmful Event was Not a Collision with a Motor Vehicle in Transport,0,No,1,Non-Junction,1,Not an Intersection,0,None,,,4,On Roadside,3,Dark - Lighted,,,,,1,Clear,0,No,0000000,Not Applicable,21,9:00pm-9:59pm,56,56,22,10:00pm-10:59pm,11,11,22,10:00pm-10:59pm,29,29,,,,,,,1,0
2020,8,80469,Colorado,2,2,0,0,0,2,2,101,PUEBLO (101),2050,PUEBLO,15,15,10,October,2020,5,Thursday,21,9:00pm-9:59pm,14,14,0,This section IS NOT on the NHS,2,Urban,7,Local,4,City or Municipal Highway Agency,6,Local Street - Municipality,SPRUCE ST,MCCULLEY AVE,0,None,38.24240000,38.24240000,-104.617255560,-104.617255560,0,No Special Jurisdiction,12,Motor Vehicle In-Transport,6,Angle,0,No,2,Intersection,2,Four-Way Intersection,0,None,,,1,On Roadway,3,Dark - Lighted,,,,,1,Clear,0,No,0000000,Not Applicable,21,9:00pm-9:59pm,14,14,21,9:00pm-9:59pm,16,16,88,"Not Applicable (Not Transported) ",88,Not Applicable (Not Transported),,,,,,,1,1
2020,8,80470,Colorado,2,1,1,0,3,1,4,31,DENVER (31),600,DENVER,13,13,10,October,2020,3,Tuesday,4,4:00am-4:59am,0,0,1,This section IS ON the NHS,2,Urban,1,Interstate,1,State Highway Agency,1,Interstate,I-70,,2790,2790,39.77816111,39.77816111,-104.894883330,-104.894883330,0,No Special Jurisdiction,45,"Working Motor Vehicle ",0,The First Harmful Event was Not a Collision with a Motor Vehicle in Transport,1,Yes,18,Through Roadway,1,Not an Intersection,1,Construction,,,1,On Roadway,3,Dark - Lighted,,,,,98,Not Reported,0,No,0000000,Not Applicable,99,Unknown,99,Unknown,99,Unknown EMS Scene Arrival Hour,99,Unknown EMS Scene Arrival Minutes,99,Unknown,99,Unknown EMS Hospital Arrival Time,,,,,,,1,0
2020,8,80471,Colorado,2,2,0,1,1,2,2,59,JEFFERSON (59),2555,WHEAT RIDGE,12,12,10,October,2020,2,Monday,21,9:00pm-9:59pm,10,10,1,This section IS ON the NHS,2,Urban,3,Principal Arterial - Other,1,State Highway Agency,3,State Highway,SR-391   KIPLING ST,W 49TH AVE,96,96,39.78553333,39.78553333,-105.109661110,-105.109661110,0,No Special Jurisdiction,8,Pedestrian,0,The First Harmful Event was Not a Collision with a Motor Vehicle in Transport,0,No,3,Intersection-Related,2,Four-Way Intersection,1,Construction,,,1,On Roadway,3,Dark - Lighted,,,,,98,Not Reported,0,No,0000000,Not Applicable,21,9:00pm-9:59pm,13,13,21,9:00pm-9:59pm,17,17,88,"Not Applicable (Not Transported) ",88,Not Applicable (Not Transported),,,,,,,1,0
2020,8,80472,Colorado,1,1,0,0,0,1,1,47,GILPIN (47),0,NOT APPLICABLE,10,10,10,October,2020,7,Saturday,13,1:00pm-1:59pm,0,0,0,This section IS NOT on the NHS,1,Rural,7,Local,2,County Highway Agency,4,County Road,CR-CENTRAL CITY PKWY,,27,27,39.75972222,39.75972222,-105.451583330,-105.451583330,0,No Special Jurisdiction,11,Live Animal,0,The First Harmful Event was Not a Collision with a Motor Vehicle in Transport,0,No,1,Non-Junction,1,Not an Intersection,0,None,,,1,On Roadway,1,Daylight,,,,,1,Clear,0,No,0000000,Not Applicable,13,1:00pm-1:59pm,5,5,13,1:00pm-1:59pm,20,20,88,"Not Applicable (Not Transported) ",88,Not Applicable (Not Transported),,,,,,,1,0
2020,8,80473,Colorado,1,1,0,1,1,1,1,31,DENVER (31),600,DENVER,30,30,10,October,2020,6,Friday,16,4:00pm-4:59pm,37,37,1,This section IS ON the NHS,2,Urban,3,Principal Arterial - Other,4,City or Municipal Highway Agency,6,Local Street - Municipality,22ND ST,,0,None,39.75300000,39.75300000,-104.987902780,-104.987902780,0,No Special Jurisdiction,15,Non-Motorist on Personal Conveyance,0,The First Harmful Event was Not a Collision with a Motor Vehicle in Transport,0,No,1,Non-Junction,1,Not an Intersection,0,None,,,1,On Roadway,1,Daylight,,,,,98,Not Reported,0,No,0000000,Not Applicable,16,4:00pm-4:59pm,38,38,16,4:00pm-4:59pm,43,43,16,4:00pm-4:59pm,59,59,,,,,,,1,0
2020,8,80474,Colorado,1,1,0,1,1,1,1,5,ARAPAHOE (5),1520,LITTLETON,23,23,10,October,2020,6,Friday,5,5:00am-5:59am,27,27,1,This section IS ON the NHS,2,Urban,3,Principal Arterial - Other,1,State Highway Agency,2,U.S. Highway,US-85   S SANTA FE DR,W BOWLES AVE,2038,2038,39.61304167,39.61304167,-105.020766670,-105.020766670,0,No Special Jurisdiction,8,Pedestrian,0,The First Harmful Event was Not a Collision with a Motor Vehicle in Transport,0,No,3,Intersection-Related,2,Four-Way Intersection,0,None,,,1,On Roadway,3,Dark - Lighted,,,,,98,Not Reported,0,No,0000000,Not Applicable,5,5:00am-5:59am,28,28,5,5:00am-5:59am,34,34,5,5:00am-5:59am,53,53,,,,,,,1,0
2020,8,80475,Colorado,1,1,0,1,1,1,1,31,DENVER (31),600,DENVER,14,14,8,August,2020,6,Friday,0,0:00am-0:59am,53,53,1,This section IS ON the NHS,2,Urban,1,Interstate,1,State Highway Agency,1,Interstate,I-25 RAMP G,,2121,2121,39.75674722,39.75674722,-104.997077780,-104.997077780,0,No Special Jurisdiction,8,Pedestrian,0,The First Harmful Event was Not a Collision with a Motor Vehicle in Transport,1,Yes,20,Entrance/Exit Ramp,1,Not an Intersection,0,None,,,1,On Roadway,3,Dark - Lighted,,,,,98,Not Reported,0,No,0000000,Not Applicable,0,0:00am-0:59am,54,54,0,0:00am-0:59am,58,58,88,"Not Applicable (Not Transported) ",88,Not Applicable (Not Transported),,,,,,,1,0