caseyear,state,st_case,statename,ve_total,ve_forms,pvh_invl,peds,pernotmvit,permvit,persons,county,countyname,city,cityname,day,dayname,month,monthname,year,day_week,day_weekname,hour,hourname,minute,minutename,nhs,nhsname,rur_urb,rur_urbname,func_sys,func_sysname,rd_owner,rd_ownername,route,routename,tway_id,tway_id2,milept,mileptname,latitude,latitudename,longitud,longitudname,sp_jur,sp_jurname,harm_ev,harm_evname,man_coll,man_collname,reljct1,reljct1name,reljct2,reljct2name,typ_int,typ_intname,wrk_zone,wrk_zonename,road_fnc,road_fncname,rel_road,rel_roadname,lgt_cond,lgt_condname,weather1,weather1name,weather2,weather2name,weather,weathername,sch_bus,sch_busname,rail,railname,not_hour,not_hourname,not_min,not_minname,arr_hour,arr_hourname,arr_min,arr_minname,hosp_hr,hosp_hrname,hosp_mn,hosp_mnname,cf1,cf1name,cf2,cf2name,cf3,cf3name,fatals,drunk_dr
2021,8,80187,Colorado,2,2,0,0,0,5,5,13,BOULDER (13),0,NOT APPLICABLE,23,23,5,May,2021,1,Sunday,17,5:00pm-5:59pm,10,10,0,This section IS NOT on the NHS,1,Rural,4,Minor Arterial,1,State Highway Agency,3,State Highway,SR-119,,309,309,39.98798889,39.98798889,-105.431883330,-105.431883330,0,No Special Jurisdiction,12,Motor Vehicle In-Transport,6,Angle,0,No,1,Non-Junction,1,Not an Intersection,0,None,,,1,On Roadway,1,Daylight,,,,,1,Clear,0,No,0000000,Not Applicable,17,5:00pm-5:59pm,10,10,17,5:00pm-5:59pm,25,25,18,6:00pm-6:59pm,0,0,,,,,,,1,
2021,8,80188,Colorado,2,2,0,0,0,2,2,31,DENVER (31),600,DENVER,17,17,5,May,2021,2,Monday,13,1:00pm-1:59pm,35,35,0,This section IS NOT on the NHS,2,Urban,7,Local,4,City or Municipal Highway Agency,6,Local Street - Municipality,N CENTRAL PARK BLVD,E 35TH AVE,0,None,39.76522222,39.76522222,-104.890561110,-104.890561110,0,No Special Jurisdiction,12,Motor Vehicle In-Transport,6,Angle,0,No,2,Intersection,2,Four-Way Intersection,0,None,,,1,On Roadway,1,Daylight,,,,,10,Cloudy,0,No,0000000,Not Applicable,13,1:00pm-1:59pm,39,39,13,1:00pm-1:59pm,42,42,88,"Not Applicable (Not Transported) ",88,Not Applicable (Not Transported),,,,,,,1,
2021,8,80189,Colorado,1,1,0,1,1,2,2,13,BOULDER (13),200,BOULDER,20,20,5,May,2021,5,Thursday,15,3:00pm-3:59pm,10,10,1,This section IS ON the NHS,2,Urban,3,Principal Arterial - Other,4,City or Municipal Highway Agency,6,Local Street - Municipality,S BOULDER RD,MANHATTAN CIR,0,None,39.98590833,39.98590833,-105.229005560,-105.229005560,0,No Special Jurisdiction,9,Pedalcyclist,0,The First Harmful Event was Not a Collision with a Motor Vehicle in Transport,0,No,3,Intersection-Related,2,Four-Way Intersection,0,None,,,1,On Roadway,1,Daylight,,,,,1,Clear,0,No,0000000,Not Applicable,15,3:00pm-3:59pm,12,12,15,3:00pm-3:59pm,16,16,15,3:00pm-3:59pm,30,30,,,,,,,1,
2021,8,80190,Colorado,1,1,0,1,1,1,1,31,DENVER (31),600,DENVER,22,22,5,May,2021,7,Saturday,22,10:00pm-10:59pm,50,50,1,This section IS ON the NHS,2,Urban,3,Principal Arterial - Other,1,State Highway Agency,2,U.S. Highway,US-287   N FEDERAL BLVD,,2861,2861,39.78878611,39.78878611,-105.025288890,-105.025288890,0,No Special Jurisdiction,8,Pedestrian,0,The First Harmful Event was Not a Collision with a Motor Vehicle in Transport,0,No,1,Non-Junction,1,Not an Intersection,0,None,,,1,On Roadway,3,Dark - Lighted,,,,,98,Not Reported,0,No,0000000,Not Applicable,23,11:00pm-11:59pm,0,0,22,10:00pm-10:59pm,50,50,88,"Not Applicable (Not Transported) ",88,Not Applicable (Not Transported),,,,,,,1,
2021,8,80191,Colorado,4,4,0,0,0,5,5,5,ARAPAHOE (5),0,NOT APPLICABLE,24,24,5,May,2021,2,Monday,5,5:00am-5:59am,20,20,1,This section IS ON the NHS,2,Urban,3,Principal Arterial - Other,1,State Highway Agency,3,State Highway,SR-83 PARKER RD,S CHAMBERS RD,669,669,39.61425556,39.61425556,-104.815011110,-104.815011110,0,No Special Jurisdiction,12,Motor Vehicle In-Transport,6,Angle,0,No,2,Intersection,3,T-Intersection,0,None,,,1,On Roadway,4,Dawn,,,,,1,Clear,0,No,0000000,Not Applicable,5,5:00am-5:59am,21,21,5,5:00am-5:59am,27,27,99,Unknown,99,Unknown EMS Hospital Arrival Time,,,,,,,1,
2021,8,80192,Colorado,2,2,0,0,0,3,3,123,WELD (123),0,NOT APPLICABLE,24,24,5,May,2021,2,Monday,9,9:00am-9:59am,45,45,1,This section IS ON the NHS,1,Rural,1,Interstate,1,State Highway Agency,1,Interstate,I-76,,519,519,40.18418611,40.18418611,-104.305380560,-104.305380560,0,No Special Jurisdiction,12,Motor Vehicle In-Transport,1,Front-to-Rear,0,No,1,Non-Junction,1,Not an Intersection,0,None,,,1,On Roadway,1,Daylight,,,,,1,Clear,0,No,0000000,Not Applicable,9,9:00am-9:59am,49,49,10,10:00am-10:59am,1,1,88,"Not Applicable (Not Transported) ",88,Not Applicable (Not Transported),,,,,,,1,
2021,8,80193,Colorado,1,1,0,0,0,2,2,5,ARAPAHOE (5),2270,SHERIDAN,8,8,5,May,2021,7,Saturday,11,11:00am-11:59am,58,58,1,This section IS ON the NHS,2,Urban,2,Principal Arterial - Other Freeways and Expressways,1,State Highway Agency,2,U.S. Highway,US-285   W HAMPDEN AVE,,2591,2591,39.65356111,39.65356111,-105.007777780,-105.007777780,0,No Special Jurisdiction,24,Guardrail Face,0,The First Harmful Event was Not a Collision with a Motor Vehicle in Transport,0,No,1,Non-Junction,1,Not an Intersection,0,None,,,4,On Roadside,1,Daylight,,,,,1,Clear,0,No,0000000,Not Applicable,12,12:00pm-12:59pm,0,0,12,12:00pm-12:59pm,6,6,12,12:00pm-12:59pm,23,23,,,,,,,1,
2021,8,80194,Colorado,4,4,0,0,0,4,4,31,DENVER (31),600,DENVER,23,23,5,May,2021,1,Sunday,23,11:00pm-11:59pm,50,50,1,This section IS ON the NHS,2,Urban,1,Interstate,1,State Highway Agency,1,Interstate,I-25,,2118,2118,39.75919722,39.75919722,-105.007175000,-105.007175000,0,No Special Jurisdiction,12,Motor Vehicle In-Transport,7,Sideswipe - Same Direction,1,Yes,18,Through Roadway,1,Not an Intersection,0,None,,,1,On Roadway,3,Dark - Lighted,,,,,98,Not Reported,0,No,0000000,Not Applicable,0,0:00am-0:59am,6,6,0,0:00am-0:59am,11,11,88,"Not Applicable (Not Transported) ",88,Not Applicable (Not Transported),,,,,,,1,
2021,8,80195,Colorado,1,1,0,0,0,4,4,31,DENVER (31),600,DENVER,8,8,5,May,2021,7,Saturday,1,1:00am-1:59am,13,13,1,This section IS ON the NHS,2,Urban,3,Principal Arterial - Other,4,City or Municipal Highway Agency,6,Local Street - Municipality,S LINCOLN ST,E OHIO AVE,0,None,39.70216111,39.70216111,-104.987277780,-104.987277780,0,No Special Jurisdiction,26,Other Traffic Barrier,0,The First Harmful Event was Not a Collision with a Motor Vehicle in Transport,0,No,3,Intersection-Related,2,Four-Way Intersection,0,None,,,4,On Roadside,3,Dark - Lighted,,,,,98,Not Reported,0,No,0000000,Not Applicable,1,1:00am-1:59am,14,14,1,1:00am-1:59am,17,17,1,1:00am-1:59am,38,38,,,,,,,1,
2021,8,80196,Colorado,1,1,0,1,1,1,1,41,EL PASO (41),430,COLORADO SPRINGS,27,27,5,May,2021,5,Thursday,5,5:00am-5:59am,50,50,1,This section IS ON the NHS,2,Urban,3,Principal Arterial - Other,1,State Highway Agency,2,U.S. Highway,US-24,MARKSHEFFEL RD,3134,3134,38.85466111,38.85466111,-104.679072220,-104.679072220,0,No Special Jurisdiction,9,Pedalcyclist,0,The First Harmful Event was Not a Collision with a Motor Vehicle in Transport,0,No,3,Intersection-Related,2,Four-Way Intersection,0,None,,,1,On Roadway,4,Dawn,,,,,1,Clear,0,No,0000000,Not Applicable,5,5:00am-5:59am,50,50,5,5:00am-5:59am,55,55,6,6:00am-6:59am,7,7,,,,,,,1,
2021,8,80197,Colorado,2,2,0,0,0,5,5,115,SEDGWICK (115),0,NOT APPLICABLE,27,27,5,May,2021,5,Thursday,12,12:00pm-12:59pm,38,38,0,This section IS NOT on the NHS,1,Rural,6,Minor Collector,2,County Highway Agency,4,County Road,CR-63B,CR-30,0,None,40.95472222,40.95472222,-102.051558330,-102.051558330,0,No Special Jurisdiction,12,Motor Vehicle In-Transport,6,Angle,0,No,2,Intersection,3,T-Intersection,0,None,,,1,On Roadway,1,Daylight,,,,,1,Clear,0,No,0000000,Not Applicable,99,Unknown,99,Unknown,99,Unknown EMS Scene Arrival Hour,99,Unknown EMS Scene Arrival Minutes,99,Unknown,99,Unknown EMS Hospital Arrival Time,,,,,,,2,
2021,8,80198,Colorado,1,1,0,0,0,1,1,91,OURAY (91),0,NOT APPLICABLE,28,28,5,May,2021,6,Friday,15,3:00pm-3:59pm,50,50,1,This section IS ON the NHS,1,Rural,3,Principal Arterial - Other,1,State Highway Agency,2,U.S. Highway,US-550,,1133,1133,38.27447778,38.27447778,-107.766538890,-107.766538890,0,No Special Jurisdiction,42,Tree (Standing Only),0,The First Harmful Event was Not a Collision with a Motor Vehicle in Transport,0,No,1,Non-Junction,1,Not an Intersection,0,None,,,4,On Roadside,1,Daylight,,,,,1,Clear,0,No,0000000,Not Applicable,99,Unknown,99,Unknown,99,Unknown EMS Scene Arrival Hour,99,Unknown EMS Scene Arrival Minutes,88,"Not Applicable (Not Transported) ",88,Not Applicable (Not Transported),,,,,,,1,
2021,8,80199,Colorado,3,3,0,0,0,8,8,83,MONTEZUMA (83),0,NOT APPLICABLE,28,28,5,May,2021,6,Friday,18,6:00pm-6:59pm,42,42,1,This section IS ON the NHS,1,Rural,3,Principal Arterial - Other,1,State Highway Agency,3,State Highway,SR-145,,185,185,37.52045000,37.52045000,-108.386872220,-108.386872220,0,No Special Jurisdiction,12,Motor Vehicle In-Transport,2,Front-to-Front,0,No,1,Non-Junction,1,Not an Intersection,0,None,,,1,On Roadway,5,Dusk,,,,,1,Clear,0,No,0000000,Not Applicable,99,Unknown,99,Unknown,99,Unknown EMS Scene Arrival Hour,99,Unknown EMS Scene Arrival Minutes,99,Unknown,99,Unknown EMS Hospital Arrival Time,,,,,,,1,
2021,8,80200,Colorado,1,1,0,1,1,1,1,41,EL PASO (41),0,NOT APPLICABLE,29,29,5,May,2021,7,Saturday,12,12:00pm-12:59pm,19,19,1,This section IS ON the NHS,2,Urban,1,Interstate,1,State Highway Agency,1,Interstate,I-25,,1359,1359,38.77358333,38.77358333,-104.781791670,-104.781791670,0,No Special Jurisdiction,8,Pedestrian,0,The First Harmful Event was Not a Collision with a Motor Vehicle in Transport,0,No,1,Non-Junction,1,Not an Intersection,0,None,,,1,On Roadway,1,Daylight,,,,,1,Clear,0,No,0000000,Not Applicable,12,12:00pm-12:59pm,20,20,12,12:00pm-12:59pm,25,25,88,"Not Applicable (Not Transported) ",88,Not Applicable (Not Transported),,,,,,,1,
2021,8,80201,Colorado,2,2,0,0,0,7,7,67,LA PLATA (67),0,NOT APPLICABLE,29,29,5,May,2021,7,Saturday,12,12:00pm-12:59pm,26,26,1,This section IS ON the NHS,1,Rural,3,Principal Arterial - Other,1,State Highway Agency,2,U.S. Highway,US-160,,1051,1051,37.24936944,37.24936944,-107.572280560,-107.572280560,0,No Special Jurisdiction,12,Motor Vehicle In-Transport,2,Front-to-Front,0,No,1,Non-Junction,1,Not an Intersection,0,None,,,1,On Roadway,1,Daylight,,,,,1,Clear,0,No,0000000,Not Applicable,99,Unknown,99,Unknown,99,Unknown EMS Scene Arrival Hour,99,Unknown EMS Scene Arrival Minutes,99,Unknown,99,Unknown EMS Hospital Arrival Time,,,,,,,1,
2021,8,80202,Colorado,1,1,0,0,0,4,4,1,ADAMS (1),230,BRIGHTON,29,29,5,May,2021,7,Saturday,19,7:00pm-7:59pm,21,21,1,This section IS ON the NHS,2,Urban,1,Interstate,1,State Highway Agency,1,Interstate,I-76,,211,211,39.95941667,39.95941667,-104.768180560,-104.768180560,0,No Special Jurisdiction,1,Rollover/Overturn,0,The First Harmful Event was Not a Collision with a Motor Vehicle in Transport,1,Yes,19,Other location within Interchange Area,1,Not an Intersection,0,None,,,3,On Median,1,Daylight,,,,,1,Clear,0,No,0000000,Not Applicable,19,7:00pm-7:59pm,23,23,19,7:00pm-7:59pm,29,29,19,7:00pm-7:59pm,41,41,,,,,,,1,
2021,8,80203,Colorado,1,1,0,0,0,2,2,59,JEFFERSON (59),2550,WESTMINSTER,30,30,5,May,2021,1,Sunday,4,4:00am-4:59am,35,35,1,This section IS ON the NHS,2,Urban,3,Principal Arterial - Other,4,City or Municipal Highway Agency,6,Local Street - Municipality,W 72ND AVE,,0,None,39.82731111,39.82731111,-105.056311110,-105.056311110,0,No Special Jurisdiction,33,Curb,0,The First Harmful Event was Not a Collision with a Motor Vehicle in Transport,0,No,1,Non-Junction,1,Not an Intersection,0,None,,,4,On Roadside,3,Dark - Lighted,,,,,2,Rain,0,No,0000000,Not Applicable,4,4:00am-4:59am,42,42,4,4:00am-4:59am,46,46,5,5:00am-5:59am,1,1,,,,,,,1,
2021,8,80204,Colorado,1,1,0,0,0,1,1,123,WELD (123),540,DACONO,15,15,5,May,2021,7,Saturday,5,5:00am-5:59am,26,26,1,This section IS ON the NHS,2,Urban,3,Principal Arterial - Other,1,State Highway Agency,3,State Highway,SR-52,,153,153,40.08268056,40.08268056,-104.905030560,-104.905030560,0,No Special Jurisdiction,35,Embankment,0,The First Harmful Event was Not a Collision with a Motor Vehicle in Transport,0,No,1,Non-Junction,1,Not an Intersection,0,None,,,4,On Roadside,4,Dawn,,,,,1,Clear,0,No,0000000,Not Applicable,5,5:00am-5:59am,27,27,5,5:00am-5:59am,41,41,88,"Not Applicable (Not Transported) ",88,Not Applicable (Not Transported),,,,,,,1,
2021,8,80205,Colorado,2,2,0,0,0,2,2,41,EL PASO (41),430,COLORADO SPRINGS,25,25,5,May,2021,3,Tuesday,17,5:00pm-5:59pm,28,28,1,This section IS ON the NHS,2,Urban,1,Interstate,1,State Highway Agency,1,Interstate,I-25 RAMP B,,1486,1486,38.92834167,38.92834167,-104.813127780,-104.813127780,0,No Special Jurisdiction,12,Motor Vehicle In-Transport,7,Sideswipe - Same Direction,1,Yes,20,Entrance/Exit Ramp,1,Not an Intersection,0,None,,,1,On Roadway,1,Daylight,,,,,1,Clear,0,No,0000000,Not Applicable,17,5:00pm-5:59pm,29,29,17,5:00pm-5:59pm,37,37,99,Unknown,99,Unknown EMS Hospital Arrival Time,,,,,,,1,
2021,8,80206,Colorado,2,2,0,0,0,2,2,41,EL PASO (41),430,COLORADO SPRINGS,27,27,5,May,2021,5,Thursday,19,7:00pm-7:59pm,5,5,1,This section IS ON the NHS,2,Urban,3,Principal Arterial - Other,4,City or Municipal Highway Agency,6,Local Street - Municipality,E FILLMORE ST,TEMPLETON GAP RD,0,None,38.87346667,38.87346667,-104.799694440,-104.799694440,0,No Special Jurisdiction,12,Motor Vehicle In-Transport,2,Front-to-Front,0,No,2,Intersection,2,Four-Way Intersection,0,None,,,1,On Roadway,1,Daylight,,,,,1,Clear,0,No,0000000,Not Applicable,19,7:00pm-7:59pm,6,6,19,7:00pm-7:59pm,9,9,88,"Not Applicable (Not Transported) ",88,Not Applicable (Not Transported),,,,,,,1,
2021,8,80207,Colorado,2,2,0,0,0,5,5,55,HUERFANO (55),0,NOT APPLICABLE,20,20,5,May,2021,5,Thursday,14,2:00pm-2:59pm,3,3,1,This section IS ON the NHS,1,Rural,3,Principal Arterial - Other,1,State Highway Agency,2,U.S. Highway,US-160,,2968,2968,37.57542778,37.57542778,-104.918583330,-104.918583330,0,No Special Jurisdiction,12,Motor Vehicle In-Transport,2,Front-to-Front,0,No,1,Non-Junction,1,Not an Intersection,0,None,,,1,On Roadway,1,Daylight,,,,,1,Clear,0,No,0000000,Not Applicable,14,2:00pm-2:59pm,3,3,14,2:00pm-2:59pm,8,8,14,2:00pm-2:59pm,45,45,,,,,,,1,
2021,8,80208,Colorado,1,1,0,1,1,2,2,5,ARAPAHOE (5),740,ENGLEWOOD,20,20,5,May,2021,5,Thursday,22,10:00pm-10:59pm,17,17,1,This section IS ON the NHS,2,Urban,3,Principal Arterial - Other,4,City or Municipal Highway Agency,6,Local Street - Municipality,S BROADWAY ST,,0,None,39.62016667,39.62016667,-104.987927780,-104.987927780,0,No Special Jurisdiction,8,Pedestrian,0,The First Harmful Event was Not a Collision with a Motor Vehicle in Transport,0,No,1,Non-Junction,1,Not an Intersection,0,None,,,1,On Roadway,3,Dark - Lighted,,,,,1,Clear,0,No,0000000,Not Applicable,22,10:00pm-10:59pm,18,18,22,10:00pm-10:59pm,18,18,22,10:00pm-10:59pm,28,28,,,,,,,1,
2021,8,80209,Colorado,2,2,0,0,0,3,3,101,PUEBLO (101),2050,PUEBLO,21,21,5,May,2021,6,Friday,2,2:00am-2:59am,19,19,1,This section IS ON the NHS,2,Urban,3,Principal Arterial - Other,1,State Highway Agency,3,State Highway,SR-45   W PUEBLO BLVD,LAKE AVE,4,4,38.21875000,38.21875000,-104.625194440,-104.625194440,0,No Special Jurisdiction,12,Motor Vehicle In-Transport,6,Angle,0,No,2,Intersection,2,Four-Way Intersection,0,None,,,1,On Roadway,3,Dark - Lighted,,,,,1,Clear,0,No,0000000,Not Applicable,2,2:00am-2:59am,20,20,2,2:00am-2:59am,24,24,2,2:00am-2:59am,46,46,,,,,,,1,
2021,8,80210,Colorado,1,1,0,1,1,1,1,77,MESA (77),1040,GRAND JUNCTION,2,2,5,May,2021,1,Sunday,12,12:00pm-12:59pm,21,21,0,This section IS NOT on the NHS,6,Trafficway Not in State Inventory,96,Trafficway Not in State Inventory,96,Trafficway Not in State Inventory,6,Local Street - Municipality,NORTH AVE DRIVEWAY ACCESS,,0,None,39.07771667,39.07771667,-108.525716670,-108.525716670,0,No Special Jurisdiction,8,Pedestrian,0,The First Harmful Event was Not a Collision with a Motor Vehicle in Transport,0,No,8,Driveway Access Related,1,Not an Intersection,0,None,,,5,Outside Trafficway,1,Daylight,,,,,10,Cloudy,0,No,0000000,Not Applicable,12,12:00pm-12:59pm,21,21,12,12:00pm-12:59pm,26,26,12,12:00pm-12:59pm,33,33,,,,,,,1,
2021,8,80211,Colorado,2,2,0,0,0,2,2,123,WELD (123),1220,HUDSON,28,28,4,April,2021,4,Wednesday,7,7:00am-7:59am,36,36,1,This section IS ON the NHS,1,Rural,1,Interstate,1,State Highway Agency,1,Interstate,I-76,,339,339,40.09680000,40.09680000,-104.610483330,-104.610483330,0,No Special Jurisdiction,12,Motor Vehicle In-Transport,7,Sideswipe - Same Direction,0,No,1,Non-Junction,1,Not an Intersection,0,None,,,1,On Roadway,1,Daylight,,,,,2,Rain,0,No,0000000,Not Applicable,7,7:00am-7:59am,37,37,7,7:00am-7:59am,39,39,88,"Not Applicable (Not Transported) ",88,Not Applicable (Not Transported),,,,,,,1,
2021,8,80212,Colorado,1,1,0,0,0,1,1,113,SAN MIGUEL (113),0,NOT APPLICABLE,3,3,6,June,2021,5,Thursday,8,8:00am-8:59am,55,55,0,This section IS NOT on the NHS,1,Rural,5,Major Collector,1,State Highway Agency,3,State Highway,SR-141,,193,193,38.02325556,38.02325556,-108.904361110,-108.904361110,0,No Special Jurisdiction,35,Embankment,0,The First Harmful Event was Not a Collision with a Motor Vehicle in Transport,0,No,1,Non-Junction,1,Not an Intersection,0,None,,,4,On Roadside,1,Daylight,,,,,1,Clear,0,No,0000000,Not Applicable,99,Unknown,99,Unknown,99,Unknown EMS Scene Arrival Hour,99,Unknown EMS Scene Arrival Minutes,88,"Not Applicable (Not Transported) ",88,Not Applicable (Not Transported),,,,,,,1,
2021,8,80213,Colorado,4,4,0,0,0,8,8,67,LA PLATA (67),0,NOT APPLICABLE,4,4,6,June,2021,6,Friday,17,5:00pm-5:59pm,46,46,1,This section IS ON the NHS,2,Urban,3,Principal Arterial - Other,1,State Highway Agency,2,U.S. Highway,US-160,CR-THREE SPRINGS BLVD,901,901,37.22716667,37.22716667,-107.819888890,-107.819888890,0,No Special Jurisdiction,12,Motor Vehicle In-Transport,1,Front-to-Rear,0,No,3,Intersection-Related,2,Four-Way Intersection,0,None,,,1,On Roadway,1,Daylight,,,,,1,Clear,0,No,0000000,Not Applicable,17,5:00pm-5:59pm,46,46,17,5:00pm-5:59pm,54,54,18,6:00pm-6:59pm,20,20,,,,,,,2,
2021,8,80214,Colorado,1,1,0,1,1,1,1,41,EL PASO (41),430,COLORADO SPRINGS,4,4,6,June,2021,6,Friday,21,9:00pm-9:59pm,45,45,1,This section IS ON the NHS,2,Urban,3,Principal Arterial - Other,4,City or Municipal Highway Agency,6,Local Street - Municipality,N ACADEMY BLVD,FLINTRIDGE DR,0,None,38.90146111,38.90146111,-104.767761110,-104.767761110,0,No Special Jurisdiction,8,Pedestrian,0,The First Harmful Event was Not a Collision with a Motor Vehicle in Transport,0,No,3,Intersection-Related,2,Four-Way Intersection,0,None,,,1,On Roadway,3,Dark - Lighted,,,,,1,Clear,0,No,0000000,Not Applicable,21,9:00pm-9:59pm,46,46,21,9:00pm-9:59pm,49,49,22,10:00pm-10:59pm,3,3,,,,,,,1,
2021,8,80215,Colorado,1,1,0,0,0,1,1,75,LOGAN (75),0,NOT APPLICABLE,6,6,6,June,2021,1,Sunday,3,3:00am-3:59am,32,32,0,This section IS NOT on the NHS,1,Rural,5,Major Collector,2,County Highway Agency,4,County Road,CR-37E,,0,None,40.73748333,40.73748333,-103.219094440,-103.219094440,0,No Special Jurisdiction,59,"Traffic Sign Support ",0,The First Harmful Event was Not a Collision with a Motor Vehicle in Transport,0,No,1,Non-Junction,1,Not an Intersection,0,None,,,4,On Roadside,2,Dark - Not Lighted,,,,,1,Clear,0,No,0000000,Not Applicable,99,Unknown,99,Unknown,99,Unknown EMS Scene Arrival Hour,99,Unknown EMS Scene Arrival Minutes,88,"Not Applicable (Not Transported) ",88,Not Applicable (Not Transported),,,,,,,1,
2021,8,80216,Colorado,1,1,0,0,0,4,4,87,MORGAN (87),0,NOT APPLICABLE,6,6,6,June,2021,1,Sunday,7,7:00am-7:59am,15,15,1,This section IS ON the NHS,2,Urban,1,Interstate,1,State Highway Agency,1,Interstate,I-76,,799,799,40.26498056,40.26498056,-103.807080560,-103.807080560,0,No Special Jurisdiction,1,Rollover/Overturn,0,The First Harmful Event was Not a Collision with a Motor Vehicle in Transport,0,No,1,Non-Junction,1,Not an Intersection,0,None,,,3,On Median,1,Daylight,,,,,1,Clear,0,No,0000000,Not Applicable,99,Unknown,99,Unknown,99,Unknown EMS Scene Arrival Hour,99,Unknown EMS Scene Arrival Minutes,99,Unknown,99,Unknown EMS Hospital Arrival Time,,,,,,,1,
2021,8,80217,Colorado,4,4,0,3,3,7,7,35,DOUGLAS (35),0,NOT APPLICABLE,7,7,6,June,2021,2,Monday,0,0:00am-0:59am,53,53,1,This section IS ON the NHS,2,Urban,1,Interstate,1,State Highway Agency,1,Interstate,I-25,,1862,1862,39.43972222,39.43972222,-104.876683330,-104.876683330,0,No Special Jurisdiction,18,Other Object (not fixed),0,The First Harmful Event was Not a Collision with a Motor Vehicle in Transport,0,No,1,Non-Junction,1,Not an Intersection,0,None,,,1,On Roadway,2,Dark - Not Lighted,,,,,1,Clear,0,No,0000000,Not Applicable,99,Unknown,99,Unknown,99,Unknown EMS Scene Arrival Hour,99,Unknown EMS Scene Arrival Minutes,99,Unknown,99,Unknown EMS Hospital Arrival Time,,,,,,,1,
2021,8,80218,Colorado,1,1,0,1,1,1,1,13,BOULDER (13),1530,LONGMONT,8,8,6,June,2021,3,Tuesday,12,12:00pm-12:59pm,12,12,0,This section IS NOT on the NHS,2,Urban,4,Minor Arterial,4,City or Municipal Highway Agency,6,Local Street - Municipality,HOVER ST,CLOVER BASIN DR,0,None,40.14397222,40.14397222,-105.130916670,-105.130916670,0,No Special Jurisdiction,8,Pedestrian,0,The First Harmful Event was Not a Collision with a Motor Vehicle in Transport,0,No,3,Intersection-Related,2,Four-Way Intersection,0,None,,,1,On Roadway,1,Daylight,,,,,1,Clear,0,No,0000000,Not Applicable,99,Unknown,99,Unknown,99,Unknown EMS Scene Arrival Hour,99,Unknown EMS Scene Arrival Minutes,99,Unknown,99,Unknown EMS Hospital Arrival Time,,,,,,,1,
2021,8,80219,Colorado,1,1,0,0,0,2,2,51,GUNNISON (51),0,NOT APPLICABLE,8,8,6,June,2021,3,Tuesday,13,1:00pm-1:59pm,0,0,1,This section IS ON the NHS,1,Rural,3,Principal Arterial - Other,1,State Highway Agency,2,U.S. Highway,US-50,,1966,1966,38.46976111,38.46976111,-106.335069440,-106.335069440,0,No Special Jurisdiction,17,Boulder,0,The First Harmful Event was Not a Collision with a Motor Vehicle in Transport,0,No,1,Non-Junction,1,Not an Intersection,0,None,,,4,On Roadside,1,Daylight,,,,,1,Clear,0,No,0000000,Not Applicable,99,Unknown,99,Unknown,99,Unknown EMS Scene Arrival Hour,99,Unknown EMS Scene Arrival Minutes,99,Unknown,99,Unknown EMS Hospital Arrival Time,,,,,,,1,
2021,8,80220,Colorado,1,1,0,0,0,2,2,5,ARAPAHOE (5),110,AURORA,5,5,6,June,2021,7,Saturday,11,11:00am-11:59am,54,54,0,This section IS NOT on the NHS,2,Urban,7,Local,4,City or Municipal Highway Agency,6,Local Street - Municipality,E MARINA DR,,0,None,39.66370556,39.66370556,-104.825733330,-104.825733330,0,No Special Jurisdiction,42,Tree (Standing Only),0,The First Harmful Event was Not a Collision with a Motor Vehicle in Transport,0,No,1,Non-Junction,1,Not an Intersection,0,None,,,5,Outside Trafficway,1,Daylight,,,,,1,Clear,0,No,0000000,Not Applicable,11,11:00am-11:59am,57,57,12,12:00pm-12:59pm,1,1,12,12:00pm-12:59pm,17,17,,,,,,,1,
2021,8,80221,Colorado,1,1,0,0,0,1,1,43,FREMONT (43),0,NOT APPLICABLE,9,9,6,June,2021,4,Wednesday,10,10:00am-10:59am,20,20,0,This section IS NOT on the NHS,1,Rural,4,Minor Arterial,1,State Highway Agency,3,State Highway,SR-9,,159,159,38.67063056,38.67063056,-105.486444440,-105.486444440,0,No Special Jurisdiction,1,Rollover/Overturn,0,The First Harmful Event was Not a Collision with a Motor Vehicle in Transport,0,No,1,Non-Junction,1,Not an Intersection,0,None,,,4,On Roadside,1,Daylight,,,,,1,Clear,0,No,0000000,Not Applicable,10,10:00am-10:59am,25,25,10,10:00am-10:59am,46,46,88,"Not Applicable (Not Transported) ",88,Not Applicable (Not Transported),,,,,,,1,
2021,8,80222,Colorado,1,1,0,0,0,2,2,59,JEFFERSON (59),1435,LAKEWOOD,9,9,6,June,2021,4,Wednesday,3,3:00am-3:59am,5,5,0,This section IS NOT on the NHS,2,Urban,7,Local,4,City or Municipal Highway Agency,6,Local Street - Municipality,W YALE AVE,,0,None,39.67689444,39.67689444,-105.143238890,-105.143238890,0,No Special Jurisdiction,33,Curb,0,The First Harmful Event was Not a Collision with a Motor Vehicle in Transport,0,No,1,Non-Junction,1,Not an Intersection,0,None,,,4,On Roadside,2,Dark - Not Lighted,,,,,1,Clear,0,No,0000000,Not Applicable,3,3:00am-3:59am,6,6,99,Unknown EMS Scene Arrival Hour,99,Unknown EMS Scene Arrival Minutes,3,3:00am-3:59am,23,23,,,,,,,1,
2021,8,80223,Colorado,1,1,0,0,0,1,1,69,LARIMER (69),0,NOT APPLICABLE,9,9,6,June,2021,4,Wednesday,12,12:00pm-12:59pm,10,10,0,This section IS NOT on the NHS,1,Rural,4,Minor Arterial,1,State Highway Agency,3,State Highway,SR-7,,68,68,40.30150000,40.30150000,-105.540177780,-105.540177780,0,No Special Jurisdiction,31,"Post, Pole or Other Supports",0,The First Harmful Event was Not a Collision with a Motor Vehicle in Transport,0,No,1,Non-Junction,1,Not an Intersection,0,None,,,4,On Roadside,1,Daylight,,,,,1,Clear,0,No,0000000,Not Applicable,12,12:00pm-12:59pm,11,11,12,12:00pm-12:59pm,23,23,88,"Not Applicable (Not Transported) ",88,Not Applicable (Not Transported),,,,,,,1,