caseyear,state,st_case,statename,ve_total,ve_forms,pvh_invl,peds,pernotmvit,permvit,persons,county,countyname,city,cityname,day,dayname,month,monthname,year,day_week,day_weekname,hour,hourname,minute,minutename,nhs,nhsname,rur_urb,rur_urbname,func_sys,func_sysname,rd_owner,rd_ownername,route,routename,tway_id,tway_id2,milept,mileptname,latitude,latitudename,longitud,longitudname,sp_jur,sp_jurname,harm_ev,harm_evname,man_coll,man_collname,reljct1,reljct1name,reljct2,reljct2name,typ_int,typ_intname,wrk_zone,wrk_zonename,road_fnc,road_fncname,rel_road,rel_roadname,lgt_cond,lgt_condname,weather1,weather1name,weather2,weather2name,weather,weathername,sch_bus,sch_busname,rail,railname,not_hour,not_hourname,not_min,not_minname,arr_hour,arr_hourname,arr_min,arr_minname,hosp_hr,hosp_hrname,hosp_mn,hosp_mnname,cf1,cf1name,cf2,cf2name,cf3,cf3name,fatals,drunk_dr
2021,8,80260,Colorado,2,2,0,0,0,2,2,101,PUEBLO (101),2050,PUEBLO,20,20,6,June,2021,1,Sunday,14,2:00pm-2:59pm,45,45,0,This section IS NOT on the NHS,2,Urban,4,Minor Arterial,4,City or Municipal Highway Agency,6,Local Street - Municipality,LAKE AVE,ORMAN AVE,0,None,38.25184444,38.25184444,-104.623722220,-104.623722220,0,No Special Jurisdiction,12,Motor Vehicle In-Transport,6,Angle,0,No,2,Intersection,2,Four-Way Intersection,0,None,,,1,On Roadway,1,Daylight,,,,,1,Clear,0,No,0000000,Not Applicable,14,2:00pm-2:59pm,45,45,14,2:00pm-2:59pm,48,48,15,3:00pm-3:59pm,0,0,,,,,,,1,
2021,8,80261,Colorado,2,1,1,0,0,2,2,77,MESA (77),1040,GRAND JUNCTION,25,25,6,June,2021,6,Friday,21,9:00pm-9:59pm,4,4,0,This section IS NOT on the NHS,2,Urban,4,Minor Arterial,4,City or Municipal Highway Agency,6,Local Street - Municipality,N 12TH ST,,0,None,39.07616667,39.07616667,-108.552491670,-108.552491670,0,No Special Jurisdiction,33,Curb,0,The First Harmful Event was Not a Collision with a Motor Vehicle in Transport,0,No,1,Non-Junction,1,Not an Intersection,0,None,,,4,On Roadside,5,Dusk,,,,,1,Clear,0,No,0000000,Not Applicable,21,9:00pm-9:59pm,4,4,21,9:00pm-9:59pm,12,12,99,Unknown,99,Unknown EMS Hospital Arrival Time,,,,,,,1,
2021,8,80262,Colorado,2,2,0,0,0,2,2,59,JEFFERSON (59),80,ARVADA,30,30,6,June,2021,4,Wednesday,7,7:00am-7:59am,40,40,0,This section IS NOT on the NHS,2,Urban,4,Minor Arterial,4,City or Municipal Highway Agency,6,Local Street - Municipality,W 80TH AVE,LAMAR ST,0,None,39.84117778,39.84117778,-105.066505560,-105.066505560,0,No Special Jurisdiction,12,Motor Vehicle In-Transport,6,Angle,0,No,2,Intersection,3,T-Intersection,0,None,,,1,On Roadway,1,Daylight,,,,,1,Clear,0,No,0000000,Not Applicable,7,7:00am-7:59am,44,44,7,7:00am-7:59am,49,49,8,8:00am-8:59am,19,19,,,,,,,1,
2021,8,80263,Colorado,1,1,0,1,1,1,1,69,LARIMER (69),860,FORT COLLINS,30,30,6,June,2021,4,Wednesday,8,8:00am-8:59am,59,59,0,This section IS NOT on the NHS,2,Urban,4,Minor Arterial,4,City or Municipal Highway Agency,6,Local Street - Municipality,E VINE DR,JEROME ST,0,None,40.59615000,40.59615000,-105.073788890,-105.073788890,0,No Special Jurisdiction,9,Pedalcyclist,0,The First Harmful Event was Not a Collision with a Motor Vehicle in Transport,0,No,3,Intersection-Related,3,T-Intersection,0,None,,,1,On Roadway,1,Daylight,,,,,1,Clear,0,No,0000000,Not Applicable,8,8:00am-8:59am,59,59,9,9:00am-9:59am,2,2,88,"Not Applicable (Not Transported) ",88,Not Applicable (Not Transported),,,,,,,1,
2021,8,80264,Colorado,2,2,0,0,0,2,2,67,LA PLATA (67),650,DURANGO,18,18,6,June,2021,6,Friday,22,10:00pm-10:59pm,15,15,1,This section IS ON the NHS,2,Urban,3,Principal Arterial - Other,1,State Highway Agency,2,U.S. Highway,US-160   S CAMINO DEL RIO,RIVER RD,869,869,37.22376111,37.22376111,-107.857200000,-107.857200000,0,No Special Jurisdiction,12,Motor Vehicle In-Transport,6,Angle,0,No,2,Intersection,3,T-Intersection,0,None,,,1,On Roadway,3,Dark - Lighted,,,,,1,Clear,0,No,0000000,Not Applicable,22,10:00pm-10:59pm,16,16,22,10:00pm-10:59pm,24,24,88,"Not Applicable (Not Transported) ",88,Not Applicable (Not Transported),,,,,,,1,
2021,8,80265,Colorado,1,1,0,0,0,1,1,43,FREMONT (43),310,CANON CITY,9,9,6,June,2021,4,Wednesday,21,9:00pm-9:59pm,48,48,0,This section IS NOT on the NHS,2,Urban,5,Major Collector,4,City or Municipal Highway Agency,6,Local Street - Municipality,HARDING AVE,,0,None,38.46001944,38.46001944,-105.239263890,-105.239263890,0,No Special Jurisdiction,33,Curb,0,The First Harmful Event was Not a Collision with a Motor Vehicle in Transport,0,No,1,Non-Junction,1,Not an Intersection,0,None,,,4,On Roadside,2,Dark - Not Lighted,,,,,1,Clear,0,No,0000000,Not Applicable,21,9:00pm-9:59pm,59,59,22,10:00pm-10:59pm,3,3,88,"Not Applicable (Not Transported) ",88,Not Applicable (Not Transported),,,,,,,1,
2021,8,80266,Colorado,1,1,0,0,0,1,1,41,EL PASO (41),430,COLORADO SPRINGS,30,30,6,June,2021,4,Wednesday,18,6:00pm-6:59pm,29,29,1,This section IS ON the NHS,2,Urban,1,Interstate,1,State Highway Agency,1,Interstate,I-25,,1425,1425,38.81991667,38.81991667,-104.835211110,-104.835211110,0,No Special Jurisdiction,24,Guardrail Face,0,The First Harmful Event was Not a Collision with a Motor Vehicle in Transport,0,No,1,Non-Junction,1,Not an Intersection,0,None,,,4,On Roadside,1,Daylight,,,,,10,Cloudy,0,No,0000000,Not Applicable,18,6:00pm-6:59pm,30,30,18,6:00pm-6:59pm,33,33,18,6:00pm-6:59pm,50,50,,,,,,,1,
2021,8,80267,Colorado,1,1,0,0,0,1,1,83,MONTEZUMA (83),450,CORTEZ,9,9,6,June,2021,4,Wednesday,18,6:00pm-6:59pm,38,38,0,This section IS NOT on the NHS,2,Urban,7,Local,4,City or Municipal Highway Agency,6,Local Street - Municipality,W ANDREW LN,S CHESTNUT ST,0,None,37.33507222,37.33507222,-108.586161110,-108.586161110,0,No Special Jurisdiction,33,Curb,0,The First Harmful Event was Not a Collision with a Motor Vehicle in Transport,0,No,3,Intersection-Related,3,T-Intersection,0,None,,,4,On Roadside,1,Daylight,,,,,1,Clear,0,No,0000000,Not Applicable,18,6:00pm-6:59pm,38,38,18,6:00pm-6:59pm,43,43,19,7:00pm-7:59pm,3,3,,,,,,,1,
2021,8,80268,Colorado,2,1,1,0,0,1,1,31,DENVER (31),600,DENVER,29,29,6,June,2021,3,Tuesday,15,3:00pm-3:59pm,35,35,0,This section IS NOT on the NHS,2,Urban,7,Local,4,City or Municipal Highway Agency,6,Local Street - Municipality,E MLK BLVD,,0,None,39.75954167,39.75954167,-104.869150000,-104.869150000,0,No Special Jurisdiction,14,Parked Motor Vehicle,0,The First Harmful Event was Not a Collision with a Motor Vehicle in Transport,0,No,1,Non-Junction,1,Not an Intersection,0,None,,,7,In Parking Lane/Zone,1,Daylight,,,,,98,Not Reported,0,No,0000000,Not Applicable,14,2:00pm-2:59pm,59,59,99,Unknown EMS Scene Arrival Hour,99,Unknown EMS Scene Arrival Minutes,99,Unknown,99,Unknown EMS Hospital Arrival Time,,,,,,,1,
2021,8,80269,Colorado,1,1,0,0,0,1,1,107,ROUTT (107),2360,STEAMBOAT SPRINGS,9,9,6,June,2021,4,Wednesday,20,8:00pm-8:59pm,1,1,0,This section IS NOT on the NHS,2,Urban,7,Local,4,City or Municipal Highway Agency,6,Local Street - Municipality,CENTRAL PARK DR,,0,None,40.46279167,40.46279167,-106.819822220,-106.819822220,0,No Special Jurisdiction,1,Rollover/Overturn,0,The First Harmful Event was Not a Collision with a Motor Vehicle in Transport,0,No,1,Non-Junction,1,Not an Intersection,0,None,,,4,On Roadside,1,Daylight,,,,,1,Clear,0,No,0000000,Not Applicable,20,8:00pm-8:59pm,1,1,20,8:00pm-8:59pm,1,1,20,8:00pm-8:59pm,13,13,,,,,,,1,
2021,8,80270,Colorado,1,1,0,0,0,1,1,1,ADAMS (1),1771,NORTHGLENN,23,23,6,June,2021,4,Wednesday,12,12:00pm-12:59pm,20,20,1,This section IS ON the NHS,2,Urban,1,Interstate,1,State Highway Agency,1,Interstate,I-25,,2219,2219,39.89722222,39.89722222,-104.987822220,-104.987822220,0,No Special Jurisdiction,24,Guardrail Face,0,The First Harmful Event was Not a Collision with a Motor Vehicle in Transport,0,No,1,Non-Junction,1,Not an Intersection,0,None,,,4,On Roadside,1,Daylight,,,,,1,Clear,0,No,0000000,Not Applicable,12,12:00pm-12:59pm,20,20,12,12:00pm-12:59pm,30,30,12,12:00pm-12:59pm,40,40,,,,,,,1,
2021,8,80271,Colorado,2,2,0,0,0,2,2,31,DENVER (31),600,DENVER,29,29,6,June,2021,3,Tuesday,19,7:00pm-7:59pm,13,13,0,This section IS NOT on the NHS,2,Urban,5,Major Collector,4,City or Municipal Highway Agency,6,Local Street - Municipality,E 51ST AVE,N QUENTIN ST,0,None,39.78925556,39.78925556,-104.844711110,-104.844711110,0,No Special Jurisdiction,1,Rollover/Overturn,0,The First Harmful Event was Not a Collision with a Motor Vehicle in Transport,0,No,2,Intersection,2,Four-Way Intersection,0,None,,,1,On Roadway,1,Daylight,,,,,98,Not Reported,0,No,0000000,Not Applicable,19,7:00pm-7:59pm,14,14,19,7:00pm-7:59pm,20,20,19,7:00pm-7:59pm,29,29,,,,,,,1,
2021,8,80272,Colorado,1,1,0,2,2,1,1,31,DENVER (31),600,DENVER,18,18,6,June,2021,6,Friday,2,2:00am-2:59am,27,27,1,This section IS ON the NHS,2,Urban,3,Principal Arterial - Other,4,City or Municipal Highway Agency,6,Local Street - Municipality,E EVANS AVE,,0,None,39.67852778,39.67852778,-104.928688890,-104.928688890,0,No Special Jurisdiction,33,Curb,0,The First Harmful Event was Not a Collision with a Motor Vehicle in Transport,0,No,1,Non-Junction,1,Not an Intersection,0,None,,,4,On Roadside,3,Dark - Lighted,,,,,98,Not Reported,0,No,0000000,Not Applicable,2,2:00am-2:59am,27,27,2,2:00am-2:59am,30,30,88,"Not Applicable (Not Transported) ",88,Not Applicable (Not Transported),,,,,,,1,
2021,8,80273,Colorado,2,2,0,0,0,3,3,31,DENVER (31),600,DENVER,5,5,6,June,2021,7,Saturday,23,11:00pm-11:59pm,46,46,1,This section IS ON the NHS,2,Urban,1,Interstate,1,State Highway Agency,1,Interstate,I-70,,2753,2753,39.78017222,39.78017222,-104.965350000,-104.965350000,0,No Special Jurisdiction,12,Motor Vehicle In-Transport,1,Front-to-Rear,1,Yes,18,Through Roadway,1,Not an Intersection,0,None,,,1,On Roadway,3,Dark - Lighted,,,,,98,Not Reported,0,No,0000000,Not Applicable,23,11:00pm-11:59pm,46,46,0,0:00am-0:59am,5,5,0,0:00am-0:59am,20,20,,,,,,,1,
2021,8,80274,Colorado,1,1,0,0,0,2,2,31,DENVER (31),600,DENVER,12,12,6,June,2021,7,Saturday,14,2:00pm-2:59pm,24,24,0,This section IS NOT on the NHS,2,Urban,3,Principal Arterial - Other,4,City or Municipal Highway Agency,6,Local Street - Municipality,N MONACO  ST,,0,None,39.74414444,39.74414444,-104.912744440,-104.912744440,0,No Special Jurisdiction,42,Tree (Standing Only),0,The First Harmful Event was Not a Collision with a Motor Vehicle in Transport,0,No,1,Non-Junction,1,Not an Intersection,0,None,,,4,On Roadside,1,Daylight,,,,,98,Not Reported,0,No,0000000,Not Applicable,14,2:00pm-2:59pm,24,24,14,2:00pm-2:59pm,36,36,88,"Not Applicable (Not Transported) ",88,Not Applicable (Not Transported),,,,,,,2,
2021,8,80275,Colorado,1,1,0,0,0,2,2,31,DENVER (31),600,DENVER,24,24,6,June,2021,5,Thursday,1,1:00am-1:59am,48,48,1,This section IS ON the NHS,2,Urban,3,Principal Arterial - Other,4,City or Municipal Highway Agency,6,Local Street - Municipality,E EVANS AVE,,0,None,39.67805556,39.67805556,-104.905555560,-104.905555560,0,No Special Jurisdiction,42,Tree (Standing Only),0,The First Harmful Event was Not a Collision with a Motor Vehicle in Transport,0,No,1,Non-Junction,1,Not an Intersection,0,None,,,4,On Roadside,3,Dark - Lighted,,,,,2,Rain,0,No,0000000,Not Applicable,99,Unknown,99,Unknown,99,Unknown EMS Scene Arrival Hour,99,Unknown EMS Scene Arrival Minutes,88,"Not Applicable (Not Transported) ",88,Not Applicable (Not Transported),,,,,,,1,
2021,8,80276,Colorado,3,3,0,1,1,3,3,69,LARIMER (69),860,FORT COLLINS,7,7,4,April,2021,4,Wednesday,20,8:00pm-8:59pm,22,22,0,This section IS NOT on the NHS,2,Urban,4,Minor Arterial,4,City or Municipal Highway Agency,6,Local Street - Municipality,W ELIZABETH ST,,0,None,40.57459444,40.57459444,-105.106522220,-105.106522220,0,No Special Jurisdiction,15,Non-Motorist on Personal Conveyance,0,The First Harmful Event was Not a Collision with a Motor Vehicle in Transport,0,No,1,Non-Junction,1,Not an Intersection,0,None,,,1,On Roadway,3,Dark - Lighted,,,,,1,Clear,0,No,0000000,Not Applicable,20,8:00pm-8:59pm,22,22,20,8:00pm-8:59pm,26,26,20,8:00pm-8:59pm,55,55,,,,,,,1,
2021,8,80277,Colorado,2,2,0,0,0,3,3,5,ARAPAHOE (5),110,AURORA,2,2,7,July,2021,6,Friday,21,9:00pm-9:59pm,45,45,1,This section IS ON the NHS,2,Urban,3,Principal Arterial - Other,4,City or Municipal Highway Agency,6,Local Street - Municipality,N AIRPORT RD,E 8TH AVE,0,None,39.72976667,39.72976667,-104.791072220,-104.791072220,0,No Special Jurisdiction,12,Motor Vehicle In-Transport,1,Front-to-Rear,0,No,3,Intersection-Related,3,T-Intersection,0,None,,,1,On Roadway,3,Dark - Lighted,,,,,1,Clear,0,No,0000000,Not Applicable,21,9:00pm-9:59pm,46,46,21,9:00pm-9:59pm,53,53,22,10:00pm-10:59pm,1,1,,,,,,,1,
2021,8,80278,Colorado,1,1,0,1,1,1,1,69,LARIMER (69),0,NOT APPLICABLE,2,2,7,July,2021,6,Friday,22,10:00pm-10:59pm,3,3,0,This section IS NOT on the NHS,2,Urban,7,Local,2,County Highway Agency,4,County Road,CR-E LINCOLN AVE,,0,None,40.58168889,40.58168889,-105.034944440,-105.034944440,0,No Special Jurisdiction,8,Pedestrian,0,The First Harmful Event was Not a Collision with a Motor Vehicle in Transport,0,No,1,Non-Junction,1,Not an Intersection,0,None,,,1,On Roadway,2,Dark - Not Lighted,,,,,1,Clear,0,No,0000000,Not Applicable,22,10:00pm-10:59pm,3,3,22,10:00pm-10:59pm,6,6,22,10:00pm-10:59pm,36,36,,,,,,,1,
2021,8,80279,Colorado,2,2,0,0,0,2,2,101,PUEBLO (101),0,NOT APPLICABLE,2,2,7,July,2021,6,Friday,22,10:00pm-10:59pm,49,49,1,This section IS ON the NHS,1,Rural,3,Principal Arterial - Other,1,State Highway Agency,2,U.S. Highway,US-50,,3380,3380,38.20061667,38.20061667,-104.237305560,-104.237305560,0,No Special Jurisdiction,12,Motor Vehicle In-Transport,2,Front-to-Front,0,No,1,Non-Junction,1,Not an Intersection,0,None,,,1,On Roadway,2,Dark - Not Lighted,,,,,1,Clear,0,No,0000000,Not Applicable,22,10:00pm-10:59pm,49,49,99,Unknown EMS Scene Arrival Hour,99,Unknown EMS Scene Arrival Minutes,99,Unknown,99,Unknown EMS Hospital Arrival Time,,,,,,,1,
2021,8,80280,Colorado,2,2,0,0,0,2,2,87,MORGAN (87),0,NOT APPLICABLE,3,3,7,July,2021,7,Saturday,1,1:00am-1:59am,4,4,1,This section IS ON the NHS,1,Rural,3,Principal Arterial - Other,1,State Highway Agency,2,U.S. Highway,US-34,,1476,1476,40.24798333,40.24798333,-104.084511110,-104.084511110,0,No Special Jurisdiction,12,Motor Vehicle In-Transport,2,Front-to-Front,0,No,1,Non-Junction,1,Not an Intersection,0,None,,,1,On Roadway,2,Dark - Not Lighted,,,,,1,Clear,0,No,0000000,Not Applicable,1,1:00am-1:59am,4,4,1,1:00am-1:59am,4,4,99,Unknown,99,Unknown EMS Hospital Arrival Time,,,,,,,1,
2021,8,80281,Colorado,1,1,0,0,0,1,1,35,DOUGLAS (35),0,NOT APPLICABLE,3,3,7,July,2021,7,Saturday,14,2:00pm-2:59pm,0,0,0,This section IS NOT on the NHS,1,Rural,4,Minor Arterial,1,State Highway Agency,3,State Highway,SR-67,,920,920,39.16401667,39.16401667,-105.164400000,-105.164400000,0,No Special Jurisdiction,1,Rollover/Overturn,0,The First Harmful Event was Not a Collision with a Motor Vehicle in Transport,0,No,1,Non-Junction,1,Not an Intersection,0,None,,,4,On Roadside,1,Daylight,,,,,1,Clear,0,No,0000000,Not Applicable,14,2:00pm-2:59pm,40,40,99,Unknown EMS Scene Arrival Hour,99,Unknown EMS Scene Arrival Minutes,88,"Not Applicable (Not Transported) ",88,Not Applicable (Not Transported),,,,,,,1,
2021,8,80282,Colorado,1,1,0,0,0,3,3,29,DELTA (29),0,NOT APPLICABLE,3,3,7,July,2021,7,Saturday,17,5:00pm-5:59pm,48,48,0,This section IS NOT on the NHS,1,Rural,6,Minor Collector,2,County Highway Agency,4,County Road,CR-25 MESA RD,,0,None,38.67486944,38.67486944,-108.165527780,-108.165527780,0,No Special Jurisdiction,1,Rollover/Overturn,0,The First Harmful Event was Not a Collision with a Motor Vehicle in Transport,0,No,1,Non-Junction,1,Not an Intersection,0,None,,,4,On Roadside,1,Daylight,,,,,1,Clear,0,No,0000000,Not Applicable,99,Unknown,99,Unknown,99,Unknown EMS Scene Arrival Hour,99,Unknown EMS Scene Arrival Minutes,99,Unknown,99,Unknown EMS Hospital Arrival Time,,,,,,,1,
2021,8,80283,Colorado,3,3,0,0,0,4,4,5,ARAPAHOE (5),110,AURORA,4,4,7,July,2021,1,Sunday,23,11:00pm-11:59pm,27,27,0,This section IS NOT on the NHS,2,Urban,4,Minor Arterial,4,City or Municipal Highway Agency,6,Local Street - Municipality,N HAVANA ST,,0,None,39.73342778,39.73342778,-104.865877780,-104.865877780,0,No Special Jurisdiction,12,Motor Vehicle In-Transport,2,Front-to-Front,0,No,1,Non-Junction,1,Not an Intersection,0,None,,,1,On Roadway,3,Dark - Lighted,,,,,1,Clear,0,No,0000000,Not Applicable,23,11:00pm-11:59pm,28,28,23,11:00pm-11:59pm,29,29,23,11:00pm-11:59pm,45,45,,,,,,,1,
2021,8,80284,Colorado,1,1,0,0,0,1,1,91,OURAY (91),0,NOT APPLICABLE,6,6,7,July,2021,3,Tuesday,0,0:00am-0:59am,1,1,1,This section IS ON the NHS,1,Rural,3,Principal Arterial - Other,1,State Highway Agency,2,U.S. Highway,US-550,,1024,1024,38.13740000,38.13740000,-107.734141670,-107.734141670,0,No Special Jurisdiction,17,Boulder,0,The First Harmful Event was Not a Collision with a Motor Vehicle in Transport,0,No,1,Non-Junction,1,Not an Intersection,0,None,,,4,On Roadside,2,Dark - Not Lighted,,,,,1,Clear,0,No,0000000,Not Applicable,99,Unknown,99,Unknown,99,Unknown EMS Scene Arrival Hour,99,Unknown EMS Scene Arrival Minutes,88,"Not Applicable (Not Transported) ",88,Not Applicable (Not Transported),,,,,,,1,
2021,8,80285,Colorado,2,2,0,0,0,5,5,83,MONTEZUMA (83),0,NOT APPLICABLE,7,7,7,July,2021,4,Wednesday,15,3:00pm-3:59pm,24,24,1,This section IS ON the NHS,1,Rural,3,Principal Arterial - Other,1,State Highway Agency,2,U.S. Highway,US-160,,604,604,37.35035000,37.35035000,-108.216461110,-108.216461110,0,No Special Jurisdiction,12,Motor Vehicle In-Transport,2,Front-to-Front,0,No,1,Non-Junction,1,Not an Intersection,0,None,,,4,On Roadside,1,Daylight,,,,,1,Clear,0,No,0000000,Not Applicable,99,Unknown,99,Unknown,99,Unknown EMS Scene Arrival Hour,99,Unknown EMS Scene Arrival Minutes,99,Unknown,99,Unknown EMS Hospital Arrival Time,,,,,,,1,
2021,8,80286,Colorado,3,3,0,0,0,5,5,41,EL PASO (41),430,COLORADO SPRINGS,1,1,7,July,2021,5,Thursday,9,9:00am-9:59am,58,58,0,This section IS NOT on the NHS,2,Urban,5,Major Collector,4,City or Municipal Highway Agency,6,Local Street - Municipality,W BROOKSIDE ST,DORCHESTER DR,0,None,38.81253889,38.81253889,-104.830825000,-104.830825000,0,No Special Jurisdiction,12,Motor Vehicle In-Transport,6,Angle,0,No,2,Intersection,2,Four-Way Intersection,0,None,,,1,On Roadway,1,Daylight,,,,,1,Clear,0,No,0000000,Not Applicable,9,9:00am-9:59am,59,59,10,10:00am-10:59am,4,4,10,10:00am-10:59am,19,19,,,,,,,1,
2021,8,80287,Colorado,1,1,0,1,1,1,1,1,ADAMS (1),110,AURORA,1,1,7,July,2021,5,Thursday,17,5:00pm-5:59pm,10,10,0,This section IS NOT on the NHS,2,Urban,7,Local,4,City or Municipal Highway Agency,6,Local Street - Municipality,N ALTON ST,E 16TH AVE,0,None,39.74199444,39.74199444,-104.882355560,-104.882355560,0,No Special Jurisdiction,9,Pedalcyclist,0,The First Harmful Event was Not a Collision with a Motor Vehicle in Transport,0,No,3,Intersection-Related,2,Four-Way Intersection,0,None,,,1,On Roadway,1,Daylight,,,,,1,Clear,0,No,0000000,Not Applicable,99,Unknown,99,Unknown,99,Unknown EMS Scene Arrival Hour,99,Unknown EMS Scene Arrival Minutes,99,Unknown,99,Unknown EMS Hospital Arrival Time,,,,,,,1,
2021,8,80288,Colorado,2,2,0,0,0,2,2,41,EL PASO (41),430,COLORADO SPRINGS,2,2,7,July,2021,6,Friday,1,1:00am-1:59am,42,42,1,This section IS ON the NHS,2,Urban,3,Principal Arterial - Other,1,State Highway Agency,3,State Highway,SR-21   S POWERS BLVD,ASTROZON BLVD,1391,1391,38.79892222,38.79892222,-104.730427780,-104.730427780,0,No Special Jurisdiction,12,Motor Vehicle In-Transport,6,Angle,0,No,2,Intersection,2,Four-Way Intersection,0,None,,,1,On Roadway,3,Dark - Lighted,,,,,2,Rain,0,No,0000000,Not Applicable,1,1:00am-1:59am,43,43,1,1:00am-1:59am,49,49,99,Unknown,99,Unknown EMS Hospital Arrival Time,,,,,,,1,
2021,8,80289,Colorado,1,1,0,1,1,1,1,41,EL PASO (41),430,COLORADO SPRINGS,5,5,7,July,2021,2,Monday,22,10:00pm-10:59pm,30,30,0,This section IS NOT on the NHS,2,Urban,4,Minor Arterial,4,City or Municipal Highway Agency,6,Local Street - Municipality,N CASCADE AVE,,0,None,38.86829444,38.86829444,-104.823372220,-104.823372220,0,No Special Jurisdiction,8,Pedestrian,0,The First Harmful Event was Not a Collision with a Motor Vehicle in Transport,0,No,1,Non-Junction,1,Not an Intersection,0,None,,,1,On Roadway,3,Dark - Lighted,,,,,1,Clear,0,No,0000000,Not Applicable,22,10:00pm-10:59pm,30,30,22,10:00pm-10:59pm,34,34,88,"Not Applicable (Not Transported) ",88,Not Applicable (Not Transported),,,,,,,1,
2021,8,80290,Colorado,1,1,0,1,1,2,2,1,ADAMS (1),2427,THORNTON,4,4,7,July,2021,1,Sunday,20,8:00pm-8:59pm,7,7,0,This section IS NOT on the NHS,2,Urban,4,Minor Arterial,4,City or Municipal Highway Agency,6,Local Street - Municipality,E 84TH AVE,,0,None,39.84897778,39.84897778,-104.981066670,-104.981066670,0,No Special Jurisdiction,8,Pedestrian,0,The First Harmful Event was Not a Collision with a Motor Vehicle in Transport,0,No,1,Non-Junction,1,Not an Intersection,0,None,,,1,On Roadway,1,Daylight,,,,,1,Clear,0,No,0000000,Not Applicable,20,8:00pm-8:59pm,7,7,20,8:00pm-8:59pm,11,11,20,8:00pm-8:59pm,21,21,,,,,,,1,
2021,8,80291,Colorado,2,2,0,0,0,3,3,59,JEFFERSON (59),2550,WESTMINSTER,5,5,7,July,2021,2,Monday,15,3:00pm-3:59pm,12,12,1,This section IS ON the NHS,2,Urban,3,Principal Arterial - Other,4,City or Municipal Highway Agency,6,Local Street - Municipality,W CHURCH RANCH BLVD,W 100TH AVE,0,None,39.87843611,39.87843611,-105.093316670,-105.093316670,0,No Special Jurisdiction,12,Motor Vehicle In-Transport,6,Angle,0,No,8,Driveway Access Related,1,Not an Intersection,0,None,,,1,On Roadway,1,Daylight,,,,,1,Clear,0,No,0000000,Not Applicable,99,Unknown,99,Unknown,99,Unknown EMS Scene Arrival Hour,99,Unknown EMS Scene Arrival Minutes,99,Unknown,99,Unknown EMS Hospital Arrival Time,,,,,,,1,
2021,8,80292,Colorado,2,2,0,0,0,4,4,93,PARK (93),0,NOT APPLICABLE,8,8,7,July,2021,5,Thursday,15,3:00pm-3:59pm,36,36,1,This section IS ON the NHS,1,Rural,3,Principal Arterial - Other,1,State Highway Agency,2,U.S. Highway,US-285,,2168,2168,39.42654167,39.42654167,-105.564111110,-105.564111110,0,No Special Jurisdiction,12,Motor Vehicle In-Transport,6,Angle,0,No,8,Driveway Access Related,1,Not an Intersection,0,None,,,2,On Shoulder,1,Daylight,,,,,10,Cloudy,0,No,0000000,Not Applicable,15,3:00pm-3:59pm,36,36,15,3:00pm-3:59pm,45,45,16,4:00pm-4:59pm,44,44,,,,,,,1,
2021,8,80293,Colorado,2,2,0,0,0,2,2,43,FREMONT (43),0,NOT APPLICABLE,9,9,7,July,2021,6,Friday,20,8:00pm-8:59pm,30,30,0,This section IS NOT on the NHS,1,Rural,5,Major Collector,1,State Highway Agency,3,State Highway,SR-115,US-50 OFF-RAMP,139,139,38.41808333,38.41808333,-105.042538890,-105.042538890,0,No Special Jurisdiction,12,Motor Vehicle In-Transport,6,Angle,1,Yes,2,Intersection,2,Four-Way Intersection,0,None,,,1,On Roadway,5,Dusk,,,,,1,Clear,0,No,0000000,Not Applicable,20,8:00pm-8:59pm,33,33,99,Unknown EMS Scene Arrival Hour,99,Unknown EMS Scene Arrival Minutes,88,"Not Applicable (Not Transported) ",88,Not Applicable (Not Transported),,,,,,,1,
2021,8,80294,Colorado,2,2,0,0,0,2,2,5,ARAPAHOE (5),110,AURORA,9,9,7,July,2021,6,Friday,22,10:00pm-10:59pm,0,0,1,This section IS ON the NHS,2,Urban,3,Principal Arterial - Other,1,State Highway Agency,2,U.S. Highway,US-40   E COLFAX AVE,,3108,3108,39.74008889,39.74008889,-104.744350000,-104.744350000,0,No Special Jurisdiction,12,Motor Vehicle In-Transport,6,Angle,0,No,7,"Crossover-Related ",1,Not an Intersection,0,None,,,1,On Roadway,2,Dark - Not Lighted,,,,,1,Clear,0,No,0000000,Not Applicable,22,10:00pm-10:59pm,3,3,22,10:00pm-10:59pm,8,8,22,10:00pm-10:59pm,18,18,,,,,,,1,
2021,8,80295,Colorado,2,2,0,0,0,3,3,17,CHEYENNE (17),0,NOT APPLICABLE,11,11,7,July,2021,1,Sunday,14,2:00pm-2:59pm,13,13,1,This section IS ON the NHS,1,Rural,3,Principal Arterial - Other,1,State Highway Agency,2,U.S. Highway,US-40,,4483,4483,38.77580556,38.77580556,-102.740880560,-102.740880560,0,No Special Jurisdiction,12,Motor Vehicle In-Transport,8,Sideswipe - Opposite Direction,0,No,1,Non-Junction,1,Not an Intersection,0,None,,,1,On Roadway,1,Daylight,,,,,1,Clear,0,No,0000000,Not Applicable,99,Unknown,99,Unknown,99,Unknown EMS Scene Arrival Hour,99,Unknown EMS Scene Arrival Minutes,99,Unknown,99,Unknown EMS Hospital Arrival Time,,,,,,,1,
2021,8,80296,Colorado,1,1,0,0,0,1,1,85,MONTROSE (85),0,NOT APPLICABLE,13,13,7,July,2021,3,Tuesday,18,6:00pm-6:59pm,0,0,0,This section IS NOT on the NHS,1,Rural,4,Minor Arterial,1,State Highway Agency,3,State Highway,SR-141,,572,572,38.22433056,38.22433056,-108.514261110,-108.514261110,0,No Special Jurisdiction,1,Rollover/Overturn,0,The First Harmful Event was Not a Collision with a Motor Vehicle in Transport,0,No,1,Non-Junction,1,Not an Intersection,0,None,,,4,On Roadside,1,Daylight,,,,,10,Cloudy,0,No,0000000,Not Applicable,99,Unknown,99,Unknown,99,Unknown EMS Scene Arrival Hour,99,Unknown EMS Scene Arrival Minutes,88,"Not Applicable (Not Transported) ",88,Not Applicable (Not Transported),,,,,,,1,