caseyear,state,st_case,statename,ve_total,ve_forms,pvh_invl,peds,pernotmvit,permvit,persons,county,countyname,city,cityname,day,dayname,month,monthname,year,day_week,day_weekname,hour,hourname,minute,minutename,nhs,nhsname,rur_urb,rur_urbname,func_sys,func_sysname,rd_owner,rd_ownername,route,routename,tway_id,tway_id2,milept,mileptname,latitude,latitudename,longitud,longitudname,sp_jur,sp_jurname,harm_ev,harm_evname,man_coll,man_collname,reljct1,reljct1name,reljct2,reljct2name,typ_int,typ_intname,wrk_zone,wrk_zonename,road_fnc,road_fncname,rel_road,rel_roadname,lgt_cond,lgt_condname,weather1,weather1name,weather2,weather2name,weather,weathername,sch_bus,sch_busname,rail,railname,not_hour,not_hourname,not_min,not_minname,arr_hour,arr_hourname,arr_min,arr_minname,hosp_hr,hosp_hrname,hosp_mn,hosp_mnname,cf1,cf1name,cf2,cf2name,cf3,cf3name,fatals,drunk_dr
2021,8,80297,Colorado,2,2,0,0,0,5,5,59,JEFFERSON (59),1435,LAKEWOOD,9,9,7,July,2021,6,Friday,10,10:00am-10:59am,1,1,1,This section IS ON the NHS,2,Urban,3,Principal Arterial - Other,1,State Highway Agency,3,State Highway,SR-121   S WADSWORTH BLVD,W FLORIDA AVE,101,101,39.68943889,39.68943889,-105.081394440,-105.081394440,0,No Special Jurisdiction,12,Motor Vehicle In-Transport,6,Angle,0,No,2,Intersection,2,Four-Way Intersection,0,None,,,1,On Roadway,1,Daylight,,,,,1,Clear,0,No,0000000,Not Applicable,99,Unknown,99,Unknown,99,Unknown EMS Scene Arrival Hour,99,Unknown EMS Scene Arrival Minutes,99,Unknown,99,Unknown EMS Hospital Arrival Time,,,,,,,1,
2021,8,80298,Colorado,2,2,0,0,0,3,3,121,WASHINGTON (121),0,NOT APPLICABLE,14,14,7,July,2021,4,Wednesday,9,9:00am-9:59am,1,1,0,This section IS NOT on the NHS,1,Rural,4,Minor Arterial,1,State Highway Agency,2,U.S. Highway,US-36,CR-U,1476,1476,39.73916111,39.73916111,-103.368211110,-103.368211110,0,No Special Jurisdiction,12,Motor Vehicle In-Transport,6,Angle,0,No,2,Intersection,2,Four-Way Intersection,0,None,,,1,On Roadway,1,Daylight,,,,,1,Clear,0,No,0000000,Not Applicable,8,8:00am-8:59am,58,58,9,9:00am-9:59am,31,31,10,10:00am-10:59am,12,12,,,,,,,1,
2021,8,80299,Colorado,3,3,0,0,0,4,4,83,MONTEZUMA (83),0,NOT APPLICABLE,15,15,7,July,2021,5,Thursday,10,10:00am-10:59am,25,25,1,This section IS ON the NHS,1,Rural,3,Principal Arterial - Other,1,State Highway Agency,3,State Highway,SR-145,,271,271,37.58220000,37.58220000,-108.298300000,-108.298300000,0,No Special Jurisdiction,12,Motor Vehicle In-Transport,8,Sideswipe - Opposite Direction,0,No,1,Non-Junction,1,Not an Intersection,0,None,,,1,On Roadway,1,Daylight,,,,,1,Clear,0,No,0000000,Not Applicable,99,Unknown,99,Unknown,99,Unknown EMS Scene Arrival Hour,99,Unknown EMS Scene Arrival Minutes,99,Unknown,99,Unknown EMS Hospital Arrival Time,,,,,,,1,
2021,8,80300,Colorado,2,2,0,0,0,5,5,69,LARIMER (69),0,NOT APPLICABLE,15,15,7,July,2021,5,Thursday,10,10:00am-10:59am,40,40,0,This section IS NOT on the NHS,1,Rural,4,Minor Arterial,1,State Highway Agency,3,State Highway,SR-14,,1026,1026,40.68005000,40.68005000,-105.433030560,-105.433030560,0,No Special Jurisdiction,12,Motor Vehicle In-Transport,2,Front-to-Front,0,No,1,Non-Junction,1,Not an Intersection,0,None,,,1,On Roadway,1,Daylight,,,,,10,Cloudy,0,No,0000000,Not Applicable,10,10:00am-10:59am,50,50,11,11:00am-11:59am,34,34,88,"Not Applicable (Not Transported) ",88,Not Applicable (Not Transported),,,,,,,1,
2021,8,80301,Colorado,2,2,0,0,0,3,3,67,LA PLATA (67),0,NOT APPLICABLE,15,15,7,July,2021,5,Thursday,16,4:00pm-4:59pm,54,54,1,This section IS ON the NHS,1,Rural,3,Principal Arterial - Other,1,State Highway Agency,2,U.S. Highway,US-160,CR-PEACEFUL DR,770,770,37.26401389,37.26401389,-107.972694440,-107.972694440,0,No Special Jurisdiction,12,Motor Vehicle In-Transport,1,Front-to-Rear,0,No,8,Driveway Access Related,1,Not an Intersection,0,None,,,1,On Roadway,1,Daylight,,,,,1,Clear,0,No,0000000,Not Applicable,99,Unknown,99,Unknown,99,Unknown EMS Scene Arrival Hour,99,Unknown EMS Scene Arrival Minutes,88,"Not Applicable (Not Transported) ",88,Not Applicable (Not Transported),,,,,,,1,
2021,8,80302,Colorado,1,1,0,1,1,1,1,13,BOULDER (13),0,NOT APPLICABLE,15,15,7,July,2021,5,Thursday,18,6:00pm-6:59pm,14,14,0,This section IS NOT on the NHS,1,Rural,6,Minor Collector,2,County Highway Agency,4,County Road,CR-LEE HILL DR,CR-WAGON WHEEL GAP RD,0,None,40.06488889,40.06488889,-105.300861110,-105.300861110,0,No Special Jurisdiction,9,Pedalcyclist,0,The First Harmful Event was Not a Collision with a Motor Vehicle in Transport,0,No,2,Intersection,3,T-Intersection,0,None,,,1,On Roadway,1,Daylight,,,,,1,Clear,0,No,0000000,Not Applicable,18,6:00pm-6:59pm,16,16,18,6:00pm-6:59pm,22,22,88,"Not Applicable (Not Transported) ",88,Not Applicable (Not Transported),,,,,,,1,
2021,8,80303,Colorado,2,2,0,0,0,2,2,13,BOULDER (13),0,NOT APPLICABLE,16,16,7,July,2021,6,Friday,11,11:00am-11:59am,50,50,0,This section IS NOT on the NHS,1,Rural,5,Major Collector,2,County Highway Agency,4,County Road,CR-VALMONT RD,CR-MELISSA LN,0,None,40.03643056,40.03643056,-105.162383330,-105.162383330,0,No Special Jurisdiction,12,Motor Vehicle In-Transport,6,Angle,0,No,2,Intersection,3,T-Intersection,0,None,,,1,On Roadway,1,Daylight,,,,,1,Clear,0,No,0000000,Not Applicable,11,11:00am-11:59am,48,48,11,11:00am-11:59am,57,57,88,"Not Applicable (Not Transported) ",88,Not Applicable (Not Transported),,,,,,,1,
2021,8,80304,Colorado,1,1,0,0,0,1,1,59,JEFFERSON (59),0,NOT APPLICABLE,17,17,7,July,2021,7,Saturday,11,11:00am-11:59am,48,48,1,This section IS ON the NHS,2,Urban,2,Principal Arterial - Other Freeways and Expressways,1,State Highway Agency,3,State Highway,SR-470   C-470,,89,89,39.59516944,39.59516944,-105.149594440,-105.149594440,0,No Special Jurisdiction,57,Cable Barrier,0,The First Harmful Event was Not a Collision with a Motor Vehicle in Transport,0,No,1,Non-Junction,1,Not an Intersection,0,None,,,3,On Median,1,Daylight,,,,,1,Clear,0,No,0000000,Not Applicable,11,11:00am-11:59am,49,49,11,11:00am-11:59am,57,57,99,Unknown,99,Unknown EMS Hospital Arrival Time,,,,,,,1,
2021,8,80305,Colorado,2,2,0,0,0,2,2,123,WELD (123),540,DACONO,12,12,7,July,2021,2,Monday,12,12:00pm-12:59pm,2,2,1,This section IS ON the NHS,2,Urban,1,Interstate,1,State Highway Agency,1,Interstate,I-25,,2345,2345,40.07801944,40.07801944,-104.980311110,-104.980311110,0,No Special Jurisdiction,12,Motor Vehicle In-Transport,1,Front-to-Rear,0,No,1,Non-Junction,1,Not an Intersection,0,None,,,1,On Roadway,1,Daylight,,,,,1,Clear,0,No,0000000,Not Applicable,12,12:00pm-12:59pm,2,2,99,Unknown EMS Scene Arrival Hour,99,Unknown EMS Scene Arrival Minutes,99,Unknown,99,Unknown EMS Hospital Arrival Time,,,,,,,1,
2021,8,80306,Colorado,6,6,0,0,0,7,7,21,CONEJOS (21),0,NOT APPLICABLE,14,14,7,July,2021,4,Wednesday,7,7:00am-7:59am,44,44,1,This section IS ON the NHS,1,Rural,3,Principal Arterial - Other,1,State Highway Agency,2,U.S. Highway,US-285,,241,241,37.33369444,37.33369444,-105.941577780,-105.941577780,0,No Special Jurisdiction,12,Motor Vehicle In-Transport,1,Front-to-Rear,0,No,1,Non-Junction,1,Not an Intersection,0,None,,,1,On Roadway,1,Daylight,,,,,1,Clear,0,No,0000000,Not Applicable,7,7:00am-7:59am,47,47,7,7:00am-7:59am,53,53,99,Unknown,99,Unknown EMS Hospital Arrival Time,,,,,,,1,
2021,8,80307,Colorado,2,2,0,0,0,2,2,5,ARAPAHOE (5),345,CENTENNIAL,15,15,7,July,2021,5,Thursday,22,10:00pm-10:59pm,17,17,1,This section IS ON the NHS,2,Urban,3,Principal Arterial - Other,4,City or Municipal Highway Agency,6,Local Street - Municipality,E DRY CREEK RD,,0,None,39.58060556,39.58060556,-104.946819440,-104.946819440,0,No Special Jurisdiction,12,Motor Vehicle In-Transport,2,Front-to-Front,0,No,1,Non-Junction,1,Not an Intersection,0,None,,,1,On Roadway,2,Dark - Not Lighted,,,,,10,Cloudy,0,No,0000000,Not Applicable,22,10:00pm-10:59pm,18,18,22,10:00pm-10:59pm,22,22,88,"Not Applicable (Not Transported) ",88,Not Applicable (Not Transported),,,,,,,2,
2021,8,80308,Colorado,1,1,0,0,0,1,1,1,ADAMS (1),434,COMMERCE CITY,20,20,7,July,2021,3,Tuesday,8,8:00am-8:59am,25,25,1,This section IS ON the NHS,2,Urban,1,Interstate,1,State Highway Agency,1,Interstate,I-270,,160,160,39.80750000,39.80750000,-104.942866670,-104.942866670,0,No Special Jurisdiction,1,Rollover/Overturn,0,The First Harmful Event was Not a Collision with a Motor Vehicle in Transport,0,No,1,Non-Junction,1,Not an Intersection,0,None,,,2,On Shoulder,1,Daylight,,,,,1,Clear,0,No,0000000,Not Applicable,8,8:00am-8:59am,25,25,8,8:00am-8:59am,33,33,88,"Not Applicable (Not Transported) ",88,Not Applicable (Not Transported),,,,,,,1,
2021,8,80309,Colorado,3,3,0,0,0,4,4,43,FREMONT (43),0,NOT APPLICABLE,20,20,7,July,2021,3,Tuesday,17,5:00pm-5:59pm,30,30,0,This section IS NOT on the NHS,1,Rural,4,Minor Arterial,1,State Highway Agency,3,State Highway,SR-115,,267,267,38.56104444,38.56104444,-104.944838890,-104.944838890,0,No Special Jurisdiction,12,Motor Vehicle In-Transport,8,Sideswipe - Opposite Direction,0,No,1,Non-Junction,1,Not an Intersection,0,None,,,1,On Roadway,1,Daylight,,,,,1,Clear,0,No,0000000,Not Applicable,99,Unknown,99,Unknown,99,Unknown EMS Scene Arrival Hour,99,Unknown EMS Scene Arrival Minutes,99,Unknown,99,Unknown EMS Hospital Arrival Time,,,,,,,1,
2021,8,80310,Colorado,2,2,0,0,0,2,2,59,JEFFERSON (59),1435,LAKEWOOD,19,19,7,July,2021,2,Monday,2,2:00am-2:59am,15,15,1,This section IS ON the NHS,2,Urban,3,Principal Arterial - Other,1,State Highway Agency,3,State Highway,SR-8   MORRISON RD,,51,51,39.66692222,39.66692222,-105.146488890,-105.146488890,0,No Special Jurisdiction,12,Motor Vehicle In-Transport,2,Front-to-Front,0,No,1,Non-Junction,1,Not an Intersection,0,None,,,1,On Roadway,3,Dark - Lighted,,,,,1,Clear,0,No,0000000,Not Applicable,2,2:00am-2:59am,15,15,2,2:00am-2:59am,23,23,2,2:00am-2:59am,37,37,,,,,,,1,
2021,8,80311,Colorado,2,2,0,0,0,3,3,123,WELD (123),0,NOT APPLICABLE,21,21,7,July,2021,4,Wednesday,3,3:00am-3:59am,52,52,1,This section IS ON the NHS,1,Rural,3,Principal Arterial - Other,1,State Highway Agency,3,State Highway,SR-14,,1513,1513,40.58253889,40.58253889,-104.770800000,-104.770800000,0,No Special Jurisdiction,12,Motor Vehicle In-Transport,2,Front-to-Front,0,No,1,Non-Junction,1,Not an Intersection,0,None,,,1,On Roadway,2,Dark - Not Lighted,,,,,1,Clear,0,No,0000000,Not Applicable,4,4:00am-4:59am,3,3,4,4:00am-4:59am,17,17,88,"Not Applicable (Not Transported) ",88,Not Applicable (Not Transported),,,,,,,2,
2021,8,80312,Colorado,1,1,0,0,0,1,1,23,COSTILLA (23),0,NOT APPLICABLE,22,22,7,July,2021,5,Thursday,8,8:00am-8:59am,0,0,0,This section IS NOT on the NHS,1,Rural,7,Local,2,County Highway Agency,4,County Road,CR-WILD HORSE MESA DR,,0,None,37.08044444,37.08044444,-105.485458330,-105.485458330,0,No Special Jurisdiction,35,Embankment,0,The First Harmful Event was Not a Collision with a Motor Vehicle in Transport,0,No,1,Non-Junction,1,Not an Intersection,0,None,,,4,On Roadside,1,Daylight,,,,,1,Clear,0,No,0000000,Not Applicable,9,9:00am-9:59am,49,49,10,10:00am-10:59am,51,51,88,"Not Applicable (Not Transported) ",88,Not Applicable (Not Transported),,,,,,,1,
2021,8,80313,Colorado,4,4,0,0,0,5,5,13,BOULDER (13),0,NOT APPLICABLE,22,22,7,July,2021,5,Thursday,14,2:00pm-2:59pm,55,55,1,This section IS ON the NHS,1,Rural,3,Principal Arterial - Other,1,State Highway Agency,2,U.S. Highway,US-287,SR-52,3102,3102,40.08404444,40.08404444,-105.102716670,-105.102716670,0,No Special Jurisdiction,12,Motor Vehicle In-Transport,1,Front-to-Rear,0,No,3,Intersection-Related,2,Four-Way Intersection,0,None,,,1,On Roadway,1,Daylight,,,,,1,Clear,0,No,0000000,Not Applicable,14,2:00pm-2:59pm,58,58,15,3:00pm-3:59pm,5,5,15,3:00pm-3:59pm,31,31,,,,,,,1,
2021,8,80314,Colorado,1,1,0,1,1,1,1,1,ADAMS (1),434,COMMERCE CITY,23,23,7,July,2021,6,Friday,1,1:00am-1:59am,11,11,1,This section IS ON the NHS,2,Urban,2,Principal Arterial - Other Freeways and Expressways,1,State Highway Agency,2,U.S. Highway,US-85,,2295,2295,39.91061667,39.91061667,-104.860155560,-104.860155560,0,No Special Jurisdiction,8,Pedestrian,0,The First Harmful Event was Not a Collision with a Motor Vehicle in Transport,0,No,1,Non-Junction,1,Not an Intersection,0,None,,,1,On Roadway,2,Dark - Not Lighted,,,,,1,Clear,0,No,0000000,Not Applicable,1,1:00am-1:59am,11,11,1,1:00am-1:59am,18,18,88,"Not Applicable (Not Transported) ",88,Not Applicable (Not Transported),,,,,,,1,
2021,8,80315,Colorado,1,1,0,0,0,1,1,59,JEFFERSON (59),0,NOT APPLICABLE,25,25,7,July,2021,1,Sunday,10,10:00am-10:59am,25,25,1,This section IS ON the NHS,1,Rural,3,Principal Arterial - Other,1,State Highway Agency,2,U.S. Highway,US-285,,2426,2426,39.57700833,39.57700833,-105.236755560,-105.236755560,0,No Special Jurisdiction,30,Utility Pole/Light Support,0,The First Harmful Event was Not a Collision with a Motor Vehicle in Transport,0,No,1,Non-Junction,1,Not an Intersection,0,None,,,4,On Roadside,1,Daylight,,,,,1,Clear,0,No,0000000,Not Applicable,10,10:00am-10:59am,25,25,10,10:00am-10:59am,50,50,88,"Not Applicable (Not Transported) ",88,Not Applicable (Not Transported),,,,,,,1,
2021,8,80316,Colorado,3,3,0,0,0,3,3,1,ADAMS (1),2550,WESTMINSTER,13,13,7,July,2021,3,Tuesday,13,1:00pm-1:59pm,34,34,1,This section IS ON the NHS,2,Urban,3,Principal Arterial - Other,1,State Highway Agency,3,State Highway,SR-128   W 120TH AVE,PECOS ST,131,131,39.91386667,39.91386667,-105.007744440,-105.007744440,0,No Special Jurisdiction,12,Motor Vehicle In-Transport,1,Front-to-Rear,0,No,3,Intersection-Related,2,Four-Way Intersection,0,None,,,1,On Roadway,1,Daylight,,,,,1,Clear,0,No,0000000,Not Applicable,13,1:00pm-1:59pm,39,39,13,1:00pm-1:59pm,45,45,14,2:00pm-2:59pm,12,12,,,,,,,1,
2021,8,80317,Colorado,1,1,0,0,0,6,6,1,ADAMS (1),434,COMMERCE CITY,25,25,7,July,2021,1,Sunday,1,1:00am-1:59am,21,21,1,This section IS ON the NHS,2,Urban,3,Principal Arterial - Other,1,State Highway Agency,2,U.S. Highway,US-6/85,,2942,2942,39.82138889,39.82138889,-104.931194440,-104.931194440,0,No Special Jurisdiction,1,Rollover/Overturn,0,The First Harmful Event was Not a Collision with a Motor Vehicle in Transport,0,No,1,Non-Junction,1,Not an Intersection,0,None,,,3,On Median,3,Dark - Lighted,,,,,1,Clear,0,No,0000000,Not Applicable,1,1:00am-1:59am,21,21,1,1:00am-1:59am,23,23,99,Unknown,99,Unknown EMS Hospital Arrival Time,,,,,,,1,
2021,8,80318,Colorado,1,1,0,0,0,1,1,101,PUEBLO (101),0,NOT APPLICABLE,26,26,7,July,2021,2,Monday,7,7:00am-7:59am,3,3,0,This section IS NOT on the NHS,1,Rural,5,Major Collector,1,State Highway Agency,3,State Highway,SR-165,,290,290,37.92355556,37.92355556,-104.920125000,-104.920125000,0,No Special Jurisdiction,38,Fence,0,The First Harmful Event was Not a Collision with a Motor Vehicle in Transport,0,No,1,Non-Junction,1,Not an Intersection,0,None,,,4,On Roadside,1,Daylight,,,,,1,Clear,0,No,0000000,Not Applicable,99,Unknown,99,Unknown,99,Unknown EMS Scene Arrival Hour,99,Unknown EMS Scene Arrival Minutes,88,"Not Applicable (Not Transported) ",88,Not Applicable (Not Transported),,,,,,,1,
2021,8,80319,Colorado,1,1,0,0,0,1,1,41,EL PASO (41),430,COLORADO SPRINGS,23,23,7,July,2021,6,Friday,22,10:00pm-10:59pm,33,33,1,This section IS ON the NHS,2,Urban,3,Principal Arterial - Other,4,City or Municipal Highway Agency,6,Local Street - Municipality,AUSTIN BLUFFS PKWY,,0,None,38.91051667,38.91051667,-104.735752780,-104.735752780,0,No Special Jurisdiction,33,Curb,0,The First Harmful Event was Not a Collision with a Motor Vehicle in Transport,0,No,1,Non-Junction,1,Not an Intersection,0,None,,,4,On Roadside,2,Dark - Not Lighted,,,,,1,Clear,0,No,0000000,Not Applicable,22,10:00pm-10:59pm,34,34,22,10:00pm-10:59pm,40,40,88,"Not Applicable (Not Transported) ",88,Not Applicable (Not Transported),,,,,,,1,
2021,8,80320,Colorado,2,2,0,0,0,3,3,35,DOUGLAS (35),0,NOT APPLICABLE,26,26,7,July,2021,2,Monday,2,2:00am-2:59am,50,50,1,This section IS ON the NHS,1,Rural,1,Interstate,1,State Highway Agency,1,Interstate,I-25,,1661,1661,39.16720000,39.16720000,-104.852750000,-104.852750000,0,No Special Jurisdiction,12,Motor Vehicle In-Transport,6,Angle,0,No,1,Non-Junction,1,Not an Intersection,1,Construction,,,1,On Roadway,2,Dark - Not Lighted,,,,,1,Clear,0,No,0000000,Not Applicable,99,Unknown,99,Unknown,99,Unknown EMS Scene Arrival Hour,99,Unknown EMS Scene Arrival Minutes,99,Unknown,99,Unknown EMS Hospital Arrival Time,,,,,,,1,
2021,8,80321,Colorado,1,1,0,0,0,1,1,13,BOULDER (13),200,BOULDER,26,26,7,July,2021,2,Monday,14,2:00pm-2:59pm,10,10,0,This section IS NOT on the NHS,2,Urban,5,Major Collector,4,City or Municipal Highway Agency,6,Local Street - Municipality,47TH ST,,0,None,40.04093611,40.04093611,-105.244144440,-105.244144440,0,No Special Jurisdiction,24,Guardrail Face,0,The First Harmful Event was Not a Collision with a Motor Vehicle in Transport,0,No,1,Non-Junction,1,Not an Intersection,0,None,,,4,On Roadside,1,Daylight,,,,,1,Clear,0,No,0000000,Not Applicable,14,2:00pm-2:59pm,10,10,14,2:00pm-2:59pm,16,16,14,2:00pm-2:59pm,26,26,,,,,,,1,
2021,8,80322,Colorado,2,2,0,0,0,4,4,13,BOULDER (13),200,BOULDER,26,26,7,July,2021,2,Monday,23,11:00pm-11:59pm,20,20,1,This section IS ON the NHS,2,Urban,3,Principal Arterial - Other,1,State Highway Agency,3,State Highway,SR-119   DIAGONAL HWY,34TH ST,448,448,40.03802778,40.03802778,-105.248972220,-105.248972220,0,No Special Jurisdiction,12,Motor Vehicle In-Transport,6,Angle,0,No,2,Intersection,3,T-Intersection,0,None,,,1,On Roadway,3,Dark - Lighted,,,,,1,Clear,0,No,0000000,Not Applicable,23,11:00pm-11:59pm,15,15,23,11:00pm-11:59pm,21,21,23,11:00pm-11:59pm,44,44,,,,,,,2,
2021,8,80323,Colorado,3,3,0,0,0,3,3,13,BOULDER (13),1530,LONGMONT,27,27,7,July,2021,3,Tuesday,17,5:00pm-5:59pm,39,39,1,This section IS ON the NHS,2,Urban,3,Principal Arterial - Other,1,State Highway Agency,3,State Highway,SR-119   E KEN PRATT BLVD,MILL VILLAGE CT,592,592,40.16006667,40.16006667,-105.060188890,-105.060188890,0,No Special Jurisdiction,33,Curb,0,The First Harmful Event was Not a Collision with a Motor Vehicle in Transport,0,No,3,Intersection-Related,3,T-Intersection,0,None,,,12,Pedestrian Refuge Island or Traffic Island,1,Daylight,,,,,1,Clear,0,No,0000000,Not Applicable,17,5:00pm-5:59pm,40,40,17,5:00pm-5:59pm,45,45,88,"Not Applicable (Not Transported) ",88,Not Applicable (Not Transported),,,,,,,1,
2021,8,80324,Colorado,2,2,0,0,0,2,2,59,JEFFERSON (59),0,NOT APPLICABLE,28,28,7,July,2021,4,Wednesday,9,9:00am-9:59am,41,41,0,This section IS NOT on the NHS,2,Urban,4,Minor Arterial,2,County Highway Agency,4,County Road,CR-MCINTYRE ST,CR-W 37TH DR,0,None,39.76781111,39.76781111,-105.174827780,-105.174827780,0,No Special Jurisdiction,12,Motor Vehicle In-Transport,6,Angle,0,No,2,Intersection,3,T-Intersection,0,None,,,1,On Roadway,1,Daylight,,,,,1,Clear,0,No,0000000,Not Applicable,9,9:00am-9:59am,39,39,9,9:00am-9:59am,47,47,88,"Not Applicable (Not Transported) ",88,Not Applicable (Not Transported),,,,,,,1,
2021,8,80325,Colorado,2,2,0,0,0,6,6,41,EL PASO (41),0,NOT APPLICABLE,29,29,7,July,2021,5,Thursday,13,1:00pm-1:59pm,8,8,0,This section IS NOT on the NHS,1,Rural,4,Minor Arterial,2,County Highway Agency,4,County Road,CR-BURGESS RD,CR-VOLLMER RD,0,None,38.99850000,38.99850000,-104.663411110,-104.663411110,0,No Special Jurisdiction,12,Motor Vehicle In-Transport,6,Angle,0,No,2,Intersection,2,Four-Way Intersection,0,None,,,1,On Roadway,1,Daylight,,,,,1,Clear,0,No,0000000,Not Applicable,99,Unknown,99,Unknown,99,Unknown EMS Scene Arrival Hour,99,Unknown EMS Scene Arrival Minutes,99,Unknown,99,Unknown EMS Hospital Arrival Time,,,,,,,1,
2021,8,80326,Colorado,2,1,1,1,1,1,1,35,DOUGLAS (35),0,NOT APPLICABLE,29,29,7,July,2021,5,Thursday,21,9:00pm-9:59pm,8,8,1,This section IS ON the NHS,2,Urban,1,Interstate,1,State Highway Agency,1,Interstate,I-25,,1891,1891,39.48083333,39.48083333,-104.872511110,-104.872511110,0,No Special Jurisdiction,8,Pedestrian,0,The First Harmful Event was Not a Collision with a Motor Vehicle in Transport,0,No,1,Non-Junction,1,Not an Intersection,0,None,,,1,On Roadway,2,Dark - Not Lighted,,,,,1,Clear,0,No,0000000,Not Applicable,99,Unknown,99,Unknown,99,Unknown EMS Scene Arrival Hour,99,Unknown EMS Scene Arrival Minutes,88,"Not Applicable (Not Transported) ",88,Not Applicable (Not Transported),,,,,,,1,
2021,8,80327,Colorado,1,1,0,0,0,1,1,45,GARFIELD (45),0,NOT APPLICABLE,29,29,7,July,2021,5,Thursday,22,10:00pm-10:59pm,30,30,1,This section IS ON the NHS,1,Rural,1,Interstate,1,State Highway Agency,1,Interstate,I-70,,706,706,39.41058056,39.41058056,-108.097241670,-108.097241670,0,No Special Jurisdiction,31,"Post, Pole or Other Supports",0,The First Harmful Event was Not a Collision with a Motor Vehicle in Transport,0,No,1,Non-Junction,1,Not an Intersection,0,None,,,3,On Median,2,Dark - Not Lighted,,,,,2,Rain,0,No,0000000,Not Applicable,99,Unknown,99,Unknown,99,Unknown EMS Scene Arrival Hour,99,Unknown EMS Scene Arrival Minutes,88,"Not Applicable (Not Transported) ",88,Not Applicable (Not Transported),,,,,,,1,
2021,8,80328,Colorado,1,1,0,0,0,1,1,59,JEFFERSON (59),0,NOT APPLICABLE,30,30,7,July,2021,6,Friday,18,6:00pm-6:59pm,42,42,0,This section IS NOT on the NHS,1,Rural,6,Minor Collector,2,County Highway Agency,4,County Road,CR-PLEASANT PARK RD,,0,None,39.50166667,39.50166667,-105.245888890,-105.245888890,0,No Special Jurisdiction,1,Rollover/Overturn,0,The First Harmful Event was Not a Collision with a Motor Vehicle in Transport,0,No,1,Non-Junction,1,Not an Intersection,0,None,,,4,On Roadside,1,Daylight,,,,,1,Clear,0,No,0000000,Not Applicable,18,6:00pm-6:59pm,43,43,18,6:00pm-6:59pm,52,52,88,"Not Applicable (Not Transported) ",88,Not Applicable (Not Transported),,,,,,,1,
2021,8,80329,Colorado,2,2,0,0,0,3,3,41,EL PASO (41),0,NOT APPLICABLE,30,30,7,July,2021,6,Friday,22,10:00pm-10:59pm,54,54,0,This section IS NOT on the NHS,1,Rural,4,Minor Arterial,1,State Highway Agency,3,State Highway,SR-94,CR-ELLICOTT HWY,171,171,38.83829722,38.83829722,-104.387172220,-104.387172220,0,No Special Jurisdiction,12,Motor Vehicle In-Transport,6,Angle,0,No,2,Intersection,2,Four-Way Intersection,0,None,,,1,On Roadway,2,Dark - Not Lighted,,,,,1,Clear,0,No,0000000,Not Applicable,22,10:00pm-10:59pm,54,54,99,Unknown EMS Scene Arrival Hour,99,Unknown EMS Scene Arrival Minutes,88,"Not Applicable (Not Transported) ",88,Not Applicable (Not Transported),,,,,,,1,
2021,8,80330,Colorado,2,2,0,0,0,3,3,31,DENVER (31),600,DENVER,26,26,7,July,2021,2,Monday,2,2:00am-2:59am,27,27,1,This section IS ON the NHS,2,Urban,3,Principal Arterial - Other,4,City or Municipal Highway Agency,6,Local Street - Municipality,W 6TH AVE,N KALAMATH ST,0,None,39.72570000,39.72570000,-105.000361110,-105.000361110,0,No Special Jurisdiction,12,Motor Vehicle In-Transport,1,Front-to-Rear,0,No,3,Intersection-Related,2,Four-Way Intersection,0,None,,,1,On Roadway,3,Dark - Lighted,,,,,98,Not Reported,0,No,0000000,Not Applicable,2,2:00am-2:59am,27,27,2,2:00am-2:59am,33,33,2,2:00am-2:59am,53,53,,,,,,,1,
2021,8,80331,Colorado,2,2,0,0,0,4,4,31,DENVER (31),600,DENVER,28,28,7,July,2021,4,Wednesday,18,6:00pm-6:59pm,43,43,1,This section IS ON the NHS,2,Urban,3,Principal Arterial - Other,1,State Highway Agency,3,State Highway,SR-95   S SHERIDAN BLVD,,11,11,39.66921111,39.66921111,-105.053188890,-105.053188890,0,No Special Jurisdiction,12,Motor Vehicle In-Transport,2,Front-to-Front,0,No,1,Non-Junction,1,Not an Intersection,0,None,,,1,On Roadway,1,Daylight,,,,,98,Not Reported,0,No,0000000,Not Applicable,18,6:00pm-6:59pm,44,44,18,6:00pm-6:59pm,51,51,19,7:00pm-7:59pm,9,9,,,,,,,2,
2021,8,80332,Colorado,1,1,0,0,0,1,1,123,WELD (123),2580,WINDSOR,31,31,7,July,2021,7,Saturday,1,1:00am-1:59am,2,2,0,This section IS NOT on the NHS,2,Urban,4,Minor Arterial,1,State Highway Agency,3,State Highway,SR-257,EASTMAN PARK DR,96,96,40.46526389,40.46526389,-104.889052780,-104.889052780,0,No Special Jurisdiction,46,Traffic Signal Support,0,The First Harmful Event was Not a Collision with a Motor Vehicle in Transport,0,No,3,Intersection-Related,2,Four-Way Intersection,0,None,,,4,On Roadside,3,Dark - Lighted,,,,,2,Rain,0,No,0000000,Not Applicable,1,1:00am-1:59am,2,2,1,1:00am-1:59am,7,7,88,"Not Applicable (Not Transported) ",88,Not Applicable (Not Transported),,,,,,,1,
2021,8,80333,Colorado,2,2,0,0,0,3,3,5,ARAPAHOE (5),1520,LITTLETON,20,20,7,July,2021,3,Tuesday,10,10:00am-10:59am,36,36,1,This section IS ON the NHS,2,Urban,3,Principal Arterial - Other,1,State Highway Agency,3,State Highway,SR-88   W BELLEVIEW AVE,S PRINCE ST,82,82,39.62402778,39.62402778,-105.020833330,-105.020833330,0,No Special Jurisdiction,12,Motor Vehicle In-Transport,6,Angle,0,No,2,Intersection,2,Four-Way Intersection,0,None,,,1,On Roadway,1,Daylight,,,,,1,Clear,0,No,0000000,Not Applicable,10,10:00am-10:59am,36,36,10,10:00am-10:59am,42,42,10,10:00am-10:59am,59,59,,,,,,,1,