caseyear,state,st_case,statename,ve_total,ve_forms,pvh_invl,peds,pernotmvit,permvit,persons,county,countyname,city,cityname,day,dayname,month,monthname,year,day_week,day_weekname,hour,hourname,minute,minutename,nhs,nhsname,rur_urb,rur_urbname,func_sys,func_sysname,rd_owner,rd_ownername,route,routename,tway_id,tway_id2,milept,mileptname,latitude,latitudename,longitud,longitudname,sp_jur,sp_jurname,harm_ev,harm_evname,man_coll,man_collname,reljct1,reljct1name,reljct2,reljct2name,typ_int,typ_intname,wrk_zone,wrk_zonename,road_fnc,road_fncname,rel_road,rel_roadname,lgt_cond,lgt_condname,weather1,weather1name,weather2,weather2name,weather,weathername,sch_bus,sch_busname,rail,railname,not_hour,not_hourname,not_min,not_minname,arr_hour,arr_hourname,arr_min,arr_minname,hosp_hr,hosp_hrname,hosp_mn,hosp_mnname,cf1,cf1name,cf2,cf2name,cf3,cf3name,fatals,drunk_dr
2021,8,80370,Colorado,4,4,0,0,0,7,7,41,EL PASO (41),0,NOT APPLICABLE,22,22,8,August,2021,1,Sunday,11,11:00am-11:59am,4,4,1,This section IS ON the NHS,1,Rural,3,Principal Arterial - Other,1,State Highway Agency,2,U.S. Highway,US-24,,3327,3327,39.02617222,39.02617222,-104.426041670,-104.426041670,0,No Special Jurisdiction,12,Motor Vehicle In-Transport,2,Front-to-Front,0,No,1,Non-Junction,1,Not an Intersection,0,None,,,1,On Roadway,1,Daylight,,,,,1,Clear,0,No,0000000,Not Applicable,99,Unknown,99,Unknown,99,Unknown EMS Scene Arrival Hour,99,Unknown EMS Scene Arrival Minutes,99,Unknown,99,Unknown EMS Hospital Arrival Time,,,,,,,1,
2021,8,80371,Colorado,1,1,0,1,1,1,1,87,MORGAN (87),2558,WIGGINS,5,5,8,August,2021,5,Thursday,21,9:00pm-9:59pm,40,40,0,This section IS NOT on the NHS,1,Rural,6,Minor Collector,1,State Highway Agency,2,U.S. Highway,US-6   CENTRAL AVE,,3446,3446,40.23277222,40.23277222,-104.078244440,-104.078244440,0,No Special Jurisdiction,8,Pedestrian,0,The First Harmful Event was Not a Collision with a Motor Vehicle in Transport,0,No,1,Non-Junction,1,Not an Intersection,0,None,,,1,On Roadway,2,Dark - Not Lighted,,,,,1,Clear,0,No,0000000,Not Applicable,21,9:00pm-9:59pm,44,44,21,9:00pm-9:59pm,47,47,22,10:00pm-10:59pm,32,32,,,,,,,1,
2021,8,80372,Colorado,1,1,0,0,0,2,2,5,ARAPAHOE (5),110,AURORA,23,23,8,August,2021,2,Monday,2,2:00am-2:59am,41,41,0,This section IS NOT on the NHS,2,Urban,4,Minor Arterial,4,City or Municipal Highway Agency,6,Local Street - Municipality,E HAMPDEN AVE,,0,None,39.65288333,39.65288333,-104.771183330,-104.771183330,0,No Special Jurisdiction,33,Curb,0,The First Harmful Event was Not a Collision with a Motor Vehicle in Transport,0,No,1,Non-Junction,1,Not an Intersection,0,None,,,4,On Roadside,3,Dark - Lighted,,,,,1,Clear,0,No,0000000,Not Applicable,2,2:00am-2:59am,42,42,2,2:00am-2:59am,46,46,3,3:00am-3:59am,1,1,,,,,,,1,
2021,8,80373,Colorado,1,1,0,0,0,2,2,89,OTERO (89),1410,LA JUNTA,23,23,8,August,2021,2,Monday,21,9:00pm-9:59pm,24,24,1,This section IS ON the NHS,2,Urban,3,Principal Arterial - Other,1,State Highway Agency,2,U.S. Highway,US-50,,3770,3770,37.99883333,37.99883333,-103.587194440,-103.587194440,0,No Special Jurisdiction,24,Guardrail Face,0,The First Harmful Event was Not a Collision with a Motor Vehicle in Transport,0,No,1,Non-Junction,1,Not an Intersection,0,None,,,4,On Roadside,3,Dark - Lighted,,,,,1,Clear,0,No,0000000,Not Applicable,21,9:00pm-9:59pm,27,27,21,9:00pm-9:59pm,32,32,99,Unknown,99,Unknown EMS Hospital Arrival Time,,,,,,,1,
2021,8,80374,Colorado,1,1,0,0,0,1,1,123,WELD (123),0,NOT APPLICABLE,24,24,8,August,2021,3,Tuesday,2,2:00am-2:59am,31,31,1,This section IS ON the NHS,1,Rural,1,Interstate,1,State Highway Agency,1,Interstate,I-25,,2956,2956,40.95311667,40.95311667,-104.923569440,-104.923569440,0,No Special Jurisdiction,35,Embankment,0,The First Harmful Event was Not a Collision with a Motor Vehicle in Transport,0,No,1,Non-Junction,1,Not an Intersection,0,None,,,4,On Roadside,2,Dark - Not Lighted,,,,,1,Clear,0,No,0000000,Not Applicable,2,2:00am-2:59am,38,38,2,2:00am-2:59am,55,55,88,"Not Applicable (Not Transported) ",88,Not Applicable (Not Transported),,,,,,,1,
2021,8,80375,Colorado,4,4,0,0,0,4,4,41,EL PASO (41),430,COLORADO SPRINGS,4,4,8,August,2021,4,Wednesday,15,3:00pm-3:59pm,52,52,1,This section IS ON the NHS,2,Urban,2,Principal Arterial - Other Freeways and Expressways,1,State Highway Agency,3,State Highway,SR-21,,1436,1436,38.86661111,38.86661111,-104.720083330,-104.720083330,0,No Special Jurisdiction,12,Motor Vehicle In-Transport,7,Sideswipe - Same Direction,0,No,1,Non-Junction,1,Not an Intersection,0,None,,,1,On Roadway,1,Daylight,,,,,1,Clear,0,No,0000000,Not Applicable,15,3:00pm-3:59pm,52,52,15,3:00pm-3:59pm,57,57,99,Unknown,99,Unknown EMS Hospital Arrival Time,,,,,,,1,
2021,8,80376,Colorado,1,1,0,0,0,2,2,35,DOUGLAS (35),0,NOT APPLICABLE,21,21,8,August,2021,7,Saturday,11,11:00am-11:59am,40,40,1,This section IS ON the NHS,1,Rural,3,Principal Arterial - Other,1,State Highway Agency,3,State Highway,SR-83,,392,392,39.24301944,39.24301944,-104.697261110,-104.697261110,0,No Special Jurisdiction,32,Culvert,0,The First Harmful Event was Not a Collision with a Motor Vehicle in Transport,0,No,1,Non-Junction,1,Not an Intersection,0,None,,,4,On Roadside,1,Daylight,,,,,1,Clear,0,No,0000000,Not Applicable,11,11:00am-11:59am,43,43,11,11:00am-11:59am,48,48,12,12:00pm-12:59pm,29,29,,,,,,,1,
2021,8,80377,Colorado,1,1,0,1,1,1,1,5,ARAPAHOE (5),110,AURORA,26,26,8,August,2021,5,Thursday,5,5:00am-5:59am,36,36,0,This section IS NOT on the NHS,2,Urban,4,Minor Arterial,4,City or Municipal Highway Agency,6,Local Street - Municipality,S TOWER RD,E DARTMOUTH AVE,0,None,39.65703889,39.65703889,-104.772583330,-104.772583330,0,No Special Jurisdiction,8,Pedestrian,0,The First Harmful Event was Not a Collision with a Motor Vehicle in Transport,0,No,3,Intersection-Related,2,Four-Way Intersection,0,None,,,1,On Roadway,3,Dark - Lighted,,,,,1,Clear,0,No,0000000,Not Applicable,5,5:00am-5:59am,38,38,5,5:00am-5:59am,42,42,88,"Not Applicable (Not Transported) ",88,Not Applicable (Not Transported),,,,,,,1,
2021,8,80378,Colorado,2,2,0,0,0,6,6,59,JEFFERSON (59),0,NOT APPLICABLE,26,26,8,August,2021,5,Thursday,15,3:00pm-3:59pm,40,40,1,This section IS ON the NHS,1,Rural,3,Principal Arterial - Other,1,State Highway Agency,2,U.S. Highway,US-285,,2320,2320,39.48879444,39.48879444,-105.355941670,-105.355941670,0,No Special Jurisdiction,12,Motor Vehicle In-Transport,2,Front-to-Front,0,No,1,Non-Junction,1,Not an Intersection,0,None,,,1,On Roadway,1,Daylight,,,,,1,Clear,0,No,0000000,Not Applicable,15,3:00pm-3:59pm,40,40,15,3:00pm-3:59pm,42,42,16,4:00pm-4:59pm,15,15,,,,,,,3,
2021,8,80379,Colorado,3,3,0,0,0,3,3,1,ADAMS (1),434,COMMERCE CITY,27,27,8,August,2021,6,Friday,5,5:00am-5:59am,22,22,1,This section IS ON the NHS,2,Urban,3,Principal Arterial - Other,4,City or Municipal Highway Agency,6,Local Street - Municipality,TOWER RD,,0,None,39.85876389,39.85876389,-104.771969440,-104.771969440,0,No Special Jurisdiction,42,Tree (Standing Only),0,The First Harmful Event was Not a Collision with a Motor Vehicle in Transport,0,No,1,Non-Junction,1,Not an Intersection,0,None,,,3,On Median,4,Dawn,,,,,1,Clear,0,No,0000000,Not Applicable,5,5:00am-5:59am,22,22,5,5:00am-5:59am,24,24,88,"Not Applicable (Not Transported) ",88,Not Applicable (Not Transported),,,,,,,1,
2021,8,80380,Colorado,1,1,0,0,0,4,4,1,ADAMS (1),230,BRIGHTON,28,28,8,August,2021,7,Saturday,7,7:00am-7:59am,30,30,1,This section IS ON the NHS,2,Urban,1,Interstate,1,State Highway Agency,1,Interstate,I-76,,220,220,39.96767222,39.96767222,-104.755944440,-104.755944440,0,No Special Jurisdiction,1,Rollover/Overturn,0,The First Harmful Event was Not a Collision with a Motor Vehicle in Transport,0,No,1,Non-Junction,1,Not an Intersection,0,None,,,4,On Roadside,1,Daylight,,,,,1,Clear,0,No,0000000,Not Applicable,7,7:00am-7:59am,32,32,7,7:00am-7:59am,36,36,8,8:00am-8:59am,35,35,,,,,,,2,
2021,8,80381,Colorado,1,1,0,0,0,3,3,55,HUERFANO (55),0,NOT APPLICABLE,28,28,8,August,2021,7,Saturday,15,3:00pm-3:59pm,15,15,0,This section IS NOT on the NHS,1,Rural,7,Local,2,County Highway Agency,4,County Road,CR-650,,0,None,37.82150000,37.82150000,-104.841280560,-104.841280560,0,No Special Jurisdiction,1,Rollover/Overturn,0,The First Harmful Event was Not a Collision with a Motor Vehicle in Transport,0,No,1,Non-Junction,1,Not an Intersection,0,None,,,4,On Roadside,1,Daylight,,,,,1,Clear,0,No,0000000,Not Applicable,15,3:00pm-3:59pm,25,25,15,3:00pm-3:59pm,36,36,16,4:00pm-4:59pm,48,48,,,,,,,1,
2021,8,80382,Colorado,2,2,0,0,0,2,2,31,DENVER (31),600,DENVER,27,27,8,August,2021,6,Friday,21,9:00pm-9:59pm,17,17,0,This section IS NOT on the NHS,2,Urban,4,Minor Arterial,4,City or Municipal Highway Agency,6,Local Street - Municipality,E 56TH AVE,N IRELAND ST,0,None,39.79834444,39.79834444,-104.753311110,-104.753311110,0,No Special Jurisdiction,12,Motor Vehicle In-Transport,6,Angle,0,No,2,Intersection,2,Four-Way Intersection,0,None,,,1,On Roadway,3,Dark - Lighted,,,,,10,Cloudy,0,No,0000000,Not Applicable,21,9:00pm-9:59pm,17,17,21,9:00pm-9:59pm,21,21,88,"Not Applicable (Not Transported) ",88,Not Applicable (Not Transported),,,,,,,1,
2021,8,80383,Colorado,1,1,0,0,0,2,2,3,ALAMOSA (3),0,NOT APPLICABLE,15,15,8,August,2021,1,Sunday,21,9:00pm-9:59pm,6,6,0,This section IS NOT on the NHS,1,Rural,5,Major Collector,1,State Highway Agency,3,State Highway,SR-370,,110,110,37.42967778,37.42967778,-105.947222220,-105.947222220,0,No Special Jurisdiction,34,Ditch,0,The First Harmful Event was Not a Collision with a Motor Vehicle in Transport,0,No,1,Non-Junction,1,Not an Intersection,0,None,,,4,On Roadside,2,Dark - Not Lighted,,,,,1,Clear,0,No,0000000,Not Applicable,99,Unknown,99,Unknown,99,Unknown EMS Scene Arrival Hour,99,Unknown EMS Scene Arrival Minutes,99,Unknown,99,Unknown EMS Hospital Arrival Time,,,,,,,1,
2021,8,80384,Colorado,1,1,0,0,0,1,1,79,MINERAL (79),0,NOT APPLICABLE,26,26,8,August,2021,5,Thursday,16,4:00pm-4:59pm,0,0,0,This section IS NOT on the NHS,1,Rural,6,Minor Collector,2,County Highway Agency,4,County Road,CR-504,,0,None,37.87083333,37.87083333,-106.941555560,-106.941555560,0,No Special Jurisdiction,1,Rollover/Overturn,0,The First Harmful Event was Not a Collision with a Motor Vehicle in Transport,0,No,1,Non-Junction,1,Not an Intersection,0,None,,,4,On Roadside,1,Daylight,,,,,1,Clear,0,No,0000000,Not Applicable,17,5:00pm-5:59pm,22,22,17,5:00pm-5:59pm,44,44,88,"Not Applicable (Not Transported) ",88,Not Applicable (Not Transported),,,,,,,1,
2021,8,80385,Colorado,2,2,0,0,0,3,3,1,ADAMS (1),230,BRIGHTON,29,29,8,August,2021,1,Sunday,14,2:00pm-2:59pm,46,46,0,This section IS NOT on the NHS,2,Urban,7,Local,4,City or Municipal Highway Agency,6,Local Street - Municipality,PEORIA ST,E 114TH AVE,0,None,39.90367222,39.90367222,-104.846611110,-104.846611110,0,No Special Jurisdiction,12,Motor Vehicle In-Transport,6,Angle,0,No,2,Intersection,3,T-Intersection,0,None,,,1,On Roadway,1,Daylight,,,,,1,Clear,0,No,0000000,Not Applicable,14,2:00pm-2:59pm,47,47,14,2:00pm-2:59pm,54,54,15,3:00pm-3:59pm,18,18,,,,,,,1,
2021,8,80386,Colorado,1,1,0,1,1,1,1,31,DENVER (31),600,DENVER,30,30,8,August,2021,2,Monday,15,3:00pm-3:59pm,52,52,0,This section IS NOT on the NHS,2,Urban,7,Local,4,City or Municipal Highway Agency,6,Local Street - Municipality,S RARITAN ST,,0,None,39.69702778,39.69702778,-105.009388890,-105.009388890,0,No Special Jurisdiction,8,Pedestrian,0,The First Harmful Event was Not a Collision with a Motor Vehicle in Transport,0,No,8,Driveway Access Related,1,Not an Intersection,0,None,,,1,On Roadway,1,Daylight,,,,,1,Clear,0,No,0000000,Not Applicable,15,3:00pm-3:59pm,52,52,15,3:00pm-3:59pm,59,59,16,4:00pm-4:59pm,7,7,,,,,,,1,
2021,8,80387,Colorado,1,1,0,0,0,1,1,41,EL PASO (41),0,NOT APPLICABLE,30,30,8,August,2021,2,Monday,18,6:00pm-6:59pm,0,0,0,This section IS NOT on the NHS,1,Rural,5,Major Collector,2,County Highway Agency,4,County Road,CR-HOLTWOOD RD,,0,None,38.87888889,38.87888889,-104.055361110,-104.055361110,0,No Special Jurisdiction,38,Fence,0,The First Harmful Event was Not a Collision with a Motor Vehicle in Transport,0,No,1,Non-Junction,1,Not an Intersection,0,None,,,5,Outside Trafficway,1,Daylight,,,,,1,Clear,0,No,0000000,Not Applicable,99,Unknown,99,Unknown,99,Unknown EMS Scene Arrival Hour,99,Unknown EMS Scene Arrival Minutes,88,"Not Applicable (Not Transported) ",88,Not Applicable (Not Transported),,,,,,,1,
2021,8,80388,Colorado,1,1,0,0,0,1,1,93,PARK (93),0,NOT APPLICABLE,22,22,8,August,2021,1,Sunday,13,1:00pm-1:59pm,10,10,0,This section IS NOT on the NHS,1,Rural,4,Minor Arterial,1,State Highway Agency,3,State Highway,SR-9,,329,329,38.85869167,38.85869167,-105.654166670,-105.654166670,0,No Special Jurisdiction,1,Rollover/Overturn,0,The First Harmful Event was Not a Collision with a Motor Vehicle in Transport,0,No,1,Non-Junction,1,Not an Intersection,0,None,,,1,On Roadway,1,Daylight,,,,,1,Clear,0,No,0000000,Not Applicable,13,1:00pm-1:59pm,13,13,13,1:00pm-1:59pm,33,33,14,2:00pm-2:59pm,40,40,,,,,,,1,
2021,8,80389,Colorado,1,1,0,0,0,1,1,41,EL PASO (41),430,COLORADO SPRINGS,1,1,8,August,2021,1,Sunday,14,2:00pm-2:59pm,35,35,1,This section IS ON the NHS,2,Urban,1,Interstate,1,State Highway Agency,1,Interstate,I-25,,1424,1424,38.84306111,38.84306111,-104.829900000,-104.829900000,0,No Special Jurisdiction,52,Guardrail End,0,The First Harmful Event was Not a Collision with a Motor Vehicle in Transport,0,No,1,Non-Junction,1,Not an Intersection,0,None,,,4,On Roadside,1,Daylight,,,,,1,Clear,0,No,0000000,Not Applicable,14,2:00pm-2:59pm,37,37,14,2:00pm-2:59pm,43,43,88,"Not Applicable (Not Transported) ",88,Not Applicable (Not Transported),,,,,,,1,
2021,8,80390,Colorado,1,1,0,1,1,1,1,41,EL PASO (41),430,COLORADO SPRINGS,11,11,8,August,2021,4,Wednesday,9,9:00am-9:59am,33,33,1,This section IS ON the NHS,2,Urban,3,Principal Arterial - Other,4,City or Municipal Highway Agency,6,Local Street - Municipality,N ACADEMY BLVD,,0,None,38.86477222,38.86477222,-104.757280560,-104.757280560,0,No Special Jurisdiction,8,Pedestrian,0,The First Harmful Event was Not a Collision with a Motor Vehicle in Transport,0,No,1,Non-Junction,1,Not an Intersection,0,None,,,1,On Roadway,1,Daylight,,,,,1,Clear,0,No,0000000,Not Applicable,9,9:00am-9:59am,33,33,9,9:00am-9:59am,36,36,9,9:00am-9:59am,54,54,,,,,,,1,
2021,8,80391,Colorado,2,2,0,0,0,3,3,41,EL PASO (41),430,COLORADO SPRINGS,14,14,8,August,2021,7,Saturday,22,10:00pm-10:59pm,9,9,1,This section IS ON the NHS,2,Urban,3,Principal Arterial - Other,4,City or Municipal Highway Agency,6,Local Street - Municipality,STETSON HILLS BLVD,CHARLOTTE PKWY,0,None,38.90981667,38.90981667,-104.710680560,-104.710680560,0,No Special Jurisdiction,12,Motor Vehicle In-Transport,6,Angle,0,No,2,Intersection,2,Four-Way Intersection,0,None,,,1,On Roadway,3,Dark - Lighted,,,,,2,Rain,0,No,0000000,Not Applicable,22,10:00pm-10:59pm,9,9,22,10:00pm-10:59pm,17,17,99,Unknown,99,Unknown EMS Hospital Arrival Time,,,,,,,1,
2021,8,80392,Colorado,2,2,0,0,0,2,2,41,EL PASO (41),430,COLORADO SPRINGS,17,17,8,August,2021,3,Tuesday,10,10:00am-10:59am,11,11,1,This section IS ON the NHS,2,Urban,3,Principal Arterial - Other,4,City or Municipal Highway Agency,6,Local Street - Municipality,N ACADEMY BLVD,ALPINE PL,0,None,38.86580556,38.86580556,-104.757255560,-104.757255560,0,No Special Jurisdiction,12,Motor Vehicle In-Transport,7,Sideswipe - Same Direction,0,No,3,Intersection-Related,3,T-Intersection,0,None,,,1,On Roadway,1,Daylight,,,,,1,Clear,0,No,0000000,Not Applicable,10,10:00am-10:59am,11,11,10,10:00am-10:59am,16,16,88,"Not Applicable (Not Transported) ",88,Not Applicable (Not Transported),,,,,,,1,
2021,8,80393,Colorado,1,1,0,0,0,1,1,1,ADAMS (1),2427,THORNTON,17,17,8,August,2021,3,Tuesday,22,10:00pm-10:59pm,0,0,1,This section IS ON the NHS,2,Urban,3,Principal Arterial - Other,4,City or Municipal Highway Agency,6,Local Street - Municipality,WASHINGTON ST,E 84TH AVE,0,None,39.84910278,39.84910278,-104.978111110,-104.978111110,0,No Special Jurisdiction,1,Rollover/Overturn,0,The First Harmful Event was Not a Collision with a Motor Vehicle in Transport,0,No,2,Intersection,2,Four-Way Intersection,0,None,,,1,On Roadway,3,Dark - Lighted,,,,,1,Clear,0,No,0000000,Not Applicable,22,10:00pm-10:59pm,4,4,22,10:00pm-10:59pm,8,8,22,10:00pm-10:59pm,27,27,,,,,,,1,
2021,8,80394,Colorado,1,1,0,1,1,1,1,41,EL PASO (41),430,COLORADO SPRINGS,24,24,8,August,2021,3,Tuesday,11,11:00am-11:59am,7,7,0,This section IS NOT on the NHS,2,Urban,7,Local,4,City or Municipal Highway Agency,6,Local Street - Municipality,ST VRAIN ST,IOWA ST,0,None,38.83966667,38.83966667,-104.790144440,-104.790144440,0,No Special Jurisdiction,9,Pedalcyclist,0,The First Harmful Event was Not a Collision with a Motor Vehicle in Transport,0,No,2,Intersection,2,Four-Way Intersection,0,None,,,1,On Roadway,1,Daylight,,,,,1,Clear,0,No,0000000,Not Applicable,11,11:00am-11:59am,8,8,11,11:00am-11:59am,13,13,88,"Not Applicable (Not Transported) ",88,Not Applicable (Not Transported),,,,,,,1,
2021,8,80395,Colorado,1,1,0,1,1,1,1,41,EL PASO (41),430,COLORADO SPRINGS,25,25,8,August,2021,4,Wednesday,6,6:00am-6:59am,40,40,0,This section IS NOT on the NHS,2,Urban,4,Minor Arterial,4,City or Municipal Highway Agency,6,Local Street - Municipality,W UINTAH ST,,0,None,38.84802778,38.84802778,-104.847061110,-104.847061110,0,No Special Jurisdiction,8,Pedestrian,0,The First Harmful Event was Not a Collision with a Motor Vehicle in Transport,0,No,1,Non-Junction,1,Not an Intersection,0,None,,,1,On Roadway,1,Daylight,,,,,1,Clear,0,No,0000000,Not Applicable,6,6:00am-6:59am,40,40,6,6:00am-6:59am,44,44,6,6:00am-6:59am,59,59,,,,,,,1,
2021,8,80396,Colorado,2,2,0,0,0,2,2,41,EL PASO (41),430,COLORADO SPRINGS,28,28,8,August,2021,7,Saturday,21,9:00pm-9:59pm,42,42,1,This section IS ON the NHS,2,Urban,3,Principal Arterial - Other,4,City or Municipal Highway Agency,6,Local Street - Municipality,N ACADEMY BLVD,PARKMOOR VILLAGE DR,0,None,38.87693333,38.87693333,-104.757105560,-104.757105560,0,No Special Jurisdiction,12,Motor Vehicle In-Transport,6,Angle,0,No,2,Intersection,2,Four-Way Intersection,0,None,,,1,On Roadway,3,Dark - Lighted,,,,,1,Clear,0,No,0000000,Not Applicable,21,9:00pm-9:59pm,44,44,21,9:00pm-9:59pm,47,47,22,10:00pm-10:59pm,3,3,,,,,,,1,
2021,8,80397,Colorado,1,1,0,0,0,2,2,41,EL PASO (41),430,COLORADO SPRINGS,29,29,8,August,2021,1,Sunday,0,0:00am-0:59am,29,29,1,This section IS ON the NHS,2,Urban,3,Principal Arterial - Other,4,City or Municipal Highway Agency,6,Local Street - Municipality,N UNION BLVD,,0,None,38.88277778,38.88277778,-104.790761110,-104.790761110,0,No Special Jurisdiction,33,Curb,0,The First Harmful Event was Not a Collision with a Motor Vehicle in Transport,0,No,1,Non-Junction,1,Not an Intersection,0,None,,,3,On Median,3,Dark - Lighted,,,,,1,Clear,0,No,0000000,Not Applicable,0,0:00am-0:59am,31,31,0,0:00am-0:59am,35,35,99,Unknown,99,Unknown EMS Hospital Arrival Time,,,,,,,1,
2021,8,80398,Colorado,1,1,0,0,0,1,1,31,DENVER (31),600,DENVER,24,24,8,August,2021,3,Tuesday,23,11:00pm-11:59pm,45,45,1,This section IS ON the NHS,2,Urban,3,Principal Arterial - Other,1,State Highway Agency,2,U.S. Highway,US-40   W COLFAX AVE,,2980,2980,39.74006667,39.74006667,-104.989655560,-104.989655560,0,No Special Jurisdiction,33,Curb,0,The First Harmful Event was Not a Collision with a Motor Vehicle in Transport,0,No,1,Non-Junction,1,Not an Intersection,0,None,,,4,On Roadside,3,Dark - Lighted,,,,,98,Not Reported,0,No,0000000,Not Applicable,23,11:00pm-11:59pm,46,46,23,11:00pm-11:59pm,47,47,88,"Not Applicable (Not Transported) ",88,Not Applicable (Not Transported),,,,,,,1,
2021,8,80399,Colorado,3,2,1,0,0,3,3,31,DENVER (31),600,DENVER,19,19,8,August,2021,5,Thursday,7,7:00am-7:59am,51,51,0,This section IS NOT on the NHS,2,Urban,5,Major Collector,4,City or Municipal Highway Agency,6,Local Street - Municipality,W 17TH AVE,N IRVING ST,0,None,39.74396667,39.74396667,-105.029933330,-105.029933330,0,No Special Jurisdiction,12,Motor Vehicle In-Transport,6,Angle,0,No,2,Intersection,2,Four-Way Intersection,0,None,,,1,On Roadway,1,Daylight,,,,,1,Clear,0,No,0000000,Not Applicable,99,Unknown,99,Unknown,99,Unknown EMS Scene Arrival Hour,99,Unknown EMS Scene Arrival Minutes,99,Unknown,99,Unknown EMS Hospital Arrival Time,,,,,,,1,
2021,8,80400,Colorado,2,1,1,0,0,1,1,1,ADAMS (1),110,AURORA,27,27,8,August,2021,6,Friday,23,11:00pm-11:59pm,5,5,0,This section IS NOT on the NHS,2,Urban,7,Local,4,City or Municipal Highway Agency,6,Local Street - Municipality,E MLK BLVD,,0,None,39.75468889,39.75468889,-104.849555560,-104.849555560,0,No Special Jurisdiction,14,Parked Motor Vehicle,0,The First Harmful Event was Not a Collision with a Motor Vehicle in Transport,0,No,1,Non-Junction,1,Not an Intersection,0,None,,,7,In Parking Lane/Zone,3,Dark - Lighted,,,,,98,Not Reported,0,No,0000000,Not Applicable,23,11:00pm-11:59pm,5,5,23,11:00pm-11:59pm,5,5,88,"Not Applicable (Not Transported) ",88,Not Applicable (Not Transported),,,,,,,1,
2021,8,80401,Colorado,3,3,0,0,0,4,4,5,ARAPAHOE (5),1520,LITTLETON,9,9,8,August,2021,2,Monday,19,7:00pm-7:59pm,12,12,1,This section IS ON the NHS,2,Urban,3,Principal Arterial - Other,4,City or Municipal Highway Agency,6,Local Street - Municipality,W BOWLES AVE,,0,None,39.61303333,39.61303333,-105.025883330,-105.025883330,0,No Special Jurisdiction,12,Motor Vehicle In-Transport,7,Sideswipe - Same Direction,0,No,1,Non-Junction,1,Not an Intersection,0,None,,,1,On Roadway,1,Daylight,,,,,1,Clear,0,No,0000000,Not Applicable,19,7:00pm-7:59pm,14,14,19,7:00pm-7:59pm,17,17,19,7:00pm-7:59pm,37,37,,,,,,,1,
2021,8,80402,Colorado,2,2,0,0,0,4,4,101,PUEBLO (101),0,NOT APPLICABLE,2,2,9,September,2021,5,Thursday,19,7:00pm-7:59pm,35,35,1,This section IS ON the NHS,2,Urban,2,Principal Arterial - Other Freeways and Expressways,1,State Highway Agency,2,U.S. Highway,US-50,,3236,3236,38.27555556,38.27555556,-104.469200000,-104.469200000,0,No Special Jurisdiction,12,Motor Vehicle In-Transport,2,Front-to-Front,0,No,1,Non-Junction,1,Not an Intersection,0,None,,,1,On Roadway,2,Dark - Not Lighted,,,,,1,Clear,0,No,0000000,Not Applicable,19,7:00pm-7:59pm,38,38,99,Unknown EMS Scene Arrival Hour,99,Unknown EMS Scene Arrival Minutes,99,Unknown,99,Unknown EMS Hospital Arrival Time,,,,,,,1,
2021,8,80403,Colorado,2,2,0,0,0,3,3,31,DENVER (31),600,DENVER,2,2,9,September,2021,5,Thursday,19,7:00pm-7:59pm,48,48,1,This section IS ON the NHS,2,Urban,3,Principal Arterial - Other,4,City or Municipal Highway Agency,6,Local Street - Municipality,E 6TH AVE,N DOWNING ST,0,None,39.72557778,39.72557778,-104.972927780,-104.972927780,0,No Special Jurisdiction,12,Motor Vehicle In-Transport,6,Angle,0,No,2,Intersection,2,Four-Way Intersection,0,None,,,1,On Roadway,5,Dusk,,,,,98,Not Reported,0,No,0000000,Not Applicable,19,7:00pm-7:59pm,52,52,19,7:00pm-7:59pm,55,55,20,8:00pm-8:59pm,18,18,,,,,,,1,
2021,8,80404,Colorado,1,1,0,1,1,4,4,77,MESA (77),0,NOT APPLICABLE,3,3,9,September,2021,6,Friday,16,4:00pm-4:59pm,15,15,1,This section IS ON the NHS,1,Rural,1,Interstate,1,State Highway Agency,1,Interstate,I-70,,449,449,39.13753056,39.13753056,-108.319236110,-108.319236110,0,No Special Jurisdiction,8,Pedestrian,0,The First Harmful Event was Not a Collision with a Motor Vehicle in Transport,0,No,1,Non-Junction,1,Not an Intersection,0,None,,,1,On Roadway,1,Daylight,,,,,1,Clear,0,No,0000000,Not Applicable,99,Unknown,99,Unknown,99,Unknown EMS Scene Arrival Hour,99,Unknown EMS Scene Arrival Minutes,99,Unknown,99,Unknown EMS Hospital Arrival Time,,,,,,,1,
2021,8,80405,Colorado,2,2,0,0,0,2,2,41,EL PASO (41),430,COLORADO SPRINGS,2,2,9,September,2021,5,Thursday,13,1:00pm-1:59pm,7,7,1,This section IS ON the NHS,2,Urban,3,Principal Arterial - Other,4,City or Municipal Highway Agency,6,Local Street - Municipality,AUSTIN BLUFFS PKWY,REGENT CIR,0,None,38.89140556,38.89140556,-104.802050000,-104.802050000,0,No Special Jurisdiction,12,Motor Vehicle In-Transport,6,Angle,0,No,2,Intersection,3,T-Intersection,0,None,,,1,On Roadway,1,Daylight,,,,,1,Clear,0,No,0000000,Not Applicable,13,1:00pm-1:59pm,8,8,13,1:00pm-1:59pm,13,13,13,1:00pm-1:59pm,25,25,,,,,,,1,
2021,8,80406,Colorado,1,1,0,1,1,1,1,1,ADAMS (1),110,AURORA,7,7,9,September,2021,3,Tuesday,23,11:00pm-11:59pm,51,51,1,This section IS ON the NHS,2,Urban,3,Principal Arterial - Other,1,State Highway Agency,2,U.S. Highway,US-40   E COLFAX AVE,N AKRON ST,3037,3037,39.74020833,39.74020833,-104.883511110,-104.883511110,0,No Special Jurisdiction,8,Pedestrian,0,The First Harmful Event was Not a Collision with a Motor Vehicle in Transport,0,No,2,Intersection,2,Four-Way Intersection,0,None,,,1,On Roadway,3,Dark - Lighted,,,,,10,Cloudy,0,No,0000000,Not Applicable,23,11:00pm-11:59pm,56,56,0,0:00am-0:59am,2,2,0,0:00am-0:59am,10,10,,,,,,,1,