caseyear,state,st_case,statename,ve_total,ve_forms,pvh_invl,peds,pernotmvit,permvit,persons,county,countyname,city,cityname,day,dayname,month,monthname,year,day_week,day_weekname,hour,hourname,minute,minutename,nhs,nhsname,rur_urb,rur_urbname,func_sys,func_sysname,rd_owner,rd_ownername,route,routename,tway_id,tway_id2,milept,mileptname,latitude,latitudename,longitud,longitudname,sp_jur,sp_jurname,harm_ev,harm_evname,man_coll,man_collname,reljct1,reljct1name,reljct2,reljct2name,typ_int,typ_intname,wrk_zone,wrk_zonename,road_fnc,road_fncname,rel_road,rel_roadname,lgt_cond,lgt_condname,weather1,weather1name,weather2,weather2name,weather,weathername,sch_bus,sch_busname,rail,railname,not_hour,not_hourname,not_min,not_minname,arr_hour,arr_hourname,arr_min,arr_minname,hosp_hr,hosp_hrname,hosp_mn,hosp_mnname,cf1,cf1name,cf2,cf2name,cf3,cf3name,fatals,drunk_dr
2021,8,80442,Colorado,1,1,0,0,0,1,1,19,CLEAR CREEK (19),0,NOT APPLICABLE,28,28,9,September,2021,3,Tuesday,19,7:00pm-7:59pm,55,55,1,This section IS ON the NHS,1,Rural,3,Principal Arterial - Other,1,State Highway Agency,2,U.S. Highway,US-40,,2446,2446,39.78788333,39.78788333,-105.794747220,-105.794747220,0,No Special Jurisdiction,25,Concrete Traffic Barrier,0,The First Harmful Event was Not a Collision with a Motor Vehicle in Transport,0,No,1,Non-Junction,1,Not an Intersection,0,None,,,4,On Roadside,2,Dark - Not Lighted,,,,,10,Cloudy,0,No,0000000,Not Applicable,19,7:00pm-7:59pm,55,55,20,8:00pm-8:59pm,16,16,88,"Not Applicable (Not Transported) ",88,Not Applicable (Not Transported),,,,,,,1,
2021,8,80443,Colorado,2,2,0,0,0,2,2,35,DOUGLAS (35),0,NOT APPLICABLE,29,29,9,September,2021,4,Wednesday,10,10:00am-10:59am,36,36,1,This section IS ON the NHS,2,Urban,1,Interstate,1,State Highway Agency,1,Interstate,I-25,,1885,1885,39.47165833,39.47165833,-104.872738890,-104.872738890,0,No Special Jurisdiction,12,Motor Vehicle In-Transport,6,Angle,1,Yes,18,Through Roadway,1,Not an Intersection,0,None,,,1,On Roadway,1,Daylight,,,,,1,Clear,0,No,0000000,Not Applicable,10,10:00am-10:59am,37,37,10,10:00am-10:59am,42,42,10,10:00am-10:59am,53,53,,,,,,,1,
2021,8,80444,Colorado,2,2,0,0,0,3,3,49,GRAND (49),0,NOT APPLICABLE,29,29,9,September,2021,4,Wednesday,14,2:00pm-2:59pm,15,15,0,This section IS NOT on the NHS,1,Rural,4,Minor Arterial,1,State Highway Agency,3,State Highway,SR-9,,1328,1328,39.98578333,39.98578333,-106.358169440,-106.358169440,0,No Special Jurisdiction,12,Motor Vehicle In-Transport,8,Sideswipe - Opposite Direction,0,No,1,Non-Junction,1,Not an Intersection,0,None,,,1,On Roadway,1,Daylight,,,,,1,Clear,0,No,0000000,Not Applicable,99,Unknown,99,Unknown,99,Unknown EMS Scene Arrival Hour,99,Unknown EMS Scene Arrival Minutes,99,Unknown,99,Unknown EMS Hospital Arrival Time,,,,,,,1,
2021,8,80445,Colorado,1,1,0,0,0,1,1,65,LAKE (65),0,NOT APPLICABLE,30,30,9,September,2021,5,Thursday,22,10:00pm-10:59pm,46,46,1,This section IS ON the NHS,2,Urban,3,Principal Arterial - Other,1,State Highway Agency,2,U.S. Highway,US-24,,1723,1723,39.27923333,39.27923333,-106.323458330,-106.323458330,0,No Special Jurisdiction,24,Guardrail Face,0,The First Harmful Event was Not a Collision with a Motor Vehicle in Transport,0,No,1,Non-Junction,1,Not an Intersection,0,None,,,4,On Roadside,2,Dark - Not Lighted,,,,,1,Clear,0,No,0000000,Not Applicable,99,Unknown,99,Unknown,99,Unknown EMS Scene Arrival Hour,99,Unknown EMS Scene Arrival Minutes,88,"Not Applicable (Not Transported) ",88,Not Applicable (Not Transported),,,,,,,1,
2021,8,80446,Colorado,2,2,0,0,0,2,2,59,JEFFERSON (59),1000,GOLDEN,2,2,9,September,2021,5,Thursday,13,1:00pm-1:59pm,22,22,0,This section IS NOT on the NHS,2,Urban,4,Minor Arterial,1,State Highway Agency,2,U.S. Highway,US-40   W COLFAX AVE,,2852,2852,39.70980833,39.70980833,-105.204713890,-105.204713890,0,No Special Jurisdiction,12,Motor Vehicle In-Transport,11,"Other ",0,No,8,Driveway Access Related,1,Not an Intersection,0,None,,,1,On Roadway,1,Daylight,,,,,1,Clear,0,No,0000000,Not Applicable,13,1:00pm-1:59pm,25,25,13,1:00pm-1:59pm,29,29,88,"Not Applicable (Not Transported) ",88,Not Applicable (Not Transported),,,,,,,1,
2021,8,80447,Colorado,2,2,0,0,0,5,5,101,PUEBLO (101),2050,PUEBLO,3,3,9,September,2021,6,Friday,22,10:00pm-10:59pm,24,24,1,This section IS ON the NHS,2,Urban,1,Interstate,1,State Highway Agency,1,Interstate,I-25 RAMP C,,1000,1000,38.28805556,38.28805556,-104.605883330,-104.605883330,0,No Special Jurisdiction,24,Guardrail Face,0,The First Harmful Event was Not a Collision with a Motor Vehicle in Transport,1,Yes,5,Entrance/Exit Ramp Related,1,Not an Intersection,0,None,,,8,Gore,3,Dark - Lighted,,,,,2,Rain,0,No,0000000,Not Applicable,22,10:00pm-10:59pm,35,35,22,10:00pm-10:59pm,40,40,22,10:00pm-10:59pm,45,45,,,,,,,1,
2021,8,80448,Colorado,3,3,0,0,0,3,3,77,MESA (77),1040,GRAND JUNCTION,27,27,9,September,2021,2,Monday,16,4:00pm-4:59pm,2,2,0,This section IS NOT on the NHS,2,Urban,4,Minor Arterial,1,State Highway Agency,2,U.S. Highway,US-6   NORTH AVE,29 1/2 RD,341,341,39.07736111,39.07736111,-108.505661110,-108.505661110,0,No Special Jurisdiction,12,Motor Vehicle In-Transport,1,Front-to-Rear,0,No,3,Intersection-Related,3,T-Intersection,0,None,,,1,On Roadway,1,Daylight,,,,,1,Clear,0,No,0000000,Not Applicable,16,4:00pm-4:59pm,2,2,16,4:00pm-4:59pm,8,8,88,"Not Applicable (Not Transported) ",88,Not Applicable (Not Transported),,,,,,,1,
2021,8,80449,Colorado,1,1,0,0,0,1,1,41,EL PASO (41),430,COLORADO SPRINGS,18,18,9,September,2021,7,Saturday,22,10:00pm-10:59pm,17,17,0,This section IS NOT on the NHS,2,Urban,5,Major Collector,4,City or Municipal Highway Agency,6,Local Street - Municipality,S DELTA DR,,0,None,38.79604444,38.79604444,-104.777500000,-104.777500000,0,No Special Jurisdiction,1,Rollover/Overturn,0,The First Harmful Event was Not a Collision with a Motor Vehicle in Transport,0,No,1,Non-Junction,1,Not an Intersection,0,None,,,1,On Roadway,3,Dark - Lighted,,,,,1,Clear,0,No,0000000,Not Applicable,22,10:00pm-10:59pm,17,17,22,10:00pm-10:59pm,26,26,88,"Not Applicable (Not Transported) ",88,Not Applicable (Not Transported),,,,,,,1,
2021,8,80450,Colorado,1,1,0,1,1,1,1,31,DENVER (31),600,DENVER,27,27,9,September,2021,2,Monday,2,2:00am-2:59am,32,32,1,This section IS ON the NHS,2,Urban,3,Principal Arterial - Other,4,City or Municipal Highway Agency,6,Local Street - Municipality,N BROADWAY ST,E 3RD AVE,0,None,39.72094444,39.72094444,-104.987488890,-104.987488890,0,No Special Jurisdiction,15,Non-Motorist on Personal Conveyance,0,The First Harmful Event was Not a Collision with a Motor Vehicle in Transport,0,No,2,Intersection,2,Four-Way Intersection,0,None,,,1,On Roadway,3,Dark - Lighted,,,,,1,Clear,0,No,0000000,Not Applicable,99,Unknown,99,Unknown,99,Unknown EMS Scene Arrival Hour,99,Unknown EMS Scene Arrival Minutes,88,"Not Applicable (Not Transported) ",88,Not Applicable (Not Transported),,,,,,,1,
2021,8,80451,Colorado,1,1,0,0,0,1,1,31,DENVER (31),600,DENVER,27,27,9,September,2021,2,Monday,9,9:00am-9:59am,57,57,0,This section IS NOT on the NHS,2,Urban,5,Major Collector,4,City or Municipal Highway Agency,6,Local Street - Municipality,E CORNELL AVE,,0,None,39.66051111,39.66051111,-104.906211110,-104.906211110,0,No Special Jurisdiction,33,Curb,0,The First Harmful Event was Not a Collision with a Motor Vehicle in Transport,0,No,1,Non-Junction,1,Not an Intersection,0,None,,,4,On Roadside,1,Daylight,,,,,98,Not Reported,0,No,0000000,Not Applicable,9,9:00am-9:59am,58,58,10,10:00am-10:59am,4,4,10,10:00am-10:59am,24,24,,,,,,,1,
2021,8,80452,Colorado,2,2,0,0,0,4,4,31,DENVER (31),600,DENVER,8,8,9,September,2021,4,Wednesday,12,12:00pm-12:59pm,25,25,0,This section IS NOT on the NHS,2,Urban,4,Minor Arterial,1,State Highway Agency,3,State Highway,SR-265   N BRIGHTON BLVD,I-70 ON-RAMP   E 46TH AVE,1,1,39.78091111,39.78091111,-104.967138890,-104.967138890,0,No Special Jurisdiction,12,Motor Vehicle In-Transport,1,Front-to-Rear,1,Yes,3,Intersection-Related,2,Four-Way Intersection,1,Construction,,,1,On Roadway,1,Daylight,,,,,98,Not Reported,0,No,0000000,Not Applicable,12,12:00pm-12:59pm,42,42,12,12:00pm-12:59pm,42,42,13,1:00pm-1:59pm,6,6,,,,,,,1,
2021,8,80453,Colorado,1,1,0,1,1,1,1,13,BOULDER (13),1530,LONGMONT,18,18,9,September,2021,7,Saturday,7,7:00am-7:59am,57,57,0,This section IS NOT on the NHS,2,Urban,5,Major Collector,4,City or Municipal Highway Agency,6,Local Street - Municipality,CLOVER BASIN DR,,0,None,40.14335833,40.14335833,-105.153436110,-105.153436110,0,No Special Jurisdiction,9,Pedalcyclist,0,The First Harmful Event was Not a Collision with a Motor Vehicle in Transport,0,No,1,Non-Junction,1,Not an Intersection,0,None,,,1,On Roadway,1,Daylight,,,,,1,Clear,0,No,0000000,Not Applicable,99,Unknown,99,Unknown,99,Unknown EMS Scene Arrival Hour,99,Unknown EMS Scene Arrival Minutes,99,Unknown,99,Unknown EMS Hospital Arrival Time,,,,,,,1,
2021,8,80454,Colorado,1,1,0,1,1,1,1,31,DENVER (31),600,DENVER,13,13,9,September,2021,2,Monday,19,7:00pm-7:59pm,25,25,1,This section IS ON the NHS,2,Urban,3,Principal Arterial - Other,1,State Highway Agency,2,U.S. Highway,US-40   W COLFAX AVE,COURT PL,2979,2979,39.74010278,39.74010278,-104.991550000,-104.991550000,0,No Special Jurisdiction,9,Pedalcyclist,0,The First Harmful Event was Not a Collision with a Motor Vehicle in Transport,0,No,3,Intersection-Related,2,Four-Way Intersection,0,None,,,1,On Roadway,5,Dusk,,,,,98,Not Reported,0,No,0000000,Not Applicable,19,7:00pm-7:59pm,27,27,19,7:00pm-7:59pm,31,31,19,7:00pm-7:59pm,43,43,,,,,,,1,
2021,8,80455,Colorado,1,1,0,1,1,0,0,49,GRAND (49),908,FRASER,15,15,9,September,2021,4,Wednesday,20,8:00pm-8:59pm,47,47,0,This section IS NOT on the NHS,1,Rural,7,Local,3,Town or Township Highway Agency,5,Local Street - Township,FRASER AVE,,0,None,39.94763889,39.94763889,-105.816713890,-105.816713890,0,No Special Jurisdiction,8,Pedestrian,0,The First Harmful Event was Not a Collision with a Motor Vehicle in Transport,0,No,1,Non-Junction,1,Not an Intersection,0,None,,,1,On Roadway,2,Dark - Not Lighted,,,,,1,Clear,0,No,0000000,Not Applicable,20,8:00pm-8:59pm,50,50,20,8:00pm-8:59pm,54,54,21,9:00pm-9:59pm,39,39,,,,,,,1,
2021,8,80456,Colorado,2,2,0,0,0,2,2,1,ADAMS (1),800,FEDERAL HEIGHTS,28,28,6,June,2021,2,Monday,19,7:00pm-7:59pm,36,36,1,This section IS ON the NHS,2,Urban,3,Principal Arterial - Other,1,State Highway Agency,2,U.S. Highway,US-287   FEDERAL BLVD,CASCADE DR,2919,2919,39.87219444,39.87219444,-105.025175000,-105.025175000,0,No Special Jurisdiction,12,Motor Vehicle In-Transport,6,Angle,0,No,2,Intersection,3,T-Intersection,0,None,,,1,On Roadway,3,Dark - Lighted,,,,,1,Clear,0,No,0000000,Not Applicable,19,7:00pm-7:59pm,36,36,19,7:00pm-7:59pm,36,36,88,"Not Applicable (Not Transported) ",88,Not Applicable (Not Transported),,,,,,,1,
2021,8,80457,Colorado,1,1,0,0,0,1,1,77,MESA (77),0,NOT APPLICABLE,24,24,6,June,2021,5,Thursday,0,0:00am-0:59am,0,0,0,This section IS NOT on the NHS,2,Urban,7,Local,2,County Highway Agency,4,County Road,CR-GRAND VALLEY CANAL RD,,0,None,39.09071111,39.09071111,-108.406361110,-108.406361110,0,No Special Jurisdiction,3,Immersion or Partial Immersion,0,The First Harmful Event was Not a Collision with a Motor Vehicle in Transport,0,No,1,Non-Junction,1,Not an Intersection,0,None,,,4,On Roadside,2,Dark - Not Lighted,,,,,1,Clear,0,No,0000000,Not Applicable,99,Unknown,99,Unknown,99,Unknown EMS Scene Arrival Hour,99,Unknown EMS Scene Arrival Minutes,88,"Not Applicable (Not Transported) ",88,Not Applicable (Not Transported),,,,,,,1,
2021,8,80458,Colorado,2,2,0,0,0,2,2,101,PUEBLO (101),2050,PUEBLO,18,18,7,July,2021,1,Sunday,20,8:00pm-8:59pm,18,18,0,This section IS NOT on the NHS,2,Urban,4,Minor Arterial,4,City or Municipal Highway Agency,6,Local Street - Municipality,W NORTHERN AVE,S PRAIRIE AVE,0,None,38.24398056,38.24398056,-104.643813890,-104.643813890,0,No Special Jurisdiction,12,Motor Vehicle In-Transport,6,Angle,0,No,2,Intersection,2,Four-Way Intersection,0,None,,,1,On Roadway,5,Dusk,,,,,1,Clear,0,No,0000000,Not Applicable,20,8:00pm-8:59pm,18,18,20,8:00pm-8:59pm,21,21,20,8:00pm-8:59pm,44,44,,,,,,,1,
2021,8,80459,Colorado,2,2,0,1,1,1,1,1,ADAMS (1),1771,NORTHGLENN,23,23,8,August,2021,2,Monday,2,2:00am-2:59am,33,33,1,This section IS ON the NHS,2,Urban,1,Interstate,1,State Highway Agency,1,Interstate,I-25,,2208,2208,39.88203611,39.88203611,-104.987772220,-104.987772220,0,No Special Jurisdiction,12,Motor Vehicle In-Transport,7,Sideswipe - Same Direction,0,No,1,Non-Junction,1,Not an Intersection,0,None,,,1,On Roadway,3,Dark - Lighted,,,,,1,Clear,0,No,0000000,Not Applicable,2,2:00am-2:59am,34,34,2,2:00am-2:59am,39,39,2,2:00am-2:59am,49,49,,,,,,,1,
2021,8,80460,Colorado,1,1,0,0,0,1,1,101,PUEBLO (101),2050,PUEBLO,17,17,10,October,2021,1,Sunday,2,2:00am-2:59am,2,2,0,This section IS NOT on the NHS,2,Urban,4,Minor Arterial,4,City or Municipal Highway Agency,6,Local Street - Municipality,W NORTHERN AVE,,0,None,38.24399444,38.24399444,-104.619166670,-104.619166670,0,No Special Jurisdiction,33,Curb,0,The First Harmful Event was Not a Collision with a Motor Vehicle in Transport,0,No,1,Non-Junction,1,Not an Intersection,0,None,,,4,On Roadside,3,Dark - Lighted,,,,,1,Clear,0,No,0000000,Not Applicable,2,2:00am-2:59am,3,3,2,2:00am-2:59am,5,5,88,"Not Applicable (Not Transported) ",88,Not Applicable (Not Transported),,,,,,,1,
2021,8,80461,Colorado,1,1,0,0,0,1,1,5,ARAPAHOE (5),0,NOT APPLICABLE,1,1,10,October,2021,6,Friday,0,0:00am-0:59am,58,58,1,This section IS ON the NHS,2,Urban,1,Interstate,1,State Highway Agency,1,Interstate,I-70,,2890,2890,39.74020833,39.74020833,-104.718475000,-104.718475000,0,No Special Jurisdiction,25,Concrete Traffic Barrier,0,The First Harmful Event was Not a Collision with a Motor Vehicle in Transport,1,Yes,19,Other location within Interchange Area,1,Not an Intersection,0,None,,,3,On Median,2,Dark - Not Lighted,,,,,1,Clear,0,No,0000000,Not Applicable,99,Unknown,99,Unknown,99,Unknown EMS Scene Arrival Hour,99,Unknown EMS Scene Arrival Minutes,99,Unknown,99,Unknown EMS Hospital Arrival Time,,,,,,,1,
2021,8,80462,Colorado,1,1,0,0,0,5,5,69,LARIMER (69),0,NOT APPLICABLE,1,1,10,October,2021,6,Friday,18,6:00pm-6:59pm,40,40,1,This section IS ON the NHS,1,Rural,1,Interstate,1,State Highway Agency,1,Interstate,I-25,,2871,2871,40.83506944,40.83506944,-104.968619440,-104.968619440,0,No Special Jurisdiction,32,Culvert,0,The First Harmful Event was Not a Collision with a Motor Vehicle in Transport,0,No,1,Non-Junction,1,Not an Intersection,0,None,,,4,On Roadside,2,Dark - Not Lighted,,,,,10,Cloudy,0,No,0000000,Not Applicable,18,6:00pm-6:59pm,40,40,18,6:00pm-6:59pm,52,52,99,Unknown,99,Unknown EMS Hospital Arrival Time,,,,,,,3,
2021,8,80463,Colorado,2,2,0,0,0,2,2,5,ARAPAHOE (5),110,AURORA,1,1,10,October,2021,6,Friday,20,8:00pm-8:59pm,26,26,1,This section IS ON the NHS,2,Urban,3,Principal Arterial - Other,1,State Highway Agency,3,State Highway,SR-30   N HAVANA ST,HANOVER WAY,77,77,39.72395556,39.72395556,-104.866047220,-104.866047220,0,No Special Jurisdiction,12,Motor Vehicle In-Transport,6,Angle,0,No,2,Intersection,2,Four-Way Intersection,0,None,,,1,On Roadway,3,Dark - Lighted,,,,,1,Clear,0,No,0000000,Not Applicable,20,8:00pm-8:59pm,26,26,20,8:00pm-8:59pm,28,28,20,8:00pm-8:59pm,37,37,,,,,,,1,
2021,8,80464,Colorado,3,3,0,0,0,4,4,123,WELD (123),0,NOT APPLICABLE,1,1,10,October,2021,6,Friday,21,9:00pm-9:59pm,35,35,1,This section IS ON the NHS,2,Urban,3,Principal Arterial - Other,1,State Highway Agency,2,U.S. Highway,US-85,CR-AA ST,2715,2715,40.46645556,40.46645556,-104.697066670,-104.697066670,0,No Special Jurisdiction,12,Motor Vehicle In-Transport,6,Angle,0,No,2,Intersection,2,Four-Way Intersection,0,None,,,1,On Roadway,2,Dark - Not Lighted,,,,,1,Clear,0,No,0000000,Not Applicable,99,Unknown,99,Unknown,99,Unknown EMS Scene Arrival Hour,99,Unknown EMS Scene Arrival Minutes,99,Unknown,99,Unknown EMS Hospital Arrival Time,,,,,,,1,
2021,8,80465,Colorado,2,2,0,0,0,2,2,67,LA PLATA (67),0,NOT APPLICABLE,3,3,10,October,2021,1,Sunday,19,7:00pm-7:59pm,5,5,1,This section IS ON the NHS,1,Rural,3,Principal Arterial - Other,1,State Highway Agency,2,U.S. Highway,US-550,,316,316,37.40765000,37.40765000,-107.838877780,-107.838877780,0,No Special Jurisdiction,12,Motor Vehicle In-Transport,2,Front-to-Front,0,No,1,Non-Junction,1,Not an Intersection,0,None,,,2,On Shoulder,5,Dusk,,,,,1,Clear,0,No,0000000,Not Applicable,19,7:00pm-7:59pm,10,10,19,7:00pm-7:59pm,21,21,19,7:00pm-7:59pm,52,52,,,,,,,1,
2021,8,80466,Colorado,2,1,1,0,1,1,2,1,ADAMS (1),434,COMMERCE CITY,4,4,10,October,2021,2,Monday,19,7:00pm-7:59pm,20,20,0,This section IS NOT on the NHS,2,Urban,7,Local,4,City or Municipal Highway Agency,6,Local Street - Municipality,HEINZ WAY,,0,None,39.86498611,39.86498611,-104.877352780,-104.877352780,0,No Special Jurisdiction,1,Rollover/Overturn,0,The First Harmful Event was Not a Collision with a Motor Vehicle in Transport,0,No,1,Non-Junction,1,Not an Intersection,0,None,,,1,On Roadway,3,Dark - Lighted,,,,,1,Clear,0,No,0000000,Not Applicable,19,7:00pm-7:59pm,20,20,19,7:00pm-7:59pm,24,24,88,"Not Applicable (Not Transported) ",88,Not Applicable (Not Transported),,,,,,,1,
2021,8,80467,Colorado,1,1,0,0,0,2,2,79,MINERAL (79),0,NOT APPLICABLE,2,2,10,October,2021,7,Saturday,8,8:00am-8:59am,45,45,0,This section IS NOT on the NHS,1,Rural,6,Minor Collector,11,"State Park, Forest, or Reservation Agency",4,County Road,CR-PARK CREEK RD,,15,15,37.57560000,37.57560000,-106.730222220,-106.730222220,0,No Special Jurisdiction,1,Rollover/Overturn,0,The First Harmful Event was Not a Collision with a Motor Vehicle in Transport,0,No,1,Non-Junction,1,Not an Intersection,0,None,,,4,On Roadside,1,Daylight,,,,,1,Clear,0,No,0000000,Not Applicable,99,Unknown,99,Unknown,99,Unknown EMS Scene Arrival Hour,99,Unknown EMS Scene Arrival Minutes,88,"Not Applicable (Not Transported) ",88,Not Applicable (Not Transported),,,,,,,2,
2021,8,80468,Colorado,1,1,0,0,0,1,1,13,BOULDER (13),1530,LONGMONT,6,6,10,October,2021,4,Wednesday,0,0:00am-0:59am,30,30,1,This section IS ON the NHS,2,Urban,3,Principal Arterial - Other,1,State Highway Agency,2,U.S. Highway,US-287,,3159,3159,40.16798889,40.16798889,-105.102522220,-105.102522220,0,No Special Jurisdiction,33,Curb,0,The First Harmful Event was Not a Collision with a Motor Vehicle in Transport,0,No,1,Non-Junction,1,Not an Intersection,0,None,,,3,On Median,3,Dark - Lighted,,,,,1,Clear,0,No,0000000,Not Applicable,0,0:00am-0:59am,34,34,0,0:00am-0:59am,39,39,88,"Not Applicable (Not Transported) ",88,Not Applicable (Not Transported),,,,,,,1,
2021,8,80469,Colorado,2,2,0,0,0,2,2,59,JEFFERSON (59),1435,LAKEWOOD,5,5,10,October,2021,3,Tuesday,19,7:00pm-7:59pm,50,50,1,This section IS ON the NHS,2,Urban,3,Principal Arterial - Other,1,State Highway Agency,3,State Highway,SR-95   S SHERIDAN BLVD,,11,11,39.66900000,39.66900000,-105.053311110,-105.053311110,0,No Special Jurisdiction,12,Motor Vehicle In-Transport,1,Front-to-Rear,0,No,1,Non-Junction,1,Not an Intersection,0,None,,,1,On Roadway,3,Dark - Lighted,,,,,1,Clear,0,No,0000000,Not Applicable,19,7:00pm-7:59pm,50,50,19,7:00pm-7:59pm,57,57,20,8:00pm-8:59pm,8,8,,,,,,,1,
2021,8,80470,Colorado,2,2,0,0,0,2,2,31,DENVER (31),600,DENVER,6,6,10,October,2021,4,Wednesday,0,0:00am-0:59am,48,48,1,This section IS ON the NHS,2,Urban,1,Interstate,1,State Highway Agency,1,Interstate,I-25,,2089,2089,39.72191111,39.72191111,-105.009083330,-105.009083330,0,No Special Jurisdiction,12,Motor Vehicle In-Transport,1,Front-to-Rear,1,Yes,18,Through Roadway,1,Not an Intersection,0,None,,,1,On Roadway,3,Dark - Lighted,,,,,98,Not Reported,0,No,0000000,Not Applicable,0,0:00am-0:59am,49,49,0,0:00am-0:59am,55,55,88,"Not Applicable (Not Transported) ",88,Not Applicable (Not Transported),,,,,,,1,
2021,8,80471,Colorado,1,1,0,1,1,1,1,31,DENVER (31),600,DENVER,27,27,10,October,2021,4,Wednesday,4,4:00am-4:59am,50,50,1,This section IS ON the NHS,2,Urban,3,Principal Arterial - Other,4,City or Municipal Highway Agency,6,Local Street - Municipality,N PEORIA ST,E 45TH AVE,0,None,39.77793333,39.77793333,-104.847138890,-104.847138890,0,No Special Jurisdiction,8,Pedestrian,0,The First Harmful Event was Not a Collision with a Motor Vehicle in Transport,0,No,3,Intersection-Related,2,Four-Way Intersection,0,None,,,1,On Roadway,3,Dark - Lighted,,,,,98,Not Reported,0,No,0000000,Not Applicable,99,Unknown,99,Unknown,99,Unknown EMS Scene Arrival Hour,99,Unknown EMS Scene Arrival Minutes,99,Unknown,99,Unknown EMS Hospital Arrival Time,,,,,,,1,
2021,8,80472,Colorado,1,1,0,1,1,1,1,1,ADAMS (1),0,NOT APPLICABLE,7,7,10,October,2021,5,Thursday,7,7:00am-7:59am,32,32,0,This section IS NOT on the NHS,1,Rural,7,Local,2,County Highway Agency,4,County Road,CR-E 32ND AVE,,0,None,39.75999167,39.75999167,-104.387027780,-104.387027780,0,No Special Jurisdiction,8,Pedestrian,0,The First Harmful Event was Not a Collision with a Motor Vehicle in Transport,0,No,1,Non-Junction,1,Not an Intersection,0,None,,,1,On Roadway,1,Daylight,,,,,1,Clear,0,No,0000000,Not Applicable,99,Unknown,99,Unknown,99,Unknown EMS Scene Arrival Hour,99,Unknown EMS Scene Arrival Minutes,88,"Not Applicable (Not Transported) ",88,Not Applicable (Not Transported),,,,,,,1,
2021,8,80473,Colorado,2,2,0,0,0,2,2,55,HUERFANO (55),0,NOT APPLICABLE,8,8,10,October,2021,6,Friday,11,11:00am-11:59am,30,30,0,This section IS NOT on the NHS,1,Rural,4,Minor Arterial,1,State Highway Agency,3,State Highway,SR-69,,345,345,37.83540833,37.83540833,-105.307227780,-105.307227780,0,No Special Jurisdiction,12,Motor Vehicle In-Transport,2,Front-to-Front,0,No,1,Non-Junction,1,Not an Intersection,0,None,,,1,On Roadway,1,Daylight,,,,,1,Clear,0,No,0000000,Not Applicable,99,Unknown,99,Unknown,99,Unknown EMS Scene Arrival Hour,99,Unknown EMS Scene Arrival Minutes,99,Unknown,99,Unknown EMS Hospital Arrival Time,,,,,,,1,
2021,8,80474,Colorado,1,1,0,0,0,1,1,109,SAGUACHE (109),0,NOT APPLICABLE,8,8,10,October,2021,6,Friday,11,11:00am-11:59am,55,55,1,This section IS ON the NHS,1,Rural,3,Principal Arterial - Other,1,State Highway Agency,2,U.S. Highway,US-285,,918,918,38.10339444,38.10339444,-106.047258330,-106.047258330,0,No Special Jurisdiction,31,"Post, Pole or Other Supports",0,The First Harmful Event was Not a Collision with a Motor Vehicle in Transport,0,No,1,Non-Junction,1,Not an Intersection,0,None,,,4,On Roadside,1,Daylight,,,,,1,Clear,0,No,0000000,Not Applicable,99,Unknown,99,Unknown,99,Unknown EMS Scene Arrival Hour,99,Unknown EMS Scene Arrival Minutes,88,"Not Applicable (Not Transported) ",88,Not Applicable (Not Transported),,,,,,,1,
2021,8,80475,Colorado,2,2,0,0,0,2,2,87,MORGAN (87),0,NOT APPLICABLE,8,8,10,October,2021,6,Friday,16,4:00pm-4:59pm,4,4,0,This section IS NOT on the NHS,1,Rural,6,Minor Collector,2,County Highway Agency,4,County Road,CR-24,,0,None,40.30310000,40.30310000,-103.696561110,-103.696561110,0,No Special Jurisdiction,12,Motor Vehicle In-Transport,2,Front-to-Front,0,No,1,Non-Junction,1,Not an Intersection,0,None,,,1,On Roadway,1,Daylight,,,,,10,Cloudy,0,No,0000000,Not Applicable,16,4:00pm-4:59pm,0,0,16,4:00pm-4:59pm,11,11,99,Unknown,99,Unknown EMS Hospital Arrival Time,,,,,,,1,
2021,8,80476,Colorado,2,2,0,0,0,2,2,77,MESA (77),0,NOT APPLICABLE,9,9,10,October,2021,7,Saturday,18,6:00pm-6:59pm,53,53,1,This section IS ON the NHS,1,Rural,1,Interstate,1,State Highway Agency,1,Interstate,I-70,,464,464,39.15248056,39.15248056,-108.303150000,-108.303150000,0,No Special Jurisdiction,12,Motor Vehicle In-Transport,2,Front-to-Front,0,No,1,Non-Junction,1,Not an Intersection,0,None,,,1,On Roadway,5,Dusk,,,,,1,Clear,0,No,0000000,Not Applicable,18,6:00pm-6:59pm,55,55,19,7:00pm-7:59pm,10,10,19,7:00pm-7:59pm,51,51,,,,,,,1,
2021,8,80477,Colorado,1,1,0,0,0,1,1,1,ADAMS (1),0,NOT APPLICABLE,10,10,10,October,2021,1,Sunday,0,0:00am-0:59am,50,50,0,This section IS NOT on the NHS,2,Urban,4,Minor Arterial,2,County Highway Agency,4,County Road,CR-LOWELL BLVD,,0,None,39.81494444,39.81494444,-105.034616670,-105.034616670,0,No Special Jurisdiction,1,Rollover/Overturn,0,The First Harmful Event was Not a Collision with a Motor Vehicle in Transport,0,No,1,Non-Junction,1,Not an Intersection,0,None,,,1,On Roadway,3,Dark - Lighted,,,,,1,Clear,0,No,0000000,Not Applicable,99,Unknown,99,Unknown,99,Unknown EMS Scene Arrival Hour,99,Unknown EMS Scene Arrival Minutes,88,"Not Applicable (Not Transported) ",88,Not Applicable (Not Transported),,,,,,,1,