caseyear,state,st_case,statename,ve_total,ve_forms,pvh_invl,peds,pernotmvit,permvit,persons,county,countyname,city,cityname,day,dayname,month,monthname,year,day_week,day_weekname,hour,hourname,minute,minutename,nhs,nhsname,rur_urb,rur_urbname,func_sys,func_sysname,rd_owner,rd_ownername,route,routename,tway_id,tway_id2,milept,mileptname,latitude,latitudename,longitud,longitudname,sp_jur,sp_jurname,harm_ev,harm_evname,man_coll,man_collname,reljct1,reljct1name,reljct2,reljct2name,typ_int,typ_intname,wrk_zone,wrk_zonename,road_fnc,road_fncname,rel_road,rel_roadname,lgt_cond,lgt_condname,weather1,weather1name,weather2,weather2name,weather,weathername,sch_bus,sch_busname,rail,railname,not_hour,not_hourname,not_min,not_minname,arr_hour,arr_hourname,arr_min,arr_minname,hosp_hr,hosp_hrname,hosp_mn,hosp_mnname,cf1,cf1name,cf2,cf2name,cf3,cf3name,fatals,drunk_dr
2021,8,80514,Colorado,2,2,0,1,1,4,4,1,ADAMS (1),230,BRIGHTON,26,26,10,October,2021,3,Tuesday,11,11:00am-11:59am,45,45,1,This section IS ON the NHS,2,Urban,3,Principal Arterial - Other,4,City or Municipal Highway Agency,6,Local Street - Municipality,E BRIDGE ST,MT BIERSTADT ST,0,None,39.98683889,39.98683889,-104.756100000,-104.756100000,0,No Special Jurisdiction,12,Motor Vehicle In-Transport,6,Angle,0,No,2,Intersection,2,Four-Way Intersection,0,None,,,1,On Roadway,1,Daylight,,,,,1,Clear,0,No,0000000,Not Applicable,99,Unknown,99,Unknown,99,Unknown EMS Scene Arrival Hour,99,Unknown EMS Scene Arrival Minutes,99,Unknown,99,Unknown EMS Hospital Arrival Time,,,,,,,2,
2021,8,80515,Colorado,2,2,0,0,0,2,2,123,WELD (123),0,NOT APPLICABLE,28,28,10,October,2021,5,Thursday,16,4:00pm-4:59pm,58,58,0,This section IS NOT on the NHS,1,Rural,4,Minor Arterial,1,State Highway Agency,3,State Highway,SR-392,CR-23,1074,1074,40.47963889,40.47963889,-104.851500000,-104.851500000,0,No Special Jurisdiction,12,Motor Vehicle In-Transport,6,Angle,0,No,2,Intersection,2,Four-Way Intersection,0,None,,,1,On Roadway,1,Daylight,,,,,1,Clear,1,Yes,0000000,Not Applicable,16,4:00pm-4:59pm,59,59,17,5:00pm-5:59pm,15,15,17,5:00pm-5:59pm,45,45,,,,,,,1,
2021,8,80516,Colorado,1,1,0,0,0,1,1,101,PUEBLO (101),2050,PUEBLO,25,25,10,October,2021,2,Monday,22,10:00pm-10:59pm,43,43,1,This section IS ON the NHS,2,Urban,1,Interstate,1,State Highway Agency,1,Interstate,I-25 RAMP E,,947,947,38.21625556,38.21625556,-104.622619440,-104.622619440,0,No Special Jurisdiction,30,Utility Pole/Light Support,0,The First Harmful Event was Not a Collision with a Motor Vehicle in Transport,1,Yes,5,Entrance/Exit Ramp Related,1,Not an Intersection,0,None,,,4,On Roadside,3,Dark - Lighted,,,,,1,Clear,0,No,0000000,Not Applicable,22,10:00pm-10:59pm,47,47,22,10:00pm-10:59pm,53,53,88,"Not Applicable (Not Transported) ",88,Not Applicable (Not Transported),,,,,,,1,
2021,8,80517,Colorado,3,3,0,0,0,5,5,13,BOULDER (13),1530,LONGMONT,28,28,10,October,2021,5,Thursday,10,10:00am-10:59am,48,48,0,This section IS NOT on the NHS,2,Urban,4,Minor Arterial,4,City or Municipal Highway Agency,6,Local Street - Municipality,E 9TH AVE,PACE ST,0,None,40.17404722,40.17404722,-105.074233330,-105.074233330,0,No Special Jurisdiction,12,Motor Vehicle In-Transport,6,Angle,0,No,2,Intersection,2,Four-Way Intersection,0,None,,,1,On Roadway,1,Daylight,,,,,1,Clear,0,No,0000000,Not Applicable,10,10:00am-10:59am,48,48,10,10:00am-10:59am,52,52,10,10:00am-10:59am,52,52,,,,,,,1,
2021,8,80518,Colorado,1,1,0,0,0,1,1,31,DENVER (31),600,DENVER,4,4,10,October,2021,2,Monday,2,2:00am-2:59am,34,34,1,This section IS ON the NHS,2,Urban,3,Principal Arterial - Other,1,State Highway Agency,3,State Highway,SR-2   N COLORADO BLVD,I-70 RAMPS,87,87,39.77913889,39.77913889,-104.940875000,-104.940875000,0,No Special Jurisdiction,33,Curb,0,The First Harmful Event was Not a Collision with a Motor Vehicle in Transport,1,Yes,3,Intersection-Related,2,Four-Way Intersection,1,Construction,,,3,On Median,3,Dark - Lighted,,,,,98,Not Reported,0,No,0000000,Not Applicable,2,2:00am-2:59am,36,36,2,2:00am-2:59am,41,41,88,"Not Applicable (Not Transported) ",88,Not Applicable (Not Transported),,,,,,,1,
2021,8,80519,Colorado,1,1,0,1,1,1,1,1,ADAMS (1),110,AURORA,28,28,10,October,2021,5,Thursday,19,7:00pm-7:59pm,51,51,1,This section IS ON the NHS,2,Urban,3,Principal Arterial - Other,4,City or Municipal Highway Agency,6,Local Street - Municipality,N PEORIA ST,,0,None,39.74527778,39.74527778,-104.847075000,-104.847075000,0,No Special Jurisdiction,8,Pedestrian,0,The First Harmful Event was Not a Collision with a Motor Vehicle in Transport,0,No,1,Non-Junction,1,Not an Intersection,0,None,,,1,On Roadway,3,Dark - Lighted,,,,,1,Clear,0,No,0000000,Not Applicable,19,7:00pm-7:59pm,52,52,19,7:00pm-7:59pm,55,55,20,8:00pm-8:59pm,2,2,,,,,,,1,
2021,8,80520,Colorado,1,1,0,0,0,1,1,13,BOULDER (13),0,NOT APPLICABLE,29,29,10,October,2021,6,Friday,17,5:00pm-5:59pm,25,25,0,This section IS NOT on the NHS,1,Rural,7,Local,2,County Highway Agency,4,County Road,CR-FLAGSTAFF RD,,0,None,39.98015556,39.98015556,-105.332147220,-105.332147220,0,No Special Jurisdiction,42,Tree (Standing Only),0,The First Harmful Event was Not a Collision with a Motor Vehicle in Transport,0,No,1,Non-Junction,1,Not an Intersection,0,None,,,4,On Roadside,2,Dark - Not Lighted,,,,,1,Clear,0,No,0000000,Not Applicable,17,5:00pm-5:59pm,27,27,17,5:00pm-5:59pm,51,51,88,"Not Applicable (Not Transported) ",88,Not Applicable (Not Transported),,,,,,,1,
2021,8,80521,Colorado,2,2,0,0,0,4,4,123,WELD (123),0,NOT APPLICABLE,30,30,10,October,2021,7,Saturday,2,2:00am-2:59am,30,30,1,This section IS ON the NHS,1,Rural,3,Principal Arterial - Other,1,State Highway Agency,2,U.S. Highway,US-85,,3059,3059,40.95087222,40.95087222,-104.795591670,-104.795591670,0,No Special Jurisdiction,12,Motor Vehicle In-Transport,2,Front-to-Front,0,No,1,Non-Junction,1,Not an Intersection,0,None,,,1,On Roadway,2,Dark - Not Lighted,,,,,1,Clear,0,No,0000000,Not Applicable,2,2:00am-2:59am,30,30,2,2:00am-2:59am,52,52,88,"Not Applicable (Not Transported) ",88,Not Applicable (Not Transported),,,,,,,4,
2021,8,80522,Colorado,1,1,0,1,1,1,1,5,ARAPAHOE (5),110,AURORA,31,31,10,October,2021,1,Sunday,18,6:00pm-6:59pm,14,14,1,This section IS ON the NHS,2,Urban,3,Principal Arterial - Other,4,City or Municipal Highway Agency,6,Local Street - Municipality,S CHAMBERS RD,E HAMPDEN CIR,0,None,39.65115833,39.65115833,-104.809883330,-104.809883330,0,No Special Jurisdiction,8,Pedestrian,0,The First Harmful Event was Not a Collision with a Motor Vehicle in Transport,0,No,3,Intersection-Related,2,Four-Way Intersection,0,None,,,1,On Roadway,3,Dark - Lighted,,,,,1,Clear,0,No,0000000,Not Applicable,18,6:00pm-6:59pm,10,10,18,6:00pm-6:59pm,15,15,18,6:00pm-6:59pm,20,20,,,,,,,1,
2021,8,80523,Colorado,1,1,0,1,1,1,1,69,LARIMER (69),860,FORT COLLINS,22,22,10,October,2021,6,Friday,8,8:00am-8:59am,47,47,1,This section IS ON the NHS,2,Urban,3,Principal Arterial - Other,1,State Highway Agency,2,U.S. Highway,US-287   N COLLEGE AVE,,3481,3481,40.60847222,40.60847222,-105.076572220,-105.076572220,0,No Special Jurisdiction,8,Pedestrian,0,The First Harmful Event was Not a Collision with a Motor Vehicle in Transport,0,No,1,Non-Junction,1,Not an Intersection,0,None,,,1,On Roadway,1,Daylight,,,,,1,Clear,0,No,0000000,Not Applicable,8,8:00am-8:59am,48,48,8,8:00am-8:59am,50,50,9,9:00am-9:59am,50,50,,,,,,,1,
2021,8,80524,Colorado,1,1,0,0,0,1,1,13,BOULDER (13),0,NOT APPLICABLE,20,20,10,October,2021,4,Wednesday,17,5:00pm-5:59pm,15,15,1,This section IS ON the NHS,1,Rural,3,Principal Arterial - Other,1,State Highway Agency,3,State Highway,SR-93,SR-170,136,136,39.95321111,39.95321111,-105.232202780,-105.232202780,0,No Special Jurisdiction,1,Rollover/Overturn,0,The First Harmful Event was Not a Collision with a Motor Vehicle in Transport,0,No,3,Intersection-Related,2,Four-Way Intersection,0,None,,,1,On Roadway,1,Daylight,,,,,1,Clear,0,No,0000000,Not Applicable,17,5:00pm-5:59pm,17,17,17,5:00pm-5:59pm,21,21,17,5:00pm-5:59pm,38,38,,,,,,,1,
2021,8,80525,Colorado,2,2,0,0,0,2,2,77,MESA (77),1040,GRAND JUNCTION,29,29,10,October,2021,6,Friday,16,4:00pm-4:59pm,28,28,1,This section IS ON the NHS,2,Urban,3,Principal Arterial - Other,1,State Highway Agency,2,U.S. Highway,US-50,27 RD,338,338,39.04305556,39.04305556,-108.552344440,-108.552344440,0,No Special Jurisdiction,12,Motor Vehicle In-Transport,6,Angle,0,No,2,Intersection,2,Four-Way Intersection,0,None,,,1,On Roadway,1,Daylight,,,,,1,Clear,0,No,0000000,Not Applicable,16,4:00pm-4:59pm,28,28,16,4:00pm-4:59pm,33,33,16,4:00pm-4:59pm,45,45,,,,,,,1,
2021,8,80526,Colorado,1,1,0,1,1,1,1,101,PUEBLO (101),2050,PUEBLO,29,29,10,October,2021,6,Friday,19,7:00pm-7:59pm,13,13,0,This section IS NOT on the NHS,2,Urban,4,Minor Arterial,4,City or Municipal Highway Agency,6,Local Street - Municipality,E NORTHERN AVE,,0,None,38.24410000,38.24410000,-104.608683330,-104.608683330,0,No Special Jurisdiction,8,Pedestrian,0,The First Harmful Event was Not a Collision with a Motor Vehicle in Transport,0,No,1,Non-Junction,1,Not an Intersection,0,None,,,1,On Roadway,3,Dark - Lighted,,,,,1,Clear,0,No,0000000,Not Applicable,19,7:00pm-7:59pm,13,13,19,7:00pm-7:59pm,19,19,19,7:00pm-7:59pm,31,31,,,,,,,1,
2021,8,80527,Colorado,1,1,0,0,0,1,1,123,WELD (123),810,FIRESTONE,31,31,10,October,2021,1,Sunday,18,6:00pm-6:59pm,11,11,0,This section IS NOT on the NHS,2,Urban,5,Major Collector,4,City or Municipal Highway Agency,4,County Road,CR-18,,0,None,40.11650000,40.11650000,-104.913333330,-104.913333330,0,No Special Jurisdiction,1,Rollover/Overturn,0,The First Harmful Event was Not a Collision with a Motor Vehicle in Transport,0,No,1,Non-Junction,1,Not an Intersection,0,None,,,4,On Roadside,2,Dark - Not Lighted,,,,,1,Clear,0,No,0000000,Not Applicable,18,6:00pm-6:59pm,13,13,18,6:00pm-6:59pm,18,18,99,Unknown,99,Unknown EMS Hospital Arrival Time,,,,,,,1,
2021,8,80528,Colorado,1,1,0,0,0,1,1,31,DENVER (31),600,DENVER,5,5,10,October,2021,3,Tuesday,17,5:00pm-5:59pm,34,34,1,This section IS ON the NHS,2,Urban,3,Principal Arterial - Other,4,City or Municipal Highway Agency,6,Local Street - Municipality,N BRIGHTON BLVD,,0,None,39.76566111,39.76566111,-104.985011110,-104.985011110,0,No Special Jurisdiction,33,Curb,0,The First Harmful Event was Not a Collision with a Motor Vehicle in Transport,0,No,1,Non-Junction,1,Not an Intersection,0,None,,,4,On Roadside,1,Daylight,,,,,1,Clear,0,No,0000000,Not Applicable,18,6:00pm-6:59pm,13,13,18,6:00pm-6:59pm,17,17,18,6:00pm-6:59pm,36,36,,,,,,,1,
2021,8,80529,Colorado,2,2,0,0,0,3,3,107,ROUTT (107),2360,STEAMBOAT SPRINGS,14,14,10,October,2021,5,Thursday,16,4:00pm-4:59pm,59,59,0,This section IS NOT on the NHS,2,Urban,4,Minor Arterial,4,City or Municipal Highway Agency,6,Local Street - Municipality,FISH CREEK FALLS RD,,0,None,40.48305556,40.48305556,-106.826972220,-106.826972220,0,No Special Jurisdiction,12,Motor Vehicle In-Transport,2,Front-to-Front,0,No,1,Non-Junction,1,Not an Intersection,0,None,,,1,On Roadway,1,Daylight,,,,,10,Cloudy,0,No,0000000,Not Applicable,17,5:00pm-5:59pm,2,2,17,5:00pm-5:59pm,7,7,17,5:00pm-5:59pm,20,20,,,,,,,1,
2021,8,80530,Colorado,1,1,0,1,1,1,1,31,DENVER (31),600,DENVER,24,24,10,October,2021,1,Sunday,0,0:00am-0:59am,12,12,1,This section IS ON the NHS,2,Urban,1,Interstate,1,State Highway Agency,1,Interstate,I-70,,2734,2734,39.78295556,39.78295556,-104.999322220,-104.999322220,0,No Special Jurisdiction,8,Pedestrian,0,The First Harmful Event was Not a Collision with a Motor Vehicle in Transport,1,Yes,19,Other location within Interchange Area,1,Not an Intersection,0,None,,,2,On Shoulder,3,Dark - Lighted,,,,,98,Not Reported,0,No,0000000,Not Applicable,0,0:00am-0:59am,13,13,0,0:00am-0:59am,20,20,88,"Not Applicable (Not Transported) ",88,Not Applicable (Not Transported),,,,,,,1,
2021,8,80531,Colorado,4,4,0,0,0,4,4,41,EL PASO (41),430,COLORADO SPRINGS,15,15,10,October,2021,6,Friday,17,5:00pm-5:59pm,3,3,1,This section IS ON the NHS,2,Urban,3,Principal Arterial - Other,4,City or Municipal Highway Agency,6,Local Street - Municipality,N ACADEMY BLVD,HALF TURN RD,0,None,38.88641667,38.88641667,-104.757050000,-104.757050000,0,No Special Jurisdiction,12,Motor Vehicle In-Transport,7,Sideswipe - Same Direction,0,No,3,Intersection-Related,3,T-Intersection,0,None,,,1,On Roadway,1,Daylight,,,,,1,Clear,0,No,0000000,Not Applicable,17,5:00pm-5:59pm,3,3,17,5:00pm-5:59pm,10,10,17,5:00pm-5:59pm,54,54,,,,,,,1,
2021,8,80532,Colorado,1,1,0,0,0,2,2,41,EL PASO (41),430,COLORADO SPRINGS,23,23,10,October,2021,7,Saturday,22,10:00pm-10:59pm,14,14,1,This section IS ON the NHS,2,Urban,3,Principal Arterial - Other,4,City or Municipal Highway Agency,6,Local Street - Municipality,CENTENNIAL BLVD,,0,None,38.90373056,38.90373056,-104.858011110,-104.858011110,0,No Special Jurisdiction,33,Curb,0,The First Harmful Event was Not a Collision with a Motor Vehicle in Transport,0,No,1,Non-Junction,1,Not an Intersection,0,None,,,4,On Roadside,3,Dark - Lighted,,,,,1,Clear,0,No,0000000,Not Applicable,22,10:00pm-10:59pm,18,18,22,10:00pm-10:59pm,24,24,22,10:00pm-10:59pm,45,45,,,,,,,1,
2021,8,80533,Colorado,1,1,0,0,0,1,1,41,EL PASO (41),430,COLORADO SPRINGS,31,31,10,October,2021,1,Sunday,2,2:00am-2:59am,53,53,1,This section IS ON the NHS,2,Urban,3,Principal Arterial - Other,4,City or Municipal Highway Agency,6,Local Street - Municipality,HANCOCK EXPY,,0,None,38.79827778,38.79827778,-104.784033330,-104.784033330,0,No Special Jurisdiction,25,Concrete Traffic Barrier,0,The First Harmful Event was Not a Collision with a Motor Vehicle in Transport,0,No,1,Non-Junction,1,Not an Intersection,0,None,,,4,On Roadside,3,Dark - Lighted,,,,,1,Clear,0,No,0000000,Not Applicable,2,2:00am-2:59am,53,53,3,3:00am-3:59am,0,0,3,3:00am-3:59am,53,53,,,,,,,1,
2021,8,80534,Colorado,1,1,0,0,0,1,1,59,JEFFERSON (59),0,NOT APPLICABLE,31,31,8,August,2021,3,Tuesday,17,5:00pm-5:59pm,20,20,1,This section IS ON the NHS,2,Urban,2,Principal Arterial - Other Freeways and Expressways,1,State Highway Agency,3,State Highway,SR-470    C-470,,20,20,39.68576944,39.68576944,-105.188388890,-105.188388890,0,No Special Jurisdiction,1,Rollover/Overturn,0,The First Harmful Event was Not a Collision with a Motor Vehicle in Transport,1,Yes,19,Other location within Interchange Area,1,Not an Intersection,0,None,,,8,Gore,1,Daylight,,,,,1,Clear,0,No,0000000,Not Applicable,99,Unknown,99,Unknown,99,Unknown EMS Scene Arrival Hour,99,Unknown EMS Scene Arrival Minutes,99,Unknown,99,Unknown EMS Hospital Arrival Time,,,,,,,1,
2021,8,80535,Colorado,1,1,0,1,1,3,3,13,BOULDER (13),200,BOULDER,17,17,9,September,2021,6,Friday,12,12:00pm-12:59pm,21,21,0,This section IS NOT on the NHS,2,Urban,4,Minor Arterial,4,City or Municipal Highway Agency,6,Local Street - Municipality,PEARL ST,26TH ST,0,None,40.02192222,40.02192222,-105.260994440,-105.260994440,0,No Special Jurisdiction,8,Pedestrian,0,The First Harmful Event was Not a Collision with a Motor Vehicle in Transport,0,No,3,Intersection-Related,2,Four-Way Intersection,0,None,,,1,On Roadway,1,Daylight,,,,,1,Clear,0,No,0000000,Not Applicable,12,12:00pm-12:59pm,22,22,12,12:00pm-12:59pm,25,25,12,12:00pm-12:59pm,39,39,,,,,,,1,
2021,8,80536,Colorado,2,2,0,0,0,3,3,63,KIT CARSON (63),0,NOT APPLICABLE,3,3,11,November,2021,4,Wednesday,5,5:00am-5:59am,39,39,1,This section IS ON the NHS,1,Rural,1,Interstate,1,State Highway Agency,1,Interstate,I-70,,4112,4112,39.29391667,39.29391667,-102.758555560,-102.758555560,0,No Special Jurisdiction,1,Rollover/Overturn,0,The First Harmful Event was Not a Collision with a Motor Vehicle in Transport,0,No,1,Non-Junction,1,Not an Intersection,0,None,,,3,On Median,2,Dark - Not Lighted,,,,,1,Clear,0,No,0000000,Not Applicable,5,5:00am-5:59am,41,41,5,5:00am-5:59am,56,56,6,6:00am-6:59am,32,32,,,,,,,1,
2021,8,80537,Colorado,1,1,0,0,0,1,1,63,KIT CARSON (63),0,NOT APPLICABLE,3,3,11,November,2021,4,Wednesday,15,3:00pm-3:59pm,23,23,1,This section IS ON the NHS,1,Rural,1,Interstate,1,State Highway Agency,1,Interstate,I-70,,4086,4086,39.29433333,39.29433333,-102.808527780,-102.808527780,0,No Special Jurisdiction,1,Rollover/Overturn,0,The First Harmful Event was Not a Collision with a Motor Vehicle in Transport,0,No,1,Non-Junction,1,Not an Intersection,0,None,,,3,On Median,1,Daylight,,,,,1,Clear,0,No,0000000,Not Applicable,15,3:00pm-3:59pm,26,26,15,3:00pm-3:59pm,38,38,88,"Not Applicable (Not Transported) ",88,Not Applicable (Not Transported),,,,,,,1,
2021,8,80538,Colorado,1,1,0,0,0,1,1,37,EAGLE (37),0,NOT APPLICABLE,3,3,11,November,2021,4,Wednesday,15,3:00pm-3:59pm,57,57,1,This section IS ON the NHS,1,Rural,1,Interstate,1,State Highway Agency,1,Interstate,I-70,,1499,1499,39.68070556,39.68070556,-106.773672220,-106.773672220,0,No Special Jurisdiction,17,Boulder,0,The First Harmful Event was Not a Collision with a Motor Vehicle in Transport,0,No,1,Non-Junction,1,Not an Intersection,0,None,,,4,On Roadside,1,Daylight,,,,,1,Clear,0,No,0000000,Not Applicable,99,Unknown,99,Unknown,99,Unknown EMS Scene Arrival Hour,99,Unknown EMS Scene Arrival Minutes,99,Unknown,99,Unknown EMS Hospital Arrival Time,,,,,,,1,
2021,8,80539,Colorado,2,2,0,0,0,2,2,31,DENVER (31),600,DENVER,3,3,11,November,2021,4,Wednesday,17,5:00pm-5:59pm,4,4,0,This section IS NOT on the NHS,2,Urban,4,Minor Arterial,4,City or Municipal Highway Agency,6,Local Street - Municipality,N PECOS ST,,0,None,39.78512778,39.78512778,-105.006383330,-105.006383330,0,No Special Jurisdiction,12,Motor Vehicle In-Transport,6,Angle,0,No,8,Driveway Access Related,1,Not an Intersection,0,None,,,1,On Roadway,1,Daylight,,,,,1,Clear,0,No,0000000,Not Applicable,17,5:00pm-5:59pm,9,9,17,5:00pm-5:59pm,18,18,17,5:00pm-5:59pm,32,32,,,,,,,1,
2021,8,80540,Colorado,1,1,0,0,0,1,1,5,ARAPAHOE (5),110,AURORA,4,4,11,November,2021,5,Thursday,5,5:00am-5:59am,29,29,1,This section IS ON the NHS,2,Urban,1,Interstate,1,State Highway Agency,1,Interstate,I-225,,87,87,39.72156667,39.72156667,-104.825805560,-104.825805560,0,No Special Jurisdiction,31,"Post, Pole or Other Supports",0,The First Harmful Event was Not a Collision with a Motor Vehicle in Transport,0,No,1,Non-Junction,1,Not an Intersection,0,None,,,3,On Median,3,Dark - Lighted,,,,,1,Clear,0,No,0000000,Not Applicable,5,5:00am-5:59am,29,29,5,5:00am-5:59am,36,36,88,"Not Applicable (Not Transported) ",88,Not Applicable (Not Transported),,,,,,,1,
2021,8,80541,Colorado,2,2,0,0,0,2,2,5,ARAPAHOE (5),110,AURORA,6,6,11,November,2021,7,Saturday,19,7:00pm-7:59pm,50,50,1,This section IS ON the NHS,2,Urban,3,Principal Arterial - Other,4,City or Municipal Highway Agency,6,Local Street - Municipality,E MISSISSIPPI AVE,S BLACKHAWK ST,0,None,39.69652500,39.69652500,-104.823913890,-104.823913890,0,No Special Jurisdiction,12,Motor Vehicle In-Transport,6,Angle,0,No,2,Intersection,2,Four-Way Intersection,0,None,,,1,On Roadway,3,Dark - Lighted,,,,,1,Clear,0,No,0000000,Not Applicable,19,7:00pm-7:59pm,50,50,19,7:00pm-7:59pm,54,54,88,"Not Applicable (Not Transported) ",88,Not Applicable (Not Transported),,,,,,,1,
2021,8,80542,Colorado,2,2,0,0,0,2,2,69,LARIMER (69),0,NOT APPLICABLE,7,7,11,November,2021,1,Sunday,11,11:00am-11:59am,3,3,0,This section IS NOT on the NHS,1,Rural,6,Minor Collector,2,County Highway Agency,4,County Road,CR-BUCKHORN RD,,130,130,40.52246944,40.52246944,-105.258305560,-105.258305560,0,No Special Jurisdiction,12,Motor Vehicle In-Transport,2,Front-to-Front,0,No,1,Non-Junction,1,Not an Intersection,0,None,,,1,On Roadway,1,Daylight,,,,,1,Clear,0,No,0000000,Not Applicable,11,11:00am-11:59am,1,1,11,11:00am-11:59am,20,20,12,12:00pm-12:59pm,7,7,,,,,,,1,
2021,8,80543,Colorado,2,2,0,0,0,2,2,31,DENVER (31),600,DENVER,5,5,11,November,2021,6,Friday,18,6:00pm-6:59pm,28,28,1,This section IS ON the NHS,2,Urban,3,Principal Arterial - Other,1,State Highway Agency,2,U.S. Highway,US-40   E COLFAX AVE,N JERSEY ST,3018,3018,39.74010833,39.74010833,-104.919472220,-104.919472220,0,No Special Jurisdiction,12,Motor Vehicle In-Transport,6,Angle,0,No,2,Intersection,3,T-Intersection,0,None,,,1,On Roadway,5,Dusk,,,,,98,Not Reported,0,No,0000000,Not Applicable,18,6:00pm-6:59pm,28,28,18,6:00pm-6:59pm,31,31,18,6:00pm-6:59pm,45,45,,,,,,,1,
2021,8,80544,Colorado,1,1,0,1,1,1,1,75,LOGAN (75),0,NOT APPLICABLE,11,11,11,November,2021,5,Thursday,4,4:00am-4:59am,53,53,0,This section IS NOT on the NHS,2,Urban,5,Major Collector,2,County Highway Agency,4,County Road,CR-37,,0,None,40.63428056,40.63428056,-103.240094440,-103.240094440,0,No Special Jurisdiction,8,Pedestrian,0,The First Harmful Event was Not a Collision with a Motor Vehicle in Transport,0,No,1,Non-Junction,1,Not an Intersection,0,None,,,1,On Roadway,2,Dark - Not Lighted,,,,,1,Clear,0,No,0000000,Not Applicable,4,4:00am-4:59am,54,54,5,5:00am-5:59am,0,0,5,5:00am-5:59am,11,11,,,,,,,1,
2021,8,80545,Colorado,2,2,0,0,0,3,3,123,WELD (123),0,NOT APPLICABLE,12,12,11,November,2021,6,Friday,5,5:00am-5:59am,17,17,0,This section IS NOT on the NHS,1,Rural,5,Major Collector,1,State Highway Agency,3,State Highway,SR-392,,1251,1251,40.47887500,40.47887500,-104.518277780,-104.518277780,0,No Special Jurisdiction,12,Motor Vehicle In-Transport,1,Front-to-Rear,0,No,1,Non-Junction,1,Not an Intersection,0,None,,,1,On Roadway,2,Dark - Not Lighted,,,,,1,Clear,0,No,0000000,Not Applicable,5,5:00am-5:59am,17,17,5,5:00am-5:59am,35,35,6,6:00am-6:59am,16,16,,,,,,,1,
2021,8,80546,Colorado,2,2,0,0,0,2,2,3,ALAMOSA (3),0,NOT APPLICABLE,12,12,11,November,2021,6,Friday,16,4:00pm-4:59pm,50,50,1,This section IS ON the NHS,1,Rural,3,Principal Arterial - Other,1,State Highway Agency,2,U.S. Highway,US-160,,2276,2276,37.50173056,37.50173056,-105.957350000,-105.957350000,0,No Special Jurisdiction,12,Motor Vehicle In-Transport,2,Front-to-Front,0,No,1,Non-Junction,1,Not an Intersection,0,None,,,1,On Roadway,5,Dusk,,,,,1,Clear,0,No,0000000,Not Applicable,99,Unknown,99,Unknown,99,Unknown EMS Scene Arrival Hour,99,Unknown EMS Scene Arrival Minutes,99,Unknown,99,Unknown EMS Hospital Arrival Time,,,,,,,1,
2021,8,80547,Colorado,2,2,0,0,0,2,2,35,DOUGLAS (35),0,NOT APPLICABLE,13,13,11,November,2021,7,Saturday,8,8:00am-8:59am,3,3,1,This section IS ON the NHS,1,Rural,3,Principal Arterial - Other,1,State Highway Agency,3,State Highway,SR-83,CR-RAFTER RD,514,514,39.39962222,39.39962222,-104.756377780,-104.756377780,0,No Special Jurisdiction,12,Motor Vehicle In-Transport,6,Angle,0,No,2,Intersection,2,Four-Way Intersection,0,None,,,1,On Roadway,1,Daylight,,,,,1,Clear,0,No,0000000,Not Applicable,8,8:00am-8:59am,4,4,8,8:00am-8:59am,7,7,88,"Not Applicable (Not Transported) ",88,Not Applicable (Not Transported),,,,,,,1,
2021,8,80548,Colorado,2,2,0,0,0,7,7,123,WELD (123),0,NOT APPLICABLE,14,14,11,November,2021,1,Sunday,0,0:00am-0:59am,1,1,1,This section IS ON the NHS,2,Urban,1,Interstate,1,State Highway Agency,1,Interstate,I-25,,2365,2365,40.10808056,40.10808056,-104.980672220,-104.980672220,0,No Special Jurisdiction,12,Motor Vehicle In-Transport,6,Angle,0,No,1,Non-Junction,1,Not an Intersection,0,None,,,1,On Roadway,2,Dark - Not Lighted,,,,,1,Clear,0,No,0000000,Not Applicable,99,Unknown,99,Unknown,99,Unknown EMS Scene Arrival Hour,99,Unknown EMS Scene Arrival Minutes,99,Unknown,99,Unknown EMS Hospital Arrival Time,,,,,,,1,
2021,8,80549,Colorado,2,2,0,0,0,3,3,1,ADAMS (1),434,COMMERCE CITY,14,14,11,November,2021,1,Sunday,3,3:00am-3:59am,6,6,1,This section IS ON the NHS,2,Urban,1,Interstate,1,State Highway Agency,7,Local Street - Frontage Road,I-270 FRNTG RD  SANDCREEK DR S,,39,39,39.79003889,39.79003889,-104.908333330,-104.908333330,0,No Special Jurisdiction,12,Motor Vehicle In-Transport,2,Front-to-Front,0,No,1,Non-Junction,1,Not an Intersection,0,None,,,1,On Roadway,2,Dark - Not Lighted,,,,,1,Clear,0,No,0000000,Not Applicable,3,3:00am-3:59am,6,6,3,3:00am-3:59am,19,19,3,3:00am-3:59am,55,55,,,,,,,1,
2021,8,80550,Colorado,1,1,0,0,0,1,1,13,BOULDER (13),0,NOT APPLICABLE,14,14,11,November,2021,1,Sunday,3,3:00am-3:59am,33,33,0,This section IS NOT on the NHS,1,Rural,7,Local,2,County Highway Agency,4,County Road,CR-YELLOWSTONE RD,,0,None,40.24693611,40.24693611,-105.101850000,-105.101850000,0,No Special Jurisdiction,38,Fence,0,The First Harmful Event was Not a Collision with a Motor Vehicle in Transport,0,No,1,Non-Junction,1,Not an Intersection,0,None,,,5,Outside Trafficway,2,Dark - Not Lighted,,,,,1,Clear,0,No,0000000,Not Applicable,7,7:00am-7:59am,12,12,7,7:00am-7:59am,18,18,88,"Not Applicable (Not Transported) ",88,Not Applicable (Not Transported),,,,,,,1,
2021,8,80551,Colorado,2,2,0,0,0,2,2,59,JEFFERSON (59),2550,WESTMINSTER,14,14,11,November,2021,1,Sunday,21,9:00pm-9:59pm,10,10,1,This section IS ON the NHS,2,Urban,3,Principal Arterial - Other,4,City or Municipal Highway Agency,6,Local Street - Municipality,N SHERIDAN BLVD,W 105TH AVE,0,None,39.88683889,39.88683889,-105.053180560,-105.053180560,0,No Special Jurisdiction,12,Motor Vehicle In-Transport,6,Angle,0,No,2,Intersection,3,T-Intersection,0,None,,,1,On Roadway,3,Dark - Lighted,,,,,1,Clear,0,No,0000000,Not Applicable,21,9:00pm-9:59pm,10,10,21,9:00pm-9:59pm,15,15,21,9:00pm-9:59pm,40,40,,,,,,,1,