caseyear,state,st_case,statename,ve_total,ve_forms,pvh_invl,peds,pernotmvit,permvit,persons,county,countyname,city,cityname,day,dayname,month,monthname,year,day_week,day_weekname,hour,hourname,minute,minutename,nhs,nhsname,rur_urb,rur_urbname,func_sys,func_sysname,rd_owner,rd_ownername,route,routename,tway_id,tway_id2,milept,mileptname,latitude,latitudename,longitud,longitudname,sp_jur,sp_jurname,harm_ev,harm_evname,man_coll,man_collname,reljct1,reljct1name,reljct2,reljct2name,typ_int,typ_intname,wrk_zone,wrk_zonename,road_fnc,road_fncname,rel_road,rel_roadname,lgt_cond,lgt_condname,weather1,weather1name,weather2,weather2name,weather,weathername,sch_bus,sch_busname,rail,railname,not_hour,not_hourname,not_min,not_minname,arr_hour,arr_hourname,arr_min,arr_minname,hosp_hr,hosp_hrname,hosp_mn,hosp_mnname,cf1,cf1name,cf2,cf2name,cf3,cf3name,fatals,drunk_dr
2021,8,80552,Colorado,1,1,0,1,1,2,2,123,WELD (123),0,NOT APPLICABLE,15,15,11,November,2021,2,Monday,4,4:00am-4:59am,25,25,1,This section IS ON the NHS,1,Rural,1,Interstate,1,State Highway Agency,1,Interstate,I-76,,432,432,40.15392222,40.15392222,-104.460802780,-104.460802780,0,No Special Jurisdiction,8,Pedestrian,0,The First Harmful Event was Not a Collision with a Motor Vehicle in Transport,0,No,1,Non-Junction,1,Not an Intersection,0,None,,,1,On Roadway,2,Dark - Not Lighted,,,,,1,Clear,0,No,0000000,Not Applicable,4,4:00am-4:59am,30,30,4,4:00am-4:59am,40,40,88,"Not Applicable (Not Transported) ",88,Not Applicable (Not Transported),,,,,,,1,
2021,8,80553,Colorado,2,2,0,0,0,6,6,93,PARK (93),0,NOT APPLICABLE,9,9,11,November,2021,3,Tuesday,17,5:00pm-5:59pm,32,32,0,This section IS NOT on the NHS,1,Rural,4,Minor Arterial,1,State Highway Agency,3,State Highway,SR-9,,720,720,39.30306667,39.30306667,-106.063105560,-106.063105560,0,No Special Jurisdiction,12,Motor Vehicle In-Transport,2,Front-to-Front,0,No,1,Non-Junction,1,Not an Intersection,0,None,,,1,On Roadway,2,Dark - Not Lighted,,,,,10,Cloudy,0,No,0000000,Not Applicable,17,5:00pm-5:59pm,41,41,17,5:00pm-5:59pm,45,45,18,6:00pm-6:59pm,30,30,,,,,,,1,
2021,8,80554,Colorado,1,1,0,0,0,1,1,67,LA PLATA (67),650,DURANGO,15,15,11,November,2021,2,Monday,19,7:00pm-7:59pm,36,36,1,This section IS ON the NHS,2,Urban,3,Principal Arterial - Other,1,State Highway Agency,2,U.S. Highway,US-550,,241,241,37.30651111,37.30651111,-107.865277780,-107.865277780,0,No Special Jurisdiction,33,Curb,0,The First Harmful Event was Not a Collision with a Motor Vehicle in Transport,0,No,1,Non-Junction,1,Not an Intersection,0,None,,,4,On Roadside,3,Dark - Lighted,,,,,1,Clear,0,No,0000000,Not Applicable,19,7:00pm-7:59pm,38,38,19,7:00pm-7:59pm,43,43,88,"Not Applicable (Not Transported) ",88,Not Applicable (Not Transported),,,,,,,1,
2021,8,80555,Colorado,1,1,0,0,0,1,1,5,ARAPAHOE (5),0,NOT APPLICABLE,17,17,11,November,2021,4,Wednesday,11,11:00am-11:59am,5,5,1,This section IS ON the NHS,1,Rural,1,Interstate,1,State Highway Agency,1,Interstate,I-70,,3124,3124,39.72950278,39.72950278,-104.284166670,-104.284166670,0,No Special Jurisdiction,24,Guardrail Face,0,The First Harmful Event was Not a Collision with a Motor Vehicle in Transport,0,No,1,Non-Junction,1,Not an Intersection,0,None,,,3,On Median,1,Daylight,,,,,4,Snow,0,No,0000000,Not Applicable,99,Unknown,99,Unknown,99,Unknown EMS Scene Arrival Hour,99,Unknown EMS Scene Arrival Minutes,88,"Not Applicable (Not Transported) ",88,Not Applicable (Not Transported),,,,,,,1,
2021,8,80556,Colorado,2,2,0,0,0,10,10,81,MOFFAT (81),0,NOT APPLICABLE,17,17,11,November,2021,4,Wednesday,17,5:00pm-5:59pm,30,30,1,This section IS ON the NHS,1,Rural,3,Principal Arterial - Other,1,State Highway Agency,2,U.S. Highway,US-40,,968,968,40.53368611,40.53368611,-107.442325000,-107.442325000,0,No Special Jurisdiction,12,Motor Vehicle In-Transport,2,Front-to-Front,0,No,1,Non-Junction,1,Not an Intersection,0,None,,,1,On Roadway,5,Dusk,,,,,1,Clear,0,No,0000000,Not Applicable,99,Unknown,99,Unknown,99,Unknown EMS Scene Arrival Hour,99,Unknown EMS Scene Arrival Minutes,99,Unknown,99,Unknown EMS Hospital Arrival Time,,,,,,,1,
2021,8,80557,Colorado,1,1,0,0,0,3,3,83,MONTEZUMA (83),0,NOT APPLICABLE,17,17,11,November,2021,4,Wednesday,23,11:00pm-11:59pm,38,38,0,This section IS NOT on the NHS,1,Rural,5,Major Collector,1,State Highway Agency,3,State Highway,SR-184,,215,215,37.38434167,37.38434167,-108.352233330,-108.352233330,0,No Special Jurisdiction,38,Fence,0,The First Harmful Event was Not a Collision with a Motor Vehicle in Transport,0,No,1,Non-Junction,1,Not an Intersection,0,None,,,5,Outside Trafficway,2,Dark - Not Lighted,,,,,1,Clear,0,No,0000000,Not Applicable,99,Unknown,99,Unknown,99,Unknown EMS Scene Arrival Hour,99,Unknown EMS Scene Arrival Minutes,99,Unknown,99,Unknown EMS Hospital Arrival Time,,,,,,,1,
2021,8,80558,Colorado,1,1,0,0,0,1,1,45,GARFIELD (45),0,NOT APPLICABLE,18,18,11,November,2021,5,Thursday,9,9:00am-9:59am,25,25,1,This section IS ON the NHS,1,Rural,1,Interstate,1,State Highway Agency,1,Interstate,I-70,,823,823,39.49896111,39.49896111,-107.919350000,-107.919350000,0,No Special Jurisdiction,1,Rollover/Overturn,0,The First Harmful Event was Not a Collision with a Motor Vehicle in Transport,0,No,1,Non-Junction,1,Not an Intersection,0,None,,,3,On Median,1,Daylight,,,,,1,Clear,0,No,0000000,Not Applicable,99,Unknown,99,Unknown,99,Unknown EMS Scene Arrival Hour,99,Unknown EMS Scene Arrival Minutes,88,"Not Applicable (Not Transported) ",88,Not Applicable (Not Transported),,,,,,,1,
2021,8,80559,Colorado,2,2,0,0,0,4,4,93,PARK (93),0,NOT APPLICABLE,18,18,11,November,2021,5,Thursday,15,3:00pm-3:59pm,5,5,1,This section IS ON the NHS,1,Rural,3,Principal Arterial - Other,1,State Highway Agency,2,U.S. Highway,US-285,,2253,2253,39.44200556,39.44200556,-105.447611110,-105.447611110,0,No Special Jurisdiction,24,Guardrail Face,0,The First Harmful Event was Not a Collision with a Motor Vehicle in Transport,0,No,1,Non-Junction,1,Not an Intersection,0,None,,,4,On Roadside,1,Daylight,,,,,1,Clear,0,No,0000000,Not Applicable,15,3:00pm-3:59pm,6,6,99,Unknown EMS Scene Arrival Hour,99,Unknown EMS Scene Arrival Minutes,99,Unknown,99,Unknown EMS Hospital Arrival Time,,,,,,,2,
2021,8,80560,Colorado,2,2,0,0,0,2,2,123,WELD (123),0,NOT APPLICABLE,19,19,11,November,2021,6,Friday,3,3:00am-3:59am,19,19,0,This section IS NOT on the NHS,1,Rural,5,Major Collector,1,State Highway Agency,3,State Highway,SR-60,CR-396,147,147,40.33038333,40.33038333,-104.811841670,-104.811841670,0,No Special Jurisdiction,12,Motor Vehicle In-Transport,6,Angle,0,No,2,Intersection,3,T-Intersection,0,None,,,1,On Roadway,2,Dark - Not Lighted,,,,,1,Clear,0,No,0000000,Not Applicable,3,3:00am-3:59am,22,22,3,3:00am-3:59am,26,26,88,"Not Applicable (Not Transported) ",88,Not Applicable (Not Transported),,,,,,,1,
2021,8,80561,Colorado,5,5,0,0,0,7,7,123,WELD (123),1070,GREELEY,19,19,11,November,2021,6,Friday,10,10:00am-10:59am,51,51,1,This section IS ON the NHS,2,Urban,2,Principal Arterial - Other Freeways and Expressways,1,State Highway Agency,2,U.S. Highway,US-34,,1071,1071,40.39220000,40.39220000,-104.793913890,-104.793913890,0,No Special Jurisdiction,12,Motor Vehicle In-Transport,2,Front-to-Front,0,No,1,Non-Junction,1,Not an Intersection,0,None,,,1,On Roadway,1,Daylight,,,,,1,Clear,0,No,0000000,Not Applicable,10,10:00am-10:59am,51,51,10,10:00am-10:59am,53,53,99,Unknown,99,Unknown EMS Hospital Arrival Time,,,,,,,1,
2021,8,80562,Colorado,3,3,0,0,0,4,4,1,ADAMS (1),0,NOT APPLICABLE,20,20,11,November,2021,7,Saturday,9,9:00am-9:59am,20,20,0,This section IS NOT on the NHS,1,Rural,5,Major Collector,1,State Highway Agency,3,State Highway,SR-79,,73,73,39.83167778,39.83167778,-104.414133330,-104.414133330,0,No Special Jurisdiction,12,Motor Vehicle In-Transport,8,Sideswipe - Opposite Direction,0,No,1,Non-Junction,1,Not an Intersection,0,None,,,1,On Roadway,1,Daylight,,,,,1,Clear,0,No,0000000,Not Applicable,99,Unknown,99,Unknown,99,Unknown EMS Scene Arrival Hour,99,Unknown EMS Scene Arrival Minutes,99,Unknown,99,Unknown EMS Hospital Arrival Time,,,,,,,1,
2021,8,80563,Colorado,1,1,0,0,0,1,1,77,MESA (77),0,NOT APPLICABLE,22,22,11,November,2021,2,Monday,17,5:00pm-5:59pm,16,16,1,This section IS ON the NHS,1,Rural,1,Interstate,1,State Highway Agency,1,Interstate,I-70,,461,461,39.15014444,39.15014444,-108.306600000,-108.306600000,0,No Special Jurisdiction,1,Rollover/Overturn,0,The First Harmful Event was Not a Collision with a Motor Vehicle in Transport,0,No,1,Non-Junction,1,Not an Intersection,0,None,,,3,On Median,2,Dark - Not Lighted,,,,,1,Clear,0,No,0000000,Not Applicable,99,Unknown,99,Unknown,99,Unknown EMS Scene Arrival Hour,99,Unknown EMS Scene Arrival Minutes,88,"Not Applicable (Not Transported) ",88,Not Applicable (Not Transported),,,,,,,1,
2021,8,80564,Colorado,2,2,0,0,0,2,2,59,JEFFERSON (59),1435,LAKEWOOD,2,2,11,November,2021,3,Tuesday,11,11:00am-11:59am,22,22,1,This section IS ON the NHS,2,Urban,3,Principal Arterial - Other,1,State Highway Agency,3,State Highway,SR-391   S KIPLING PKWY,W KENTUCKY DR,35,35,39.70037778,39.70037778,-105.109955560,-105.109955560,0,No Special Jurisdiction,12,Motor Vehicle In-Transport,6,Angle,0,No,2,Intersection,2,Four-Way Intersection,0,None,,,1,On Roadway,1,Daylight,,,,,10,Cloudy,0,No,0000000,Not Applicable,99,Unknown,99,Unknown,99,Unknown EMS Scene Arrival Hour,99,Unknown EMS Scene Arrival Minutes,99,Unknown,99,Unknown EMS Hospital Arrival Time,,,,,,,1,
2021,8,80565,Colorado,3,3,0,0,0,3,3,5,ARAPAHOE (5),110,AURORA,16,16,11,November,2021,3,Tuesday,22,10:00pm-10:59pm,42,42,1,This section IS ON the NHS,2,Urban,3,Principal Arterial - Other,1,State Highway Agency,3,State Highway,SR-83   S PARKER RD,E YALE AVE,718,718,39.66748889,39.66748889,-104.861972220,-104.861972220,0,No Special Jurisdiction,12,Motor Vehicle In-Transport,6,Angle,0,No,2,Intersection,2,Four-Way Intersection,0,None,,,1,On Roadway,3,Dark - Lighted,,,,,1,Clear,0,No,0000000,Not Applicable,22,10:00pm-10:59pm,43,43,22,10:00pm-10:59pm,46,46,23,11:00pm-11:59pm,22,22,,,,,,,1,
2021,8,80566,Colorado,2,2,0,0,0,2,2,5,ARAPAHOE (5),0,NOT APPLICABLE,23,23,11,November,2021,3,Tuesday,17,5:00pm-5:59pm,20,20,0,This section IS NOT on the NHS,1,Rural,7,Local,1,State Highway Agency,2,U.S. Highway,US-36,,963,963,39.73839722,39.73839722,-104.301516670,-104.301516670,0,No Special Jurisdiction,12,Motor Vehicle In-Transport,2,Front-to-Front,0,No,1,Non-Junction,1,Not an Intersection,0,None,,,1,On Roadway,2,Dark - Not Lighted,,,,,1,Clear,0,No,0000000,Not Applicable,99,Unknown,99,Unknown,99,Unknown EMS Scene Arrival Hour,99,Unknown EMS Scene Arrival Minutes,99,Unknown,99,Unknown EMS Hospital Arrival Time,,,,,,,2,
2021,8,80567,Colorado,3,3,0,1,1,2,2,67,LA PLATA (67),0,NOT APPLICABLE,24,24,11,November,2021,4,Wednesday,8,8:00am-8:59am,0,0,1,This section IS ON the NHS,1,Rural,3,Principal Arterial - Other,1,State Highway Agency,2,U.S. Highway,US-160,,751,751,37.27087500,37.27087500,-108.004722220,-108.004722220,0,No Special Jurisdiction,12,Motor Vehicle In-Transport,1,Front-to-Rear,0,No,1,Non-Junction,1,Not an Intersection,0,None,,,2,On Shoulder,1,Daylight,,,,,5,"Fog, Smog, Smoke",0,No,0000000,Not Applicable,99,Unknown,99,Unknown,99,Unknown EMS Scene Arrival Hour,99,Unknown EMS Scene Arrival Minutes,99,Unknown,99,Unknown EMS Hospital Arrival Time,,,,,,,1,
2021,8,80568,Colorado,2,2,0,0,0,2,2,83,MONTEZUMA (83),0,NOT APPLICABLE,24,24,11,November,2021,4,Wednesday,14,2:00pm-2:59pm,42,42,1,This section IS ON the NHS,1,Rural,3,Principal Arterial - Other,1,State Highway Agency,2,U.S. Highway,US-491,,352,352,37.46100000,37.46100000,-108.653805560,-108.653805560,0,No Special Jurisdiction,12,Motor Vehicle In-Transport,2,Front-to-Front,0,No,1,Non-Junction,1,Not an Intersection,0,None,,,1,On Roadway,1,Daylight,,,,,1,Clear,0,No,0000000,Not Applicable,99,Unknown,99,Unknown,99,Unknown EMS Scene Arrival Hour,99,Unknown EMS Scene Arrival Minutes,99,Unknown,99,Unknown EMS Hospital Arrival Time,,,,,,,1,
2021,8,80569,Colorado,2,2,0,0,0,4,4,73,LINCOLN (73),0,NOT APPLICABLE,25,25,11,November,2021,5,Thursday,10,10:00am-10:59am,45,45,1,This section IS ON the NHS,1,Rural,1,Interstate,1,State Highway Agency,1,Interstate,I-70,,3711,3711,39.27461111,39.27461111,-103.498263890,-103.498263890,0,No Special Jurisdiction,59,"Traffic Sign Support ",0,The First Harmful Event was Not a Collision with a Motor Vehicle in Transport,0,No,1,Non-Junction,1,Not an Intersection,0,None,,,3,On Median,1,Daylight,,,,,1,Clear,0,No,0000000,Not Applicable,99,Unknown,99,Unknown,99,Unknown EMS Scene Arrival Hour,99,Unknown EMS Scene Arrival Minutes,99,Unknown,99,Unknown EMS Hospital Arrival Time,,,,,,,3,
2021,8,80570,Colorado,2,2,0,0,0,4,4,39,ELBERT (39),0,NOT APPLICABLE,26,26,11,November,2021,6,Friday,8,8:00am-8:59am,50,50,0,This section IS NOT on the NHS,1,Rural,4,Minor Arterial,1,State Highway Agency,3,State Highway,SR-86,,173,173,39.36130556,39.36130556,-104.568888890,-104.568888890,0,No Special Jurisdiction,12,Motor Vehicle In-Transport,2,Front-to-Front,0,No,1,Non-Junction,1,Not an Intersection,0,None,,,1,On Roadway,1,Daylight,,,,,1,Clear,0,No,0000000,Not Applicable,99,Unknown,99,Unknown,99,Unknown EMS Scene Arrival Hour,99,Unknown EMS Scene Arrival Minutes,99,Unknown,99,Unknown EMS Hospital Arrival Time,,,,,,,2,
2021,8,80571,Colorado,1,1,0,0,0,1,1,123,WELD (123),910,FREDERICK,26,26,11,November,2021,6,Friday,10,10:00am-10:59am,53,53,0,This section IS NOT on the NHS,2,Urban,4,Minor Arterial,4,City or Municipal Highway Agency,6,Local Street - Municipality,AGGREGATE BLVD,,0,None,40.10777778,40.10777778,-104.998902780,-104.998902780,0,No Special Jurisdiction,38,Fence,0,The First Harmful Event was Not a Collision with a Motor Vehicle in Transport,0,No,1,Non-Junction,1,Not an Intersection,0,None,,,5,Outside Trafficway,1,Daylight,,,,,1,Clear,0,No,0000000,Not Applicable,10,10:00am-10:59am,53,53,11,11:00am-11:59am,4,4,88,"Not Applicable (Not Transported) ",88,Not Applicable (Not Transported),,,,,,,1,
2021,8,80572,Colorado,4,4,0,0,0,9,9,1,ADAMS (1),0,NOT APPLICABLE,26,26,11,November,2021,6,Friday,13,1:00pm-1:59pm,11,11,0,This section IS NOT on the NHS,2,Urban,4,Minor Arterial,1,State Highway Agency,3,State Highway,SR-224,CR-WASHINGTON ST,8,8,39.82363056,39.82363056,-104.978050000,-104.978050000,0,No Special Jurisdiction,12,Motor Vehicle In-Transport,6,Angle,0,No,2,Intersection,2,Four-Way Intersection,0,None,,,1,On Roadway,1,Daylight,,,,,1,Clear,0,No,0000000,Not Applicable,99,Unknown,99,Unknown,99,Unknown EMS Scene Arrival Hour,99,Unknown EMS Scene Arrival Minutes,99,Unknown,99,Unknown EMS Hospital Arrival Time,,,,,,,1,
2021,8,80573,Colorado,2,2,0,0,0,4,4,5,ARAPAHOE (5),110,AURORA,27,27,11,November,2021,7,Saturday,0,0:00am-0:59am,0,0,1,This section IS ON the NHS,2,Urban,3,Principal Arterial - Other,1,State Highway Agency,3,State Highway,SR-30   E 6TH AVE,N AIRPORT BLVD,116,116,39.72549444,39.72549444,-104.791077780,-104.791077780,0,No Special Jurisdiction,12,Motor Vehicle In-Transport,6,Angle,0,No,2,Intersection,2,Four-Way Intersection,0,None,,,1,On Roadway,3,Dark - Lighted,,,,,1,Clear,0,No,0000000,Not Applicable,0,0:00am-0:59am,0,0,0,0:00am-0:59am,5,5,0,0:00am-0:59am,30,30,,,,,,,1,
2021,8,80574,Colorado,1,1,0,0,0,1,1,13,BOULDER (13),0,NOT APPLICABLE,27,27,11,November,2021,7,Saturday,5,5:00am-5:59am,27,27,1,This section IS ON the NHS,2,Urban,2,Principal Arterial - Other Freeways and Expressways,1,State Highway Agency,2,U.S. Highway,US-36,,393,393,39.98463889,39.98463889,-105.230111110,-105.230111110,0,No Special Jurisdiction,31,"Post, Pole or Other Supports",0,The First Harmful Event was Not a Collision with a Motor Vehicle in Transport,1,Yes,19,Other location within Interchange Area,1,Not an Intersection,0,None,,,4,On Roadside,3,Dark - Lighted,,,,,1,Clear,0,No,0000000,Not Applicable,5,5:00am-5:59am,29,29,5,5:00am-5:59am,33,33,88,"Not Applicable (Not Transported) ",88,Not Applicable (Not Transported),,,,,,,1,
2021,8,80575,Colorado,1,1,0,0,0,2,2,5,ARAPAHOE (5),110,AURORA,27,27,11,November,2021,7,Saturday,6,6:00am-6:59am,23,23,1,This section IS ON the NHS,2,Urban,3,Principal Arterial - Other,1,State Highway Agency,2,U.S. Highway,US-40   E COLFAX AVE,,3054,3054,39.74013889,39.74013889,-104.850727780,-104.850727780,0,No Special Jurisdiction,33,Curb,0,The First Harmful Event was Not a Collision with a Motor Vehicle in Transport,0,No,1,Non-Junction,1,Not an Intersection,0,None,,,3,On Median,3,Dark - Lighted,,,,,1,Clear,0,No,0000000,Not Applicable,6,6:00am-6:59am,25,25,6,6:00am-6:59am,32,32,6,6:00am-6:59am,45,45,,,,,,,1,
2021,8,80576,Colorado,1,1,0,0,0,1,1,101,PUEBLO (101),0,NOT APPLICABLE,29,29,11,November,2021,2,Monday,0,0:00am-0:59am,20,20,0,This section IS NOT on the NHS,2,Urban,4,Minor Arterial,1,State Highway Agency,3,State Highway,SR-96,,471,471,38.22935833,38.22935833,-104.742902780,-104.742902780,0,No Special Jurisdiction,17,Boulder,0,The First Harmful Event was Not a Collision with a Motor Vehicle in Transport,0,No,1,Non-Junction,1,Not an Intersection,0,None,,,4,On Roadside,2,Dark - Not Lighted,,,,,1,Clear,0,No,0000000,Not Applicable,99,Unknown,99,Unknown,99,Unknown EMS Scene Arrival Hour,99,Unknown EMS Scene Arrival Minutes,88,"Not Applicable (Not Transported) ",88,Not Applicable (Not Transported),,,,,,,1,
2021,8,80577,Colorado,4,4,0,0,0,9,9,123,WELD (123),810,FIRESTONE,3,3,11,November,2021,4,Wednesday,16,4:00pm-4:59pm,50,50,1,This section IS ON the NHS,2,Urban,2,Principal Arterial - Other Freeways and Expressways,1,State Highway Agency,3,State Highway,SR-119,,617,617,40.16061111,40.16061111,-105.012638890,-105.012638890,0,No Special Jurisdiction,12,Motor Vehicle In-Transport,1,Front-to-Rear,0,No,1,Non-Junction,1,Not an Intersection,0,None,,,1,On Roadway,1,Daylight,,,,,1,Clear,0,No,0000000,Not Applicable,16,4:00pm-4:59pm,52,52,16,4:00pm-4:59pm,56,56,17,5:00pm-5:59pm,35,35,,,,,,,1,
2021,8,80578,Colorado,1,1,0,0,0,1,1,1,ADAMS (1),0,NOT APPLICABLE,29,29,11,November,2021,2,Monday,7,7:00am-7:59am,43,43,1,This section IS ON the NHS,2,Urban,1,Interstate,1,State Highway Agency,1,Interstate,I-76,,249,249,39.99715556,39.99715556,-104.720400000,-104.720400000,0,No Special Jurisdiction,59,"Traffic Sign Support ",0,The First Harmful Event was Not a Collision with a Motor Vehicle in Transport,0,No,1,Non-Junction,1,Not an Intersection,0,None,,,4,On Roadside,1,Daylight,,,,,1,Clear,0,No,0000000,Not Applicable,7,7:00am-7:59am,41,41,7,7:00am-7:59am,46,46,8,8:00am-8:59am,6,6,,,,,,,1,
2021,8,80579,Colorado,1,1,0,0,0,1,1,101,PUEBLO (101),0,NOT APPLICABLE,29,29,11,November,2021,2,Monday,11,11:00am-11:59am,58,58,0,This section IS NOT on the NHS,1,Rural,4,Minor Arterial,1,State Highway Agency,3,State Highway,SR-96,,773,773,38.23904444,38.23904444,-104.223633330,-104.223633330,0,No Special Jurisdiction,59,"Traffic Sign Support ",0,The First Harmful Event was Not a Collision with a Motor Vehicle in Transport,0,No,1,Non-Junction,1,Not an Intersection,0,None,,,4,On Roadside,1,Daylight,,,,,1,Clear,0,No,0000000,Not Applicable,99,Unknown,99,Unknown,99,Unknown EMS Scene Arrival Hour,99,Unknown EMS Scene Arrival Minutes,88,"Not Applicable (Not Transported) ",88,Not Applicable (Not Transported),,,,,,,1,
2021,8,80580,Colorado,1,1,0,1,1,5,5,1,ADAMS (1),2550,WESTMINSTER,29,29,11,November,2021,2,Monday,15,3:00pm-3:59pm,5,5,1,This section IS ON the NHS,2,Urban,3,Principal Arterial - Other,1,State Highway Agency,2,U.S. Highway,US-287   N FEDERAL BLVD,W NORTHPARK AVE,2923,2923,39.87822778,39.87822778,-105.025233330,-105.025233330,0,No Special Jurisdiction,8,Pedestrian,0,The First Harmful Event was Not a Collision with a Motor Vehicle in Transport,0,No,3,Intersection-Related,2,Four-Way Intersection,0,None,,,1,On Roadway,1,Daylight,,,,,1,Clear,0,No,0000000,Not Applicable,15,3:00pm-3:59pm,5,5,15,3:00pm-3:59pm,9,9,15,3:00pm-3:59pm,19,19,,,,,,,1,
2021,8,80581,Colorado,1,1,0,0,0,1,1,5,ARAPAHOE (5),0,NOT APPLICABLE,30,30,11,November,2021,3,Tuesday,20,8:00pm-8:59pm,0,0,1,This section IS ON the NHS,1,Rural,1,Interstate,1,State Highway Agency,1,Interstate,I-70,,3257,3257,39.64666667,39.64666667,-104.068555560,-104.068555560,0,No Special Jurisdiction,1,Rollover/Overturn,0,The First Harmful Event was Not a Collision with a Motor Vehicle in Transport,0,No,1,Non-Junction,1,Not an Intersection,0,None,,,4,On Roadside,2,Dark - Not Lighted,,,,,1,Clear,0,No,0000000,Not Applicable,99,Unknown,99,Unknown,99,Unknown EMS Scene Arrival Hour,99,Unknown EMS Scene Arrival Minutes,88,"Not Applicable (Not Transported) ",88,Not Applicable (Not Transported),,,,,,,1,
2021,8,80582,Colorado,2,2,0,0,0,2,2,95,PHILLIPS (95),0,NOT APPLICABLE,30,30,11,November,2021,3,Tuesday,7,7:00am-7:59am,36,36,0,This section IS NOT on the NHS,1,Rural,7,Local,2,County Highway Agency,4,County Road,CR-20,CR-11,0,None,40.56950000,40.56950000,-102.569611110,-102.569611110,0,No Special Jurisdiction,12,Motor Vehicle In-Transport,6,Angle,0,No,2,Intersection,2,Four-Way Intersection,0,None,,,1,On Roadway,1,Daylight,,,,,1,Clear,0,No,0000000,Not Applicable,8,8:00am-8:59am,5,5,8,8:00am-8:59am,6,6,8,8:00am-8:59am,20,20,,,,,,,1,
2021,8,80583,Colorado,1,1,0,0,0,4,4,105,RIO GRANDE (105),1680,MONTE VISTA,10,10,11,November,2021,4,Wednesday,5,5:00am-5:59am,56,56,1,This section IS ON the NHS,1,Rural,3,Principal Arterial - Other,1,State Highway Agency,2,U.S. Highway,US-160   1ST AVE,,2157,2157,37.58043889,37.58043889,-106.150055560,-106.150055560,0,No Special Jurisdiction,42,Tree (Standing Only),0,The First Harmful Event was Not a Collision with a Motor Vehicle in Transport,0,No,1,Non-Junction,1,Not an Intersection,0,None,,,4,On Roadside,4,Dawn,,,,,1,Clear,0,No,0000000,Not Applicable,5,5:00am-5:59am,56,56,6,6:00am-6:59am,26,26,7,7:00am-7:59am,13,13,,,,,,,1,
2021,8,80584,Colorado,1,1,0,0,0,1,1,1,ADAMS (1),230,BRIGHTON,12,12,11,November,2021,6,Friday,21,9:00pm-9:59pm,39,39,1,This section IS ON the NHS,2,Urban,2,Principal Arterial - Other Freeways and Expressways,1,State Highway Agency,2,U.S. Highway,US-85,,2334,2334,39.96322222,39.96322222,-104.829500000,-104.829500000,0,No Special Jurisdiction,1,Rollover/Overturn,0,The First Harmful Event was Not a Collision with a Motor Vehicle in Transport,0,No,1,Non-Junction,1,Not an Intersection,0,None,,,4,On Roadside,2,Dark - Not Lighted,,,,,1,Clear,0,No,0000000,Not Applicable,21,9:00pm-9:59pm,39,39,21,9:00pm-9:59pm,44,44,22,10:00pm-10:59pm,18,18,,,,,,,1,
2021,8,80585,Colorado,2,2,0,0,0,3,3,1,ADAMS (1),1771,NORTHGLENN,22,22,11,November,2021,2,Monday,19,7:00pm-7:59pm,1,1,1,This section IS ON the NHS,2,Urban,3,Principal Arterial - Other,4,City or Municipal Highway Agency,6,Local Street - Municipality,W 104TH AVE,QUIVAS ST,0,None,39.88531667,39.88531667,-105.007422220,-105.007422220,0,No Special Jurisdiction,12,Motor Vehicle In-Transport,6,Angle,0,No,2,Intersection,2,Four-Way Intersection,0,None,,,1,On Roadway,3,Dark - Lighted,,,,,1,Clear,0,No,0000000,Not Applicable,19,7:00pm-7:59pm,1,1,19,7:00pm-7:59pm,5,5,99,Unknown,99,Unknown EMS Hospital Arrival Time,,,,,,,1,
2021,8,80586,Colorado,2,2,0,0,0,4,4,123,WELD (123),1650,MILLIKEN,24,24,11,November,2021,4,Wednesday,16,4:00pm-4:59pm,31,31,0,This section IS NOT on the NHS,2,Urban,5,Major Collector,1,State Highway Agency,3,State Highway,SR-60,CR-23 3/4,137,137,40.33007222,40.33007222,-104.834311110,-104.834311110,0,No Special Jurisdiction,12,Motor Vehicle In-Transport,6,Angle,0,No,2,Intersection,2,Four-Way Intersection,0,None,,,1,On Roadway,1,Daylight,,,,,10,Cloudy,0,No,0000000,Not Applicable,16,4:00pm-4:59pm,34,34,16,4:00pm-4:59pm,38,38,17,5:00pm-5:59pm,7,7,,,,,,,2,
2021,8,80587,Colorado,1,1,0,1,1,1,1,101,PUEBLO (101),2050,PUEBLO,26,26,11,November,2021,6,Friday,22,10:00pm-10:59pm,28,28,1,This section IS ON the NHS,2,Urban,3,Principal Arterial - Other,1,State Highway Agency,2,U.S. Highway,US-50 BYPASS,TROY AVE,3178,3178,38.28305556,38.28305556,-104.573200000,-104.573200000,0,No Special Jurisdiction,8,Pedestrian,0,The First Harmful Event was Not a Collision with a Motor Vehicle in Transport,0,No,3,Intersection-Related,2,Four-Way Intersection,0,None,,,1,On Roadway,3,Dark - Lighted,,,,,1,Clear,0,No,0000000,Not Applicable,22,10:00pm-10:59pm,27,27,22,10:00pm-10:59pm,27,27,22,10:00pm-10:59pm,51,51,,,,,,,1,