caseyear,state,st_case,statename,ve_total,ve_forms,pvh_invl,peds,pernotmvit,permvit,persons,county,countyname,city,cityname,day,dayname,month,monthname,year,day_week,day_weekname,hour,hourname,minute,minutename,nhs,nhsname,rur_urb,rur_urbname,func_sys,func_sysname,rd_owner,rd_ownername,route,routename,tway_id,tway_id2,milept,mileptname,latitude,latitudename,longitud,longitudname,sp_jur,sp_jurname,harm_ev,harm_evname,man_coll,man_collname,reljct1,reljct1name,reljct2,reljct2name,typ_int,typ_intname,wrk_zone,wrk_zonename,road_fnc,road_fncname,rel_road,rel_roadname,lgt_cond,lgt_condname,weather1,weather1name,weather2,weather2name,weather,weathername,sch_bus,sch_busname,rail,railname,not_hour,not_hourname,not_min,not_minname,arr_hour,arr_hourname,arr_min,arr_minname,hosp_hr,hosp_hrname,hosp_mn,hosp_mnname,cf1,cf1name,cf2,cf2name,cf3,cf3name,fatals,drunk_dr
2021,8,80588,Colorado,1,1,0,1,1,1,1,31,DENVER (31),600,DENVER,15,15,11,November,2021,2,Monday,11,11:00am-11:59am,55,55,0,This section IS NOT on the NHS,6,Trafficway Not in State Inventory,96,Trafficway Not in State Inventory,96,Trafficway Not in State Inventory,8,Other,W JEWELL AVE DRIVEWAY ACCESS,,0,None,39.68218889,39.68218889,-105.054755560,-105.054755560,0,No Special Jurisdiction,8,Pedestrian,0,The First Harmful Event was Not a Collision with a Motor Vehicle in Transport,0,No,4,Driveway Access,1,Not an Intersection,0,None,,,1,On Roadway,1,Daylight,,,,,10,Cloudy,0,No,0000000,Not Applicable,11,11:00am-11:59am,55,55,11,11:00am-11:59am,58,58,12,12:00pm-12:59pm,14,14,,,,,,,1,
2021,8,80589,Colorado,2,2,0,0,0,2,2,41,EL PASO (41),430,COLORADO SPRINGS,3,3,11,November,2021,4,Wednesday,6,6:00am-6:59am,57,57,1,This section IS ON the NHS,2,Urban,3,Principal Arterial - Other,4,City or Municipal Highway Agency,6,Local Street - Municipality,S MARKSHEFFEL RD,DRENNAN RD,0,None,38.78098611,38.78098611,-104.659511110,-104.659511110,0,No Special Jurisdiction,12,Motor Vehicle In-Transport,6,Angle,0,No,2,Intersection,2,Four-Way Intersection,0,None,,,1,On Roadway,4,Dawn,,,,,1,Clear,0,No,0000000,Not Applicable,6,6:00am-6:59am,58,58,7,7:00am-7:59am,5,5,88,"Not Applicable (Not Transported) ",88,Not Applicable (Not Transported),,,,,,,1,
2021,8,80590,Colorado,2,2,0,0,0,2,2,41,EL PASO (41),430,COLORADO SPRINGS,13,13,11,November,2021,7,Saturday,22,10:00pm-10:59pm,6,6,0,This section IS NOT on the NHS,2,Urban,7,Local,4,City or Municipal Highway Agency,6,Local Street - Municipality,PALOMINO RANCH PT,TUTT BLVD,0,None,38.90816667,38.90816667,-104.715844440,-104.715844440,0,No Special Jurisdiction,12,Motor Vehicle In-Transport,6,Angle,0,No,2,Intersection,2,Four-Way Intersection,0,None,,,1,On Roadway,3,Dark - Lighted,,,,,1,Clear,0,No,0000000,Not Applicable,22,10:00pm-10:59pm,8,8,22,10:00pm-10:59pm,14,14,22,10:00pm-10:59pm,25,25,,,,,,,1,
2021,8,80591,Colorado,2,2,0,0,0,2,2,41,EL PASO (41),430,COLORADO SPRINGS,23,23,11,November,2021,3,Tuesday,20,8:00pm-8:59pm,51,51,0,This section IS NOT on the NHS,2,Urban,4,Minor Arterial,4,City or Municipal Highway Agency,6,Local Street - Municipality,GALLEY RD,MURRAY BLVD,0,None,38.84713889,38.84713889,-104.747783330,-104.747783330,0,No Special Jurisdiction,12,Motor Vehicle In-Transport,1,Front-to-Rear,0,No,3,Intersection-Related,2,Four-Way Intersection,0,None,,,1,On Roadway,3,Dark - Lighted,,,,,1,Clear,0,No,0000000,Not Applicable,20,8:00pm-8:59pm,53,53,20,8:00pm-8:59pm,58,58,99,Unknown,99,Unknown EMS Hospital Arrival Time,,,,,,,1,
2021,8,80592,Colorado,2,2,0,0,0,6,6,101,PUEBLO (101),2050,PUEBLO,6,6,11,November,2021,7,Saturday,22,10:00pm-10:59pm,41,41,1,This section IS ON the NHS,2,Urban,3,Principal Arterial - Other,1,State Highway Agency,2,U.S. Highway,US-50 BUSN RT   S SANTA FE AVE,W D ST,8,8,38.25931667,38.25931667,-104.606750000,-104.606750000,0,No Special Jurisdiction,12,Motor Vehicle In-Transport,6,Angle,0,No,2,Intersection,2,Four-Way Intersection,0,None,,,1,On Roadway,3,Dark - Lighted,,,,,1,Clear,0,No,0000000,Not Applicable,22,10:00pm-10:59pm,44,44,22,10:00pm-10:59pm,44,44,99,Unknown,99,Unknown EMS Hospital Arrival Time,,,,,,,1,
2021,8,80593,Colorado,1,1,0,1,1,1,1,31,DENVER (31),600,DENVER,22,22,11,November,2021,2,Monday,19,7:00pm-7:59pm,0,0,1,This section IS ON the NHS,2,Urban,3,Principal Arterial - Other,4,City or Municipal Highway Agency,6,Local Street - Municipality,E ILIFF AVE,,0,None,39.67472778,39.67472778,-104.872816670,-104.872816670,0,No Special Jurisdiction,8,Pedestrian,0,The First Harmful Event was Not a Collision with a Motor Vehicle in Transport,0,No,1,Non-Junction,1,Not an Intersection,0,None,,,1,On Roadway,3,Dark - Lighted,,,,,1,Clear,0,No,0000000,Not Applicable,19,7:00pm-7:59pm,8,8,19,7:00pm-7:59pm,14,14,19,7:00pm-7:59pm,30,30,,,,,,,1,
2021,8,80594,Colorado,1,1,0,0,0,1,1,19,CLEAR CREEK (19),0,NOT APPLICABLE,28,28,11,November,2021,1,Sunday,14,2:00pm-2:59pm,0,0,0,This section IS NOT on the NHS,1,Rural,7,Local,2,County Highway Agency,4,County Road,CR-GUANELLA PASS RD,,172,172,39.64005000,39.64005000,-105.707500000,-105.707500000,0,No Special Jurisdiction,24,Guardrail Face,0,The First Harmful Event was Not a Collision with a Motor Vehicle in Transport,0,No,1,Non-Junction,1,Not an Intersection,0,None,,,4,On Roadside,1,Daylight,,,,,1,Clear,0,No,0000000,Not Applicable,99,Unknown,99,Unknown,99,Unknown EMS Scene Arrival Hour,99,Unknown EMS Scene Arrival Minutes,99,Unknown,99,Unknown EMS Hospital Arrival Time,,,,,,,1,
2021,8,80595,Colorado,2,1,1,0,0,2,2,31,DENVER (31),600,DENVER,8,8,11,November,2021,2,Monday,8,8:00am-8:59am,28,28,0,This section IS NOT on the NHS,2,Urban,7,Local,4,City or Municipal Highway Agency,6,Local Street - Municipality,E 45TH AVE,,0,None,39.77752222,39.77752222,-104.853522220,-104.853522220,0,No Special Jurisdiction,33,Curb,0,The First Harmful Event was Not a Collision with a Motor Vehicle in Transport,0,No,1,Non-Junction,1,Not an Intersection,0,None,,,4,On Roadside,1,Daylight,,,,,1,Clear,0,No,0000000,Not Applicable,8,8:00am-8:59am,29,29,8,8:00am-8:59am,39,39,9,9:00am-9:59am,3,3,,,,,,,1,
2021,8,80596,Colorado,2,2,0,0,0,2,2,14,BROOMFIELD (14),253,BROOMFIELD,1,1,12,December,2021,4,Wednesday,17,5:00pm-5:59pm,28,28,1,This section IS ON the NHS,2,Urban,2,Principal Arterial - Other Freeways and Expressways,1,State Highway Agency,2,U.S. Highway,US-36,,474,474,39.92083333,39.92083333,-105.103986110,-105.103986110,0,No Special Jurisdiction,12,Motor Vehicle In-Transport,1,Front-to-Rear,0,No,1,Non-Junction,1,Not an Intersection,0,None,,,1,On Roadway,3,Dark - Lighted,,,,,1,Clear,0,No,0000000,Not Applicable,17,5:00pm-5:59pm,29,29,17,5:00pm-5:59pm,36,36,88,"Not Applicable (Not Transported) ",88,Not Applicable (Not Transported),,,,,,,1,
2021,8,80597,Colorado,2,2,0,0,0,4,4,5,ARAPAHOE (5),110,AURORA,2,2,12,December,2021,5,Thursday,17,5:00pm-5:59pm,37,37,0,This section IS NOT on the NHS,2,Urban,7,Local,4,City or Municipal Highway Agency,6,Local Street - Municipality,E 6TH AVE,,0,None,39.72552222,39.72552222,-104.699644440,-104.699644440,0,No Special Jurisdiction,12,Motor Vehicle In-Transport,6,Angle,0,No,8,Driveway Access Related,1,Not an Intersection,0,None,,,1,On Roadway,5,Dusk,,,,,1,Clear,0,No,0000000,Not Applicable,99,Unknown,99,Unknown,99,Unknown EMS Scene Arrival Hour,99,Unknown EMS Scene Arrival Minutes,88,"Not Applicable (Not Transported) ",88,Not Applicable (Not Transported),,,,,,,1,
2021,8,80598,Colorado,2,2,0,0,0,2,2,41,EL PASO (41),0,NOT APPLICABLE,6,6,12,December,2021,2,Monday,6,6:00am-6:59am,40,40,0,This section IS NOT on the NHS,1,Rural,4,Minor Arterial,2,County Highway Agency,4,County Road,CR-SHOUP RD,,0,None,39.01282778,39.01282778,-104.746022220,-104.746022220,0,No Special Jurisdiction,53,Mail Box,0,The First Harmful Event was Not a Collision with a Motor Vehicle in Transport,0,No,1,Non-Junction,1,Not an Intersection,0,None,,,4,On Roadside,4,Dawn,,,,,1,Clear,0,No,0000000,Not Applicable,99,Unknown,99,Unknown,99,Unknown EMS Scene Arrival Hour,99,Unknown EMS Scene Arrival Minutes,88,"Not Applicable (Not Transported) ",88,Not Applicable (Not Transported),,,,,,,1,
2021,8,80599,Colorado,1,1,0,0,0,1,1,45,GARFIELD (45),0,NOT APPLICABLE,6,6,12,December,2021,2,Monday,21,9:00pm-9:59pm,28,28,1,This section IS ON the NHS,1,Rural,1,Interstate,1,State Highway Agency,1,Interstate,I-70,,707,707,39.41211944,39.41211944,-108.095358330,-108.095358330,0,No Special Jurisdiction,31,"Post, Pole or Other Supports",0,The First Harmful Event was Not a Collision with a Motor Vehicle in Transport,0,No,1,Non-Junction,1,Not an Intersection,0,None,,,3,On Median,2,Dark - Not Lighted,,,,,1,Clear,0,No,0000000,Not Applicable,99,Unknown,99,Unknown,99,Unknown EMS Scene Arrival Hour,99,Unknown EMS Scene Arrival Minutes,88,"Not Applicable (Not Transported) ",88,Not Applicable (Not Transported),,,,,,,1,
2021,8,80600,Colorado,1,1,0,0,0,1,1,1,ADAMS (1),0,NOT APPLICABLE,9,9,12,December,2021,5,Thursday,22,10:00pm-10:59pm,30,30,1,This section IS ON the NHS,2,Urban,1,Interstate,1,State Highway Agency,1,Interstate,I-76,,71,71,39.82411111,39.82411111,-104.959922220,-104.959922220,0,No Special Jurisdiction,52,Guardrail End,0,The First Harmful Event was Not a Collision with a Motor Vehicle in Transport,1,Yes,19,Other location within Interchange Area,1,Not an Intersection,0,None,,,10,Separator,3,Dark - Lighted,,,,,1,Clear,0,No,0000000,Not Applicable,99,Unknown,99,Unknown,99,Unknown EMS Scene Arrival Hour,99,Unknown EMS Scene Arrival Minutes,88,"Not Applicable (Not Transported) ",88,Not Applicable (Not Transported),,,,,,,1,
2021,8,80601,Colorado,1,1,0,0,0,1,1,119,TELLER (119),0,NOT APPLICABLE,12,12,12,December,2021,1,Sunday,1,1:00am-1:59am,16,16,0,This section IS NOT on the NHS,1,Rural,4,Minor Arterial,1,State Highway Agency,3,State Highway,SR-67,,664,664,38.89424444,38.89424444,-105.159188890,-105.159188890,0,No Special Jurisdiction,31,"Post, Pole or Other Supports",0,The First Harmful Event was Not a Collision with a Motor Vehicle in Transport,0,No,1,Non-Junction,1,Not an Intersection,0,None,,,4,On Roadside,2,Dark - Not Lighted,,,,,1,Clear,0,No,0000000,Not Applicable,99,Unknown,99,Unknown,99,Unknown EMS Scene Arrival Hour,99,Unknown EMS Scene Arrival Minutes,88,"Not Applicable (Not Transported) ",88,Not Applicable (Not Transported),,,,,,,1,
2021,8,80602,Colorado,1,1,0,0,0,1,1,85,MONTROSE (85),0,NOT APPLICABLE,12,12,12,December,2021,1,Sunday,8,8:00am-8:59am,2,2,0,This section IS NOT on the NHS,1,Rural,7,Local,2,County Highway Agency,4,County Road,CR-SPRING CREEK RD,,0,None,38.47508333,38.47508333,-107.995555560,-107.995555560,0,No Special Jurisdiction,17,Boulder,0,The First Harmful Event was Not a Collision with a Motor Vehicle in Transport,0,No,1,Non-Junction,1,Not an Intersection,0,None,,,5,Outside Trafficway,1,Daylight,,,,,1,Clear,0,No,0000000,Not Applicable,99,Unknown,99,Unknown,99,Unknown EMS Scene Arrival Hour,99,Unknown EMS Scene Arrival Minutes,88,"Not Applicable (Not Transported) ",88,Not Applicable (Not Transported),,,,,,,1,
2021,8,80603,Colorado,1,1,0,0,0,1,1,29,DELTA (29),0,NOT APPLICABLE,14,14,12,December,2021,3,Tuesday,23,11:00pm-11:59pm,50,50,0,This section IS NOT on the NHS,1,Rural,7,Local,2,County Highway Agency,4,County Road,CR-WARD CREEK RD,,0,None,38.90728333,38.90728333,-107.966022220,-107.966022220,0,No Special Jurisdiction,1,Rollover/Overturn,0,The First Harmful Event was Not a Collision with a Motor Vehicle in Transport,0,No,1,Non-Junction,1,Not an Intersection,0,None,,,4,On Roadside,2,Dark - Not Lighted,,,,,1,Clear,0,No,0000000,Not Applicable,99,Unknown,99,Unknown,99,Unknown EMS Scene Arrival Hour,99,Unknown EMS Scene Arrival Minutes,88,"Not Applicable (Not Transported) ",88,Not Applicable (Not Transported),,,,,,,1,
2021,8,80604,Colorado,1,1,0,1,1,1,1,1,ADAMS (1),434,COMMERCE CITY,2,2,12,December,2021,5,Thursday,17,5:00pm-5:59pm,25,25,0,This section IS NOT on the NHS,2,Urban,5,Major Collector,4,City or Municipal Highway Agency,6,Local Street - Municipality,E 60TH AVE,WALMART DRIVEWAY,0,None,39.80546389,39.80546389,-104.929108330,-104.929108330,0,No Special Jurisdiction,8,Pedestrian,0,The First Harmful Event was Not a Collision with a Motor Vehicle in Transport,0,No,3,Intersection-Related,2,Four-Way Intersection,0,None,,,1,On Roadway,3,Dark - Lighted,,,,,1,Clear,0,No,0000000,Not Applicable,17,5:00pm-5:59pm,25,25,17,5:00pm-5:59pm,31,31,17,5:00pm-5:59pm,57,57,,,,,,,1,
2021,8,80605,Colorado,1,1,0,1,1,1,1,31,DENVER (31),600,DENVER,15,15,12,December,2021,4,Wednesday,7,7:00am-7:59am,21,21,1,This section IS ON the NHS,2,Urban,3,Principal Arterial - Other,4,City or Municipal Highway Agency,6,Local Street - Municipality,E EVANS AVE,,0,None,39.67845833,39.67845833,-104.907650000,-104.907650000,0,No Special Jurisdiction,8,Pedestrian,0,The First Harmful Event was Not a Collision with a Motor Vehicle in Transport,0,No,1,Non-Junction,1,Not an Intersection,0,None,,,1,On Roadway,1,Daylight,,,,,10,Cloudy,1,Yes,0000000,Not Applicable,7,7:00am-7:59am,22,22,7,7:00am-7:59am,24,24,7,7:00am-7:59am,41,41,,,,,,,1,
2021,8,80606,Colorado,1,1,0,0,0,1,1,73,LINCOLN (73),0,NOT APPLICABLE,15,15,12,December,2021,4,Wednesday,17,5:00pm-5:59pm,50,50,0,This section IS NOT on the NHS,1,Rural,4,Minor Arterial,1,State Highway Agency,3,State Highway,SR-71,,691,691,38.80142778,38.80142778,-103.700344440,-103.700344440,0,No Special Jurisdiction,1,Rollover/Overturn,0,The First Harmful Event was Not a Collision with a Motor Vehicle in Transport,0,No,1,Non-Junction,1,Not an Intersection,0,None,,,4,On Roadside,2,Dark - Not Lighted,,,,,1,Clear,0,No,0000000,Not Applicable,99,Unknown,99,Unknown,99,Unknown EMS Scene Arrival Hour,99,Unknown EMS Scene Arrival Minutes,88,"Not Applicable (Not Transported) ",88,Not Applicable (Not Transported),,,,,,,1,
2021,8,80607,Colorado,2,2,0,0,0,5,5,59,JEFFERSON (59),0,NOT APPLICABLE,17,17,12,December,2021,6,Friday,4,4:00am-4:59am,53,53,1,This section IS ON the NHS,2,Urban,3,Principal Arterial - Other,1,State Highway Agency,2,U.S. Highway,US-6   W 6TH AVE,US-40   W COLFAX AVE,2751,2751,39.72516111,39.72516111,-105.189650000,-105.189650000,0,No Special Jurisdiction,12,Motor Vehicle In-Transport,6,Angle,0,No,2,Intersection,2,Four-Way Intersection,0,None,,,1,On Roadway,3,Dark - Lighted,,,,,1,Clear,0,No,0000000,Not Applicable,4,4:00am-4:59am,53,53,4,4:00am-4:59am,59,59,5,5:00am-5:59am,31,31,,,,,,,1,
2021,8,80608,Colorado,1,1,0,2,2,1,1,73,LINCOLN (73),1500,LIMON,18,18,12,December,2021,7,Saturday,18,6:00pm-6:59pm,0,0,0,This section IS NOT on the NHS,1,Rural,4,Minor Arterial,1,State Highway Agency,2,U.S. Highway,US-24   MAIN ST,E AVE,3782,3782,39.26289722,39.26289722,-103.688044440,-103.688044440,0,No Special Jurisdiction,8,Pedestrian,0,The First Harmful Event was Not a Collision with a Motor Vehicle in Transport,0,No,3,Intersection-Related,2,Four-Way Intersection,0,None,,,1,On Roadway,3,Dark - Lighted,,,,,1,Clear,0,No,0000000,Not Applicable,99,Unknown,99,Unknown,99,Unknown EMS Scene Arrival Hour,99,Unknown EMS Scene Arrival Minutes,99,Unknown,99,Unknown EMS Hospital Arrival Time,,,,,,,1,
2021,8,80609,Colorado,2,2,0,0,0,4,4,1,ADAMS (1),434,COMMERCE CITY,18,18,12,December,2021,7,Saturday,18,6:00pm-6:59pm,53,53,0,This section IS NOT on the NHS,2,Urban,4,Minor Arterial,1,State Highway Agency,2,U.S. Highway,US-6   VASQUEZ BLVD,,2921,2921,39.79193056,39.79193056,-104.940541670,-104.940541670,0,No Special Jurisdiction,33,Curb,0,The First Harmful Event was Not a Collision with a Motor Vehicle in Transport,0,No,1,Non-Junction,1,Not an Intersection,0,None,,,3,On Median,3,Dark - Lighted,,,,,1,Clear,0,No,0000000,Not Applicable,18,6:00pm-6:59pm,54,54,18,6:00pm-6:59pm,57,57,88,"Not Applicable (Not Transported) ",88,Not Applicable (Not Transported),,,,,,,1,
2021,8,80610,Colorado,1,1,0,0,0,2,2,123,WELD (123),0,NOT APPLICABLE,19,19,12,December,2021,1,Sunday,6,6:00am-6:59am,37,37,0,This section IS NOT on the NHS,1,Rural,5,Major Collector,2,County Highway Agency,4,County Road,CR-17,,0,None,40.36910556,40.36910556,-104.907491670,-104.907491670,0,No Special Jurisdiction,1,Rollover/Overturn,0,The First Harmful Event was Not a Collision with a Motor Vehicle in Transport,0,No,1,Non-Junction,1,Not an Intersection,0,None,,,4,On Roadside,4,Dawn,,,,,1,Clear,0,No,0000000,Not Applicable,6,6:00am-6:59am,37,37,6,6:00am-6:59am,44,44,88,"Not Applicable (Not Transported) ",88,Not Applicable (Not Transported),,,,,,,1,
2021,8,80611,Colorado,2,2,0,0,0,2,2,7,ARCHULETA (7),0,NOT APPLICABLE,19,19,12,December,2021,1,Sunday,14,2:00pm-2:59pm,11,11,1,This section IS ON the NHS,1,Rural,3,Principal Arterial - Other,1,State Highway Agency,2,U.S. Highway,US-160,,1351,1351,37.23782222,37.23782222,-107.129577780,-107.129577780,0,No Special Jurisdiction,12,Motor Vehicle In-Transport,8,Sideswipe - Opposite Direction,0,No,1,Non-Junction,1,Not an Intersection,0,None,,,1,On Roadway,1,Daylight,,,,,1,Clear,0,No,0000000,Not Applicable,99,Unknown,99,Unknown,99,Unknown EMS Scene Arrival Hour,99,Unknown EMS Scene Arrival Minutes,88,"Not Applicable (Not Transported) ",88,Not Applicable (Not Transported),,,,,,,1,
2021,8,80613,Colorado,1,1,0,1,1,1,1,59,JEFFERSON (59),2555,WHEAT RIDGE,5,5,12,December,2021,1,Sunday,10,10:00am-10:59am,23,23,1,This section IS ON the NHS,2,Urban,3,Principal Arterial - Other,1,State Highway Agency,3,State Highway,SR-391   N KIPLING ST,W 44TH AVE,91,91,39.77817778,39.77817778,-105.109455560,-105.109455560,0,No Special Jurisdiction,8,Pedestrian,0,The First Harmful Event was Not a Collision with a Motor Vehicle in Transport,0,No,3,Intersection-Related,2,Four-Way Intersection,0,None,,,1,On Roadway,1,Daylight,,,,,1,Clear,0,No,0000000,Not Applicable,99,Unknown,99,Unknown,99,Unknown EMS Scene Arrival Hour,99,Unknown EMS Scene Arrival Minutes,99,Unknown,99,Unknown EMS Hospital Arrival Time,,,,,,,1,
2021,8,80614,Colorado,1,1,0,0,0,1,1,59,JEFFERSON (59),0,NOT APPLICABLE,19,19,12,December,2021,1,Sunday,20,8:00pm-8:59pm,35,35,0,This section IS NOT on the NHS,1,Rural,5,Major Collector,2,County Highway Agency,4,County Road,CR-SQUAW PASS RD,,0,None,39.68500000,39.68500000,-105.390194440,-105.390194440,0,No Special Jurisdiction,35,Embankment,0,The First Harmful Event was Not a Collision with a Motor Vehicle in Transport,0,No,1,Non-Junction,1,Not an Intersection,0,None,,,4,On Roadside,2,Dark - Not Lighted,,,,,10,Cloudy,0,No,0000000,Not Applicable,20,8:00pm-8:59pm,32,32,20,8:00pm-8:59pm,38,38,21,9:00pm-9:59pm,7,7,,,,,,,1,
2021,8,80615,Colorado,1,1,0,0,0,1,1,39,ELBERT (39),0,NOT APPLICABLE,22,22,12,December,2021,4,Wednesday,7,7:00am-7:59am,37,37,1,This section IS ON the NHS,1,Rural,1,Interstate,1,State Highway Agency,1,Interstate,I-70,,3326,3326,39.55888889,39.55888889,-104.008433330,-104.008433330,0,No Special Jurisdiction,38,Fence,0,The First Harmful Event was Not a Collision with a Motor Vehicle in Transport,0,No,1,Non-Junction,1,Not an Intersection,0,None,,,5,Outside Trafficway,1,Daylight,,,,,1,Clear,0,No,0000000,Not Applicable,99,Unknown,99,Unknown,99,Unknown EMS Scene Arrival Hour,99,Unknown EMS Scene Arrival Minutes,88,"Not Applicable (Not Transported) ",88,Not Applicable (Not Transported),,,,,,,1,
2021,8,80616,Colorado,1,1,0,0,0,1,1,69,LARIMER (69),860,FORT COLLINS,23,23,12,December,2021,5,Thursday,2,2:00am-2:59am,4,4,0,This section IS NOT on the NHS,2,Urban,7,Local,4,City or Municipal Highway Agency,6,Local Street - Municipality,W PLUM ST,CONSTITUTION AVE,0,None,40.57656667,40.57656667,-105.105688890,-105.105688890,0,No Special Jurisdiction,30,Utility Pole/Light Support,0,The First Harmful Event was Not a Collision with a Motor Vehicle in Transport,0,No,3,Intersection-Related,10,L-Intersection,0,None,,,4,On Roadside,3,Dark - Lighted,,,,,1,Clear,0,No,0000000,Not Applicable,4,4:00am-4:59am,48,48,4,4:00am-4:59am,55,55,88,"Not Applicable (Not Transported) ",88,Not Applicable (Not Transported),,,,,,,1,
2021,8,80617,Colorado,1,1,0,0,0,3,3,101,PUEBLO (101),0,NOT APPLICABLE,26,26,12,December,2021,1,Sunday,23,11:00pm-11:59pm,19,19,1,This section IS ON the NHS,2,Urban,3,Principal Arterial - Other,1,State Highway Agency,2,U.S. Highway,US-50 BUSN RT,,63,63,38.24491667,38.24491667,-104.516233330,-104.516233330,0,No Special Jurisdiction,53,Mail Box,0,The First Harmful Event was Not a Collision with a Motor Vehicle in Transport,0,No,1,Non-Junction,1,Not an Intersection,0,None,,,4,On Roadside,2,Dark - Not Lighted,,,,,1,Clear,0,No,0000000,Not Applicable,99,Unknown,99,Unknown,99,Unknown EMS Scene Arrival Hour,99,Unknown EMS Scene Arrival Minutes,99,Unknown,99,Unknown EMS Hospital Arrival Time,,,,,,,1,
2021,8,80618,Colorado,1,1,0,0,0,1,1,41,EL PASO (41),0,NOT APPLICABLE,20,20,12,December,2021,2,Monday,4,4:00am-4:59am,0,0,1,This section IS ON the NHS,1,Rural,3,Principal Arterial - Other,1,State Highway Agency,2,U.S. Highway,US-24,,3339,3339,39.02611111,39.02611111,-104.401700000,-104.401700000,0,No Special Jurisdiction,1,Rollover/Overturn,0,The First Harmful Event was Not a Collision with a Motor Vehicle in Transport,0,No,1,Non-Junction,1,Not an Intersection,0,None,,,4,On Roadside,2,Dark - Not Lighted,,,,,1,Clear,0,No,0000000,Not Applicable,99,Unknown,99,Unknown,99,Unknown EMS Scene Arrival Hour,99,Unknown EMS Scene Arrival Minutes,99,Unknown,99,Unknown EMS Hospital Arrival Time,,,,,,,1,
2021,8,80619,Colorado,1,1,0,0,0,2,2,59,JEFFERSON (59),1435,LAKEWOOD,26,26,12,December,2021,1,Sunday,17,5:00pm-5:59pm,6,6,1,This section IS ON the NHS,2,Urban,1,Interstate,1,State Highway Agency,1,Interstate,I-70,,2630,2630,39.74417222,39.74417222,-105.153800000,-105.153800000,0,No Special Jurisdiction,57,Cable Barrier,0,The First Harmful Event was Not a Collision with a Motor Vehicle in Transport,0,No,1,Non-Junction,1,Not an Intersection,0,None,,,3,On Median,2,Dark - Not Lighted,,,,,1,Clear,0,No,0000000,Not Applicable,99,Unknown,99,Unknown,17,5:00pm-5:59pm,26,26,99,Unknown,99,Unknown EMS Hospital Arrival Time,,,,,,,1,
2021,8,80620,Colorado,1,1,0,1,1,1,1,1,ADAMS (1),110,AURORA,26,26,12,December,2021,1,Sunday,17,5:00pm-5:59pm,59,59,0,This section IS NOT on the NHS,2,Urban,7,Local,4,City or Municipal Highway Agency,6,Local Street - Municipality,E MONTVIEW BLVD,N DANUBE WAY,0,None,39.74691667,39.74691667,-104.764238890,-104.764238890,0,No Special Jurisdiction,8,Pedestrian,0,The First Harmful Event was Not a Collision with a Motor Vehicle in Transport,0,No,3,Intersection-Related,3,T-Intersection,0,None,,,1,On Roadway,3,Dark - Lighted,,,,,1,Clear,0,No,0000000,Not Applicable,17,5:00pm-5:59pm,59,59,18,6:00pm-6:59pm,2,2,18,6:00pm-6:59pm,17,17,,,,,,,1,
2021,8,80621,Colorado,2,2,0,0,0,2,2,23,COSTILLA (23),0,NOT APPLICABLE,27,27,12,December,2021,2,Monday,20,8:00pm-8:59pm,9,9,1,This section IS ON the NHS,1,Rural,3,Principal Arterial - Other,1,State Highway Agency,2,U.S. Highway,US-160,,2592,2592,37.42765278,37.42765278,-105.414111110,-105.414111110,0,No Special Jurisdiction,12,Motor Vehicle In-Transport,2,Front-to-Front,0,No,1,Non-Junction,1,Not an Intersection,0,None,,,1,On Roadway,2,Dark - Not Lighted,,,,,98,Not Reported,0,No,0000000,Not Applicable,99,Unknown,99,Unknown,99,Unknown EMS Scene Arrival Hour,99,Unknown EMS Scene Arrival Minutes,99,Unknown,99,Unknown EMS Hospital Arrival Time,,,,,,,1,
2021,8,80622,Colorado,1,1,0,0,0,1,1,31,DENVER (31),600,DENVER,12,12,12,December,2021,1,Sunday,3,3:00am-3:59am,58,58,1,This section IS ON the NHS,2,Urban,1,Interstate,1,State Highway Agency,1,Interstate,I-25 RAMP C,20TH ST,2121,2121,39.76098056,39.76098056,-105.004005560,-105.004005560,0,No Special Jurisdiction,25,Concrete Traffic Barrier,0,The First Harmful Event was Not a Collision with a Motor Vehicle in Transport,1,Yes,3,Intersection-Related,2,Four-Way Intersection,0,None,,,4,On Roadside,3,Dark - Lighted,,,,,1,Clear,0,No,0000000,Not Applicable,99,Unknown,99,Unknown,99,Unknown EMS Scene Arrival Hour,99,Unknown EMS Scene Arrival Minutes,88,"Not Applicable (Not Transported) ",88,Not Applicable (Not Transported),,,,,,,1,
2021,8,80623,Colorado,3,3,0,0,0,5,5,31,DENVER (31),600,DENVER,19,19,12,December,2021,1,Sunday,23,11:00pm-11:59pm,10,10,1,This section IS ON the NHS,2,Urban,3,Principal Arterial - Other,1,State Highway Agency,3,State Highway,SR-30   S HAVANA ST,SR-83  S PARKER RD,38,38,39.67083889,39.67083889,-104.866169440,-104.866169440,0,No Special Jurisdiction,12,Motor Vehicle In-Transport,6,Angle,0,No,2,Intersection,2,Four-Way Intersection,0,None,,,1,On Roadway,3,Dark - Lighted,,,,,1,Clear,0,No,0000000,Not Applicable,23,11:00pm-11:59pm,23,23,23,11:00pm-11:59pm,31,31,23,11:00pm-11:59pm,54,54,,,,,,,2,