caseyear,state,st_case,statename,ve_total,ve_forms,pvh_invl,peds,pernotmvit,permvit,persons,county,countyname,city,cityname,day,dayname,month,monthname,year,day_week,day_weekname,hour,hourname,minute,minutename,nhs,nhsname,rur_urb,rur_urbname,func_sys,func_sysname,rd_owner,rd_ownername,route,routename,tway_id,tway_id2,milept,mileptname,latitude,latitudename,longitud,longitudname,sp_jur,sp_jurname,harm_ev,harm_evname,man_coll,man_collname,reljct1,reljct1name,reljct2,reljct2name,typ_int,typ_intname,wrk_zone,wrk_zonename,road_fnc,road_fncname,rel_road,rel_roadname,lgt_cond,lgt_condname,weather1,weather1name,weather2,weather2name,weather,weathername,sch_bus,sch_busname,rail,railname,not_hour,not_hourname,not_min,not_minname,arr_hour,arr_hourname,arr_min,arr_minname,hosp_hr,hosp_hrname,hosp_mn,hosp_mnname,cf1,cf1name,cf2,cf2name,cf3,cf3name,fatals,drunk_dr
2022,8,80019,Colorado,1,1,0,0,0,1,1,87,MORGAN (87),0,NOT APPLICABLE,23,23,1,January,2022,1,Sunday,9,9:00am-9:59am,0,0,0,This section IS NOT on the NHS,1,Rural,5,Major Collector,1,State Highway Agency,3,State Highway,SR-52,,988,988,40.42648889,40.42648889,-103.802722220,-103.80272222,0,No Special Jurisdiction,31,"Post, Pole or Other Supports",0,The First Harmful Event was Not a Collision with a Motor Vehicle in Transport,0,No,1,Non-Junction,1,Not an Intersection,0,None,,,4,On Roadside,1,Daylight,,,,,1,Clear,0,No,0000000,Not Applicable,9,9:00am-9:59am,12,12,9,9:00am-9:59am,26,26,10,10:00am-10:59am,34,34,,,,,,,1,
2022,8,80020,Colorado,1,1,0,0,0,1,1,83,MONTEZUMA (83),0,NOT APPLICABLE,26,26,1,January,2022,4,Wednesday,17,5:00pm-5:59pm,0,0,1,This section IS ON the NHS,2,Urban,3,Principal Arterial - Other,1,State Highway Agency,3,State Highway,SR-145,,18,18,37.37871111,37.37871111,-108.554638890,-108.55463889,0,No Special Jurisdiction,32,Culvert,0,The First Harmful Event was Not a Collision with a Motor Vehicle in Transport,0,No,1,Non-Junction,1,Not an Intersection,0,None,,,4,On Roadside,1,Daylight,,,,,1,Clear,0,No,0000000,Not Applicable,99,Unknown,99,Unknown,99,Unknown EMS Scene Arrival Hour,99,Unknown EMS Scene Arrival Minutes,88,"Not Applicable (Not Transported) ",88,Not Applicable (Not Transported),,,,,,,1,
2022,8,80021,Colorado,1,1,0,0,0,1,1,9,BACA (9),0,NOT APPLICABLE,27,27,1,January,2022,5,Thursday,3,3:00am-3:59am,0,0,0,This section IS NOT on the NHS,1,Rural,5,Major Collector,2,County Highway Agency,4,County Road,CR-44,,0,None,37.23894444,37.23894444,-102.276847220,-102.27684722,0,No Special Jurisdiction,24,Guardrail Face,0,The First Harmful Event was Not a Collision with a Motor Vehicle in Transport,0,No,1,Non-Junction,1,Not an Intersection,0,None,,,4,On Roadside,2,Dark - Not Lighted,,,,,1,Clear,0,No,0000000,Not Applicable,3,3:00am-3:59am,32,32,3,3:00am-3:59am,49,49,88,"Not Applicable (Not Transported) ",88,Not Applicable (Not Transported),,,,,,,1,
2022,8,80022,Colorado,3,3,0,0,0,4,4,5,ARAPAHOE (5),110,AURORA,29,29,1,January,2022,7,Saturday,18,6:00pm-6:59pm,45,45,1,This section IS ON the NHS,2,Urban,3,Principal Arterial - Other,4,City or Municipal Highway Agency,6,Local Street - Municipality,E ILIFF AVE,S TOWER RD,0,None,39.67718611,39.67718611,-104.772375000,-104.77237500,0,No Special Jurisdiction,12,Motor Vehicle In-Transport,2,Front-to-Front,0,No,2,Intersection,2,Four-Way Intersection,0,None,,,1,On Roadway,3,Dark - Lighted,,,,,1,Clear,0,No,0000000,Not Applicable,18,6:00pm-6:59pm,45,45,18,6:00pm-6:59pm,51,51,19,7:00pm-7:59pm,33,33,,,,,,,1,
2022,8,80023,Colorado,2,2,0,0,0,2,2,5,ARAPAHOE (5),110,AURORA,29,29,1,January,2022,7,Saturday,18,6:00pm-6:59pm,45,45,0,This section IS NOT on the NHS,2,Urban,7,Local,4,City or Municipal Highway Agency,6,Local Street - Municipality,E STEPHEN HOGAN PKWY,,0,None,39.72495556,39.72495556,-104.742055560,-104.74205556,0,No Special Jurisdiction,12,Motor Vehicle In-Transport,2,Front-to-Front,0,No,1,Non-Junction,1,Not an Intersection,0,None,,,1,On Roadway,3,Dark - Lighted,,,,,1,Clear,0,No,0000000,Not Applicable,18,6:00pm-6:59pm,48,48,18,6:00pm-6:59pm,49,49,19,7:00pm-7:59pm,11,11,,,,,,,1,
2022,8,80024,Colorado,1,1,0,0,0,1,1,1,ADAMS (1),2427,THORNTON,29,29,1,January,2022,7,Saturday,22,10:00pm-10:59pm,20,20,1,This section IS ON the NHS,2,Urban,3,Principal Arterial - Other,4,City or Municipal Highway Agency,6,Local Street - Municipality,E 104TH AVE,,0,None,39.88516667,39.88516667,-104.980033330,-104.98003333,0,No Special Jurisdiction,42,Tree (Standing Only),0,The First Harmful Event was Not a Collision with a Motor Vehicle in Transport,0,No,1,Non-Junction,1,Not an Intersection,0,None,,,3,On Median,3,Dark - Lighted,,,,,1,Clear,0,No,0000000,Not Applicable,22,10:00pm-10:59pm,22,22,22,10:00pm-10:59pm,26,26,22,10:00pm-10:59pm,32,32,,,,,,,1,
2022,8,80025,Colorado,1,1,0,0,0,1,1,69,LARIMER (69),1550,LOVELAND,30,30,1,January,2022,1,Sunday,0,0:00am-0:59am,48,48,1,This section IS ON the NHS,2,Urban,1,Interstate,1,State Highway Agency,1,Interstate,I-25,,2588,2588,40.42902778,40.42902778,-104.992652780,-104.99265278,0,No Special Jurisdiction,25,Concrete Traffic Barrier,0,The First Harmful Event was Not a Collision with a Motor Vehicle in Transport,0,No,1,Non-Junction,1,Not an Intersection,1,Construction,,,3,On Median,2,Dark - Not Lighted,,,,,1,Clear,0,No,0000000,Not Applicable,0,0:00am-0:59am,48,48,0,0:00am-0:59am,53,53,88,"Not Applicable (Not Transported) ",88,Not Applicable (Not Transported),,,,,,,1,
2022,8,80026,Colorado,1,1,0,0,0,1,1,71,LAS ANIMAS (71),0,NOT APPLICABLE,30,30,1,January,2022,1,Sunday,15,3:00pm-3:59pm,59,59,1,This section IS ON the NHS,1,Rural,1,Interstate,1,State Highway Agency,1,Interstate,I-25,,17,17,37.01786111,37.01786111,-104.484088890,-104.48408889,0,No Special Jurisdiction,31,"Post, Pole or Other Supports",0,The First Harmful Event was Not a Collision with a Motor Vehicle in Transport,0,No,1,Non-Junction,1,Not an Intersection,0,None,,,3,On Median,1,Daylight,,,,,1,Clear,0,No,0000000,Not Applicable,99,Unknown,99,Unknown,99,Unknown EMS Scene Arrival Hour,99,Unknown EMS Scene Arrival Minutes,88,"Not Applicable (Not Transported) ",88,Not Applicable (Not Transported),,,,,,,1,
2022,8,80027,Colorado,1,1,0,0,0,1,1,1,ADAMS (1),0,NOT APPLICABLE,30,30,1,January,2022,1,Sunday,22,10:00pm-10:59pm,20,20,0,This section IS NOT on the NHS,2,Urban,4,Minor Arterial,2,County Highway Agency,4,County Road,CR-W 72ND AVE,CR-ALAN DR,0,None,39.82738333,39.82738333,-105.010583330,-105.01058333,0,No Special Jurisdiction,43,Other Fixed Object,0,The First Harmful Event was Not a Collision with a Motor Vehicle in Transport,0,No,3,Intersection-Related,2,Four-Way Intersection,0,None,,,4,On Roadside,3,Dark - Lighted,,,,,1,Clear,0,No,0000000,Not Applicable,99,Unknown,99,Unknown,99,Unknown EMS Scene Arrival Hour,99,Unknown EMS Scene Arrival Minutes,99,Unknown,99,Unknown EMS Hospital Arrival Time,,,,,,,1,
2022,8,80028,Colorado,2,2,0,0,0,2,2,41,EL PASO (41),430,COLORADO SPRINGS,15,15,1,January,2022,7,Saturday,12,12:00pm-12:59pm,44,44,1,This section IS ON the NHS,2,Urban,3,Principal Arterial - Other,4,City or Municipal Highway Agency,6,Local Street - Municipality,N CIRCLE DR,CENTRE LN,0,None,38.86762778,38.86762778,-104.777500000,-104.77750000,0,No Special Jurisdiction,12,Motor Vehicle In-Transport,2,Front-to-Front,0,No,2,Intersection,3,T-Intersection,0,None,,,1,On Roadway,1,Daylight,,,,,1,Clear,0,No,0000000,Not Applicable,12,12:00pm-12:59pm,44,44,12,12:00pm-12:59pm,52,52,99,Unknown,99,Unknown EMS Hospital Arrival Time,,,,,,,1,
2022,8,80029,Colorado,1,1,0,0,0,1,1,9,BACA (9),0,NOT APPLICABLE,31,31,1,January,2022,2,Monday,13,1:00pm-1:59pm,25,25,0,This section IS NOT on the NHS,1,Rural,5,Major Collector,2,County Highway Agency,4,County Road,CR-44,,0,None,37.29397222,37.29397222,-102.277033330,-102.27703333,0,No Special Jurisdiction,1,Rollover/Overturn,0,The First Harmful Event was Not a Collision with a Motor Vehicle in Transport,0,No,1,Non-Junction,1,Not an Intersection,0,None,,,4,On Roadside,1,Daylight,,,,,1,Clear,0,No,0000000,Not Applicable,99,Unknown,99,Unknown,99,Unknown EMS Scene Arrival Hour,99,Unknown EMS Scene Arrival Minutes,99,Unknown,99,Unknown EMS Hospital Arrival Time,,,,,,,1,
2022,8,80030,Colorado,3,3,0,0,0,6,6,123,WELD (123),0,NOT APPLICABLE,31,31,1,January,2022,2,Monday,20,8:00pm-8:59pm,55,55,1,This section IS ON the NHS,2,Urban,1,Interstate,1,State Highway Agency,1,Interstate,I-25,,2506,2506,40.31231944,40.31231944,-104.980333330,-104.98033333,0,No Special Jurisdiction,12,Motor Vehicle In-Transport,7,Sideswipe - Same Direction,0,No,1,Non-Junction,1,Not an Intersection,1,Construction,,,1,On Roadway,2,Dark - Not Lighted,,,,,1,Clear,0,No,0000000,Not Applicable,99,Unknown,99,Unknown,99,Unknown EMS Scene Arrival Hour,99,Unknown EMS Scene Arrival Minutes,88,"Not Applicable (Not Transported) ",88,Not Applicable (Not Transported),,,,,,,1,
2022,8,80031,Colorado,2,2,0,0,0,3,3,101,PUEBLO (101),2050,PUEBLO,25,25,1,January,2022,3,Tuesday,0,0:00am-0:59am,42,42,1,This section IS ON the NHS,2,Urban,1,Interstate,1,State Highway Agency,1,Interstate,I-25,,988,988,38.27197500,38.27197500,-104.604741670,-104.60474167,0,No Special Jurisdiction,12,Motor Vehicle In-Transport,2,Front-to-Front,0,No,1,Non-Junction,1,Not an Intersection,0,None,,,1,On Roadway,3,Dark - Lighted,,,,,1,Clear,0,No,0000000,Not Applicable,0,0:00am-0:59am,46,46,99,Unknown EMS Scene Arrival Hour,99,Unknown EMS Scene Arrival Minutes,88,"Not Applicable (Not Transported) ",88,Not Applicable (Not Transported),,,,,,,1,
2022,8,80032,Colorado,2,2,0,0,0,2,2,101,PUEBLO (101),2050,PUEBLO,29,29,1,January,2022,7,Saturday,0,0:00am-0:59am,20,20,1,This section IS ON the NHS,2,Urban,1,Interstate,1,State Highway Agency,1,Interstate,I-25,,977,977,38.25687778,38.25687778,-104.606463890,-104.60646389,0,No Special Jurisdiction,24,Guardrail Face,0,The First Harmful Event was Not a Collision with a Motor Vehicle in Transport,0,No,1,Non-Junction,1,Not an Intersection,0,None,,,4,On Roadside,3,Dark - Lighted,,,,,1,Clear,0,No,0000000,Not Applicable,0,0:00am-0:59am,21,21,0,0:00am-0:59am,26,26,0,0:00am-0:59am,41,41,,,,,,,1,
2022,8,80033,Colorado,2,2,0,0,0,2,2,5,ARAPAHOE (5),110,AURORA,31,31,1,January,2022,2,Monday,19,7:00pm-7:59pm,2,2,0,This section IS NOT on the NHS,2,Urban,7,Local,4,City or Municipal Highway Agency,6,Local Street - Municipality,S AURORA PKWY,,0,None,39.60072222,39.60072222,-104.703019440,-104.70301944,0,No Special Jurisdiction,12,Motor Vehicle In-Transport,2,Front-to-Front,0,No,1,Non-Junction,1,Not an Intersection,0,None,,,1,On Roadway,3,Dark - Lighted,,,,,10,Cloudy,0,No,0000000,Not Applicable,19,7:00pm-7:59pm,3,3,19,7:00pm-7:59pm,10,10,19,7:00pm-7:59pm,34,34,,,,,,,1,
2022,8,80034,Colorado,3,2,1,1,1,2,2,123,WELD (123),1990,PLATTEVILLE,3,3,1,January,2022,2,Monday,19,7:00pm-7:59pm,24,24,1,This section IS ON the NHS,1,Rural,2,Principal Arterial - Other Freeways and Expressways,1,State Highway Agency,2,U.S. Highway,US-85,,2477,2477,40.16713889,40.16713889,-104.815208330,-104.81520833,0,No Special Jurisdiction,14,Parked Motor Vehicle,0,The First Harmful Event was Not a Collision with a Motor Vehicle in Transport,0,No,1,Non-Junction,1,Not an Intersection,0,None,,,2,On Shoulder,2,Dark - Not Lighted,,,,,4,Snow,0,No,0000000,Not Applicable,19,7:00pm-7:59pm,28,28,19,7:00pm-7:59pm,33,33,88,"Not Applicable (Not Transported) ",88,Not Applicable (Not Transported),,,,,,,1,
2022,8,80035,Colorado,1,1,0,0,0,1,1,1,ADAMS (1),800,FEDERAL HEIGHTS,30,30,1,January,2022,1,Sunday,9,9:00am-9:59am,47,47,0,This section IS NOT on the NHS,2,Urban,4,Minor Arterial,4,City or Municipal Highway Agency,6,Local Street - Municipality,W 84TH AVE,HURON ST,0,None,39.84911667,39.84911667,-104.997044440,-104.99704444,0,No Special Jurisdiction,33,Curb,0,The First Harmful Event was Not a Collision with a Motor Vehicle in Transport,0,No,3,Intersection-Related,2,Four-Way Intersection,0,None,,,4,On Roadside,1,Daylight,,,,,1,Clear,0,No,0000000,Not Applicable,99,Unknown,99,Unknown,99,Unknown EMS Scene Arrival Hour,99,Unknown EMS Scene Arrival Minutes,99,Unknown,99,Unknown EMS Hospital Arrival Time,,,,,,,1,
2022,8,80036,Colorado,1,1,0,1,1,1,1,31,DENVER (31),600,DENVER,21,21,1,January,2022,6,Friday,22,10:00pm-10:59pm,50,50,1,This section IS ON the NHS,2,Urban,3,Principal Arterial - Other,1,State Highway Agency,3,State Highway,SR-88   S FEDERAL BLVD,,39,39,39.68266667,39.68266667,-105.024988890,-105.02498889,0,No Special Jurisdiction,8,Pedestrian,0,The First Harmful Event was Not a Collision with a Motor Vehicle in Transport,0,No,1,Non-Junction,1,Not an Intersection,0,None,,,1,On Roadway,3,Dark - Lighted,,,,,98,Not Reported,0,No,0000000,Not Applicable,99,Unknown,99,Unknown,99,Unknown EMS Scene Arrival Hour,99,Unknown EMS Scene Arrival Minutes,99,Unknown,99,Unknown EMS Hospital Arrival Time,,,,,,,1,
2022,8,80037,Colorado,3,3,0,0,0,4,4,31,DENVER (31),600,DENVER,14,14,1,January,2022,6,Friday,11,11:00am-11:59am,14,14,1,This section IS ON the NHS,2,Urban,3,Principal Arterial - Other,4,City or Municipal Highway Agency,6,Local Street - Municipality,E ALAMEDA AVE,S DAYTON ST,0,None,39.70891667,39.70891667,-104.875450000,-104.87545000,0,No Special Jurisdiction,12,Motor Vehicle In-Transport,2,Front-to-Front,0,No,2,Intersection,3,T-Intersection,0,None,,,1,On Roadway,1,Daylight,,,,,10,Cloudy,0,No,0000000,Not Applicable,11,11:00am-11:59am,15,15,11,11:00am-11:59am,20,20,99,Unknown,99,Unknown EMS Hospital Arrival Time,,,,,,,1,
2022,8,80038,Colorado,1,1,0,0,0,1,1,31,DENVER (31),600,DENVER,11,11,1,January,2022,3,Tuesday,12,12:00pm-12:59pm,32,32,1,This section IS ON the NHS,2,Urban,2,Principal Arterial - Other Freeways and Expressways,4,City or Municipal Highway Agency,6,Local Street - Municipality,PENA BLVD,,0,None,39.78962778,39.78962778,-104.789211110,-104.78921111,0,No Special Jurisdiction,31,"Post, Pole or Other Supports",0,The First Harmful Event was Not a Collision with a Motor Vehicle in Transport,0,No,1,Non-Junction,1,Not an Intersection,0,None,,,3,On Median,1,Daylight,,,,,1,Clear,0,No,0000000,Not Applicable,99,Unknown,99,Unknown,99,Unknown EMS Scene Arrival Hour,99,Unknown EMS Scene Arrival Minutes,99,Unknown,99,Unknown EMS Hospital Arrival Time,,,,,,,1,
2022,8,80039,Colorado,1,1,0,1,1,1,1,123,WELD (123),1070,GREELEY,1,1,2,February,2022,3,Tuesday,5,5:00am-5:59am,28,28,0,This section IS NOT on the NHS,2,Urban,4,Minor Arterial,4,City or Municipal Highway Agency,6,Local Street - Municipality,35TH AVE,,0,None,40.40343889,40.40343889,-104.735108330,-104.73510833,0,No Special Jurisdiction,15,Non-Motorist on Personal Conveyance,0,The First Harmful Event was Not a Collision with a Motor Vehicle in Transport,0,No,1,Non-Junction,1,Not an Intersection,0,None,,,1,On Roadway,2,Dark - Not Lighted,,,,,1,Clear,0,No,0000000,Not Applicable,5,5:00am-5:59am,30,30,5,5:00am-5:59am,32,32,5,5:00am-5:59am,48,48,,,,,,,1,
2022,8,80040,Colorado,2,2,0,0,0,3,3,71,LAS ANIMAS (71),0,NOT APPLICABLE,1,1,2,February,2022,3,Tuesday,10,10:00am-10:59am,5,5,0,This section IS NOT on the NHS,1,Rural,5,Major Collector,1,State Highway Agency,3,State Highway,SR-12,,561,561,37.12473333,37.12473333,-104.721633330,-104.72163333,0,No Special Jurisdiction,12,Motor Vehicle In-Transport,7,Sideswipe - Same Direction,0,No,8,Driveway Access Related,1,Not an Intersection,0,None,,,1,On Roadway,1,Daylight,,,,,1,Clear,0,No,0000000,Not Applicable,99,Unknown,99,Unknown,99,Unknown EMS Scene Arrival Hour,99,Unknown EMS Scene Arrival Minutes,99,Unknown,99,Unknown EMS Hospital Arrival Time,,,,,,,2,
2022,8,80041,Colorado,2,2,0,0,0,2,2,75,LOGAN (75),0,NOT APPLICABLE,1,1,2,February,2022,3,Tuesday,14,2:00pm-2:59pm,15,15,1,This section IS ON the NHS,1,Rural,3,Principal Arterial - Other,1,State Highway Agency,3,State Highway,SR-14,CR-25,2292,2292,40.62388056,40.62388056,-103.353925000,-103.35392500,0,No Special Jurisdiction,12,Motor Vehicle In-Transport,6,Angle,0,No,2,Intersection,2,Four-Way Intersection,0,None,,,1,On Roadway,1,Daylight,,,,,10,Cloudy,0,No,0000000,Not Applicable,14,2:00pm-2:59pm,9,9,14,2:00pm-2:59pm,20,20,14,2:00pm-2:59pm,32,32,,,,,,,1,
2022,8,80042,Colorado,3,3,0,0,0,4,4,13,BOULDER (13),0,NOT APPLICABLE,1,1,2,February,2022,3,Tuesday,16,4:00pm-4:59pm,19,19,1,This section IS ON the NHS,1,Rural,3,Principal Arterial - Other,1,State Highway Agency,2,U.S. Highway,US-287,,3064,3064,40.02943056,40.02943056,-105.102644440,-105.10264444,0,No Special Jurisdiction,12,Motor Vehicle In-Transport,6,Angle,0,No,1,Non-Junction,1,Not an Intersection,0,None,,,1,On Roadway,1,Daylight,,,,,4,Snow,0,No,0000000,Not Applicable,16,4:00pm-4:59pm,20,20,16,4:00pm-4:59pm,28,28,16,4:00pm-4:59pm,49,49,,,,,,,1,
2022,8,80043,Colorado,2,2,0,0,0,3,3,13,BOULDER (13),0,NOT APPLICABLE,1,1,2,February,2022,3,Tuesday,16,4:00pm-4:59pm,37,37,1,This section IS ON the NHS,1,Rural,2,Principal Arterial - Other Freeways and Expressways,1,State Highway Agency,2,U.S. Highway,US-287,,3212,3212,40.24315833,40.24315833,-105.102861110,-105.10286111,0,No Special Jurisdiction,12,Motor Vehicle In-Transport,2,Front-to-Front,0,No,1,Non-Junction,1,Not an Intersection,0,None,,,1,On Roadway,2,Dark - Not Lighted,,,,,4,Snow,0,No,0000000,Not Applicable,16,4:00pm-4:59pm,37,37,16,4:00pm-4:59pm,45,45,17,5:00pm-5:59pm,11,11,,,,,,,1,
2022,8,80044,Colorado,2,2,0,0,0,3,3,19,CLEAR CREEK (19),1240,IDAHO SPRINGS,2,2,2,February,2022,4,Wednesday,17,5:00pm-5:59pm,35,35,1,This section IS ON the NHS,1,Rural,1,Interstate,1,State Highway Agency,1,Interstate,I-70 RAMP B,,2410,2410,39.74085278,39.74085278,-105.496561110,-105.49656111,0,No Special Jurisdiction,12,Motor Vehicle In-Transport,1,Front-to-Rear,1,Yes,20,Entrance/Exit Ramp,1,Not an Intersection,0,None,,,1,On Roadway,3,Dark - Lighted,,,,,4,Snow,0,No,0000000,Not Applicable,17,5:00pm-5:59pm,38,38,17,5:00pm-5:59pm,50,50,19,7:00pm-7:59pm,2,2,,,,,,,1,
2022,8,80045,Colorado,2,2,0,0,0,3,3,1,ADAMS (1),0,NOT APPLICABLE,5,5,2,February,2022,7,Saturday,3,3:00am-3:59am,35,35,0,This section IS NOT on the NHS,1,Rural,5,Major Collector,1,State Highway Agency,2,U.S. Highway,US-36,,873,873,39.75625000,39.75625000,-104.462055560,-104.46205556,0,No Special Jurisdiction,12,Motor Vehicle In-Transport,2,Front-to-Front,0,No,1,Non-Junction,1,Not an Intersection,0,None,,,1,On Roadway,2,Dark - Not Lighted,,,,,1,Clear,0,No,0000000,Not Applicable,99,Unknown,99,Unknown,99,Unknown EMS Scene Arrival Hour,99,Unknown EMS Scene Arrival Minutes,99,Unknown,99,Unknown EMS Hospital Arrival Time,,,,,,,1,
2022,8,80046,Colorado,1,1,0,0,0,1,1,31,DENVER (31),600,DENVER,6,6,2,February,2022,1,Sunday,11,11:00am-11:59am,24,24,1,This section IS ON the NHS,2,Urban,1,Interstate,1,State Highway Agency,1,Interstate,I-25 RAMP B,,2101,2101,39.73766667,39.73766667,-105.013622220,-105.01362222,0,No Special Jurisdiction,25,Concrete Traffic Barrier,0,The First Harmful Event was Not a Collision with a Motor Vehicle in Transport,1,Yes,5,Entrance/Exit Ramp Related,1,Not an Intersection,0,None,,,4,On Roadside,1,Daylight,,,,,1,Clear,0,No,0000000,Not Applicable,11,11:00am-11:59am,24,24,11,11:00am-11:59am,30,30,88,"Not Applicable (Not Transported) ",88,Not Applicable (Not Transported),,,,,,,1,
2022,8,80047,Colorado,1,1,0,1,1,1,1,31,DENVER (31),600,DENVER,6,6,2,February,2022,1,Sunday,2,2:00am-2:59am,4,4,0,This section IS NOT on the NHS,2,Urban,7,Local,4,City or Municipal Highway Agency,6,Local Street - Municipality,S ELIOT ST,,0,None,39.70546111,39.70546111,-105.023866670,-105.02386667,0,No Special Jurisdiction,8,Pedestrian,0,The First Harmful Event was Not a Collision with a Motor Vehicle in Transport,0,No,1,Non-Junction,1,Not an Intersection,0,None,,,1,On Roadway,3,Dark - Lighted,,,,,1,Clear,0,No,0000000,Not Applicable,2,2:00am-2:59am,4,4,2,2:00am-2:59am,11,11,88,"Not Applicable (Not Transported) ",88,Not Applicable (Not Transported),,,,,,,1,
2022,8,80048,Colorado,1,1,0,0,0,1,1,59,JEFFERSON (59),1435,LAKEWOOD,7,7,2,February,2022,2,Monday,23,11:00pm-11:59pm,6,6,0,This section IS NOT on the NHS,2,Urban,5,Major Collector,4,City or Municipal Highway Agency,6,Local Street - Municipality,W FLORIDA AVE,,0,None,39.68950000,39.68950000,-105.078394440,-105.07839444,0,No Special Jurisdiction,33,Curb,0,The First Harmful Event was Not a Collision with a Motor Vehicle in Transport,0,No,1,Non-Junction,1,Not an Intersection,0,None,,,4,On Roadside,3,Dark - Lighted,,,,,1,Clear,0,No,0000000,Not Applicable,23,11:00pm-11:59pm,7,7,23,11:00pm-11:59pm,11,11,88,"Not Applicable (Not Transported) ",88,Not Applicable (Not Transported),,,,,,,1,
2022,8,80049,Colorado,1,1,0,0,0,1,1,101,PUEBLO (101),0,NOT APPLICABLE,9,9,2,February,2022,4,Wednesday,19,7:00pm-7:59pm,32,32,0,This section IS NOT on the NHS,1,Rural,5,Major Collector,1,State Highway Agency,3,State Highway,SR-78,,226,226,38.13933889,38.13933889,-104.815986110,-104.81598611,0,No Special Jurisdiction,59,"Traffic Sign Support ",0,The First Harmful Event was Not a Collision with a Motor Vehicle in Transport,0,No,1,Non-Junction,1,Not an Intersection,0,None,,,4,On Roadside,2,Dark - Not Lighted,,,,,1,Clear,0,No,0000000,Not Applicable,99,Unknown,99,Unknown,99,Unknown EMS Scene Arrival Hour,99,Unknown EMS Scene Arrival Minutes,88,"Not Applicable (Not Transported) ",88,Not Applicable (Not Transported),,,,,,,1,
2022,8,80050,Colorado,2,2,0,2,2,1,1,67,LA PLATA (67),0,NOT APPLICABLE,10,10,2,February,2022,5,Thursday,8,8:00am-8:59am,35,35,1,This section IS ON the NHS,1,Rural,3,Principal Arterial - Other,1,State Highway Agency,3,State Highway,SR-172,,207,207,37.19551111,37.19551111,-107.764516670,-107.76451667,0,No Special Jurisdiction,8,Pedestrian,0,The First Harmful Event was Not a Collision with a Motor Vehicle in Transport,0,No,1,Non-Junction,1,Not an Intersection,1,Construction,,,2,On Shoulder,1,Daylight,,,,,1,Clear,0,No,0000000,Not Applicable,99,Unknown,99,Unknown,99,Unknown EMS Scene Arrival Hour,99,Unknown EMS Scene Arrival Minutes,99,Unknown,99,Unknown EMS Hospital Arrival Time,,,,,,,1,
2022,8,80051,Colorado,2,2,0,0,0,3,3,31,DENVER (31),600,DENVER,12,12,2,February,2022,7,Saturday,12,12:00pm-12:59pm,22,22,0,This section IS NOT on the NHS,2,Urban,4,Minor Arterial,4,City or Municipal Highway Agency,6,Local Street - Municipality,E 31ST AVE,N WILLIAMS ST,0,None,39.76073611,39.76073611,-104.966019440,-104.96601944,0,No Special Jurisdiction,12,Motor Vehicle In-Transport,6,Angle,0,No,2,Intersection,2,Four-Way Intersection,0,None,,,1,On Roadway,1,Daylight,,,,,1,Clear,0,No,0000000,Not Applicable,12,12:00pm-12:59pm,22,22,12,12:00pm-12:59pm,25,25,12,12:00pm-12:59pm,45,45,,,,,,,1,
2022,8,80052,Colorado,1,1,0,0,0,3,3,41,EL PASO (41),0,NOT APPLICABLE,13,13,2,February,2022,1,Sunday,17,5:00pm-5:59pm,57,57,1,This section IS ON the NHS,1,Rural,1,Interstate,1,State Highway Agency,1,Interstate,I-25,,1203,1203,38.57265000,38.57265000,-104.657183330,-104.65718333,0,No Special Jurisdiction,31,"Post, Pole or Other Supports",0,The First Harmful Event was Not a Collision with a Motor Vehicle in Transport,0,No,1,Non-Junction,1,Not an Intersection,0,None,,,4,On Roadside,5,Dusk,,,,,1,Clear,0,No,0000000,Not Applicable,99,Unknown,99,Unknown,99,Unknown EMS Scene Arrival Hour,99,Unknown EMS Scene Arrival Minutes,99,Unknown,99,Unknown EMS Hospital Arrival Time,,,,,,,1,
2022,8,80053,Colorado,2,2,0,0,0,4,4,101,PUEBLO (101),0,NOT APPLICABLE,15,15,2,February,2022,3,Tuesday,15,3:00pm-3:59pm,45,45,1,This section IS ON the NHS,2,Urban,2,Principal Arterial - Other Freeways and Expressways,1,State Highway Agency,2,U.S. Highway,US-50,CR-36 LN   SR-231,3242,3242,38.27449444,38.27449444,-104.457677780,-104.45767778,0,No Special Jurisdiction,12,Motor Vehicle In-Transport,6,Angle,0,No,2,Intersection,2,Four-Way Intersection,0,None,,,1,On Roadway,1,Daylight,,,,,1,Clear,0,No,0000000,Not Applicable,99,Unknown,99,Unknown,99,Unknown EMS Scene Arrival Hour,99,Unknown EMS Scene Arrival Minutes,99,Unknown,99,Unknown EMS Hospital Arrival Time,,,,,,,3,
2022,8,80054,Colorado,1,1,0,0,0,1,1,61,KIOWA (61),0,NOT APPLICABLE,15,15,2,February,2022,3,Tuesday,19,7:00pm-7:59pm,58,58,0,This section IS NOT on the NHS,1,Rural,4,Minor Arterial,1,State Highway Agency,3,State Highway,SR-96,,1393,1393,38.43121111,38.43121111,-103.246250000,-103.24625000,0,No Special Jurisdiction,11,Live Animal,0,The First Harmful Event was Not a Collision with a Motor Vehicle in Transport,0,No,1,Non-Junction,1,Not an Intersection,0,None,,,1,On Roadway,2,Dark - Not Lighted,,,,,1,Clear,0,No,0000000,Not Applicable,99,Unknown,99,Unknown,99,Unknown EMS Scene Arrival Hour,99,Unknown EMS Scene Arrival Minutes,88,"Not Applicable (Not Transported) ",88,Not Applicable (Not Transported),,,,,,,1,