caseyear,state,st_case,statename,ve_total,ve_forms,pvh_invl,peds,pernotmvit,permvit,persons,county,countyname,city,cityname,day,dayname,month,monthname,year,day_week,day_weekname,hour,hourname,minute,minutename,nhs,nhsname,rur_urb,rur_urbname,func_sys,func_sysname,rd_owner,rd_ownername,route,routename,tway_id,tway_id2,milept,mileptname,latitude,latitudename,longitud,longitudname,sp_jur,sp_jurname,harm_ev,harm_evname,man_coll,man_collname,reljct1,reljct1name,reljct2,reljct2name,typ_int,typ_intname,wrk_zone,wrk_zonename,road_fnc,road_fncname,rel_road,rel_roadname,lgt_cond,lgt_condname,weather1,weather1name,weather2,weather2name,weather,weathername,sch_bus,sch_busname,rail,railname,not_hour,not_hourname,not_min,not_minname,arr_hour,arr_hourname,arr_min,arr_minname,hosp_hr,hosp_hrname,hosp_mn,hosp_mnname,cf1,cf1name,cf2,cf2name,cf3,cf3name,fatals,drunk_dr
2022,8,80055,Colorado,1,1,0,0,0,2,2,95,PHILLIPS (95),0,NOT APPLICABLE,13,13,2,February,2022,1,Sunday,13,1:00pm-1:59pm,46,46,0,This section IS NOT on the NHS,1,Rural,4,Minor Arterial,1,State Highway Agency,3,State Highway,SR-59,,1400,1400,40.51690000,40.51690000,-102.626563890,-102.62656389,0,No Special Jurisdiction,1,Rollover/Overturn,0,The First Harmful Event was Not a Collision with a Motor Vehicle in Transport,0,No,1,Non-Junction,1,Not an Intersection,0,None,,,4,On Roadside,1,Daylight,,,,,1,Clear,0,No,0000000,Not Applicable,99,Unknown,99,Unknown,99,Unknown EMS Scene Arrival Hour,99,Unknown EMS Scene Arrival Minutes,99,Unknown,99,Unknown EMS Hospital Arrival Time,,,,,,,1,
2022,8,80056,Colorado,1,1,0,0,0,5,5,67,LA PLATA (67),0,NOT APPLICABLE,17,17,2,February,2022,5,Thursday,8,8:00am-8:59am,20,20,0,This section IS NOT on the NHS,1,Rural,5,Major Collector,1,State Highway Agency,3,State Highway,SR-140,,18,18,37.02402778,37.02402778,-108.182277780,-108.18227778,0,No Special Jurisdiction,1,Rollover/Overturn,0,The First Harmful Event was Not a Collision with a Motor Vehicle in Transport,0,No,1,Non-Junction,1,Not an Intersection,0,None,,,4,On Roadside,1,Daylight,,,,,1,Clear,0,No,0000000,Not Applicable,99,Unknown,99,Unknown,99,Unknown EMS Scene Arrival Hour,99,Unknown EMS Scene Arrival Minutes,99,Unknown,99,Unknown EMS Hospital Arrival Time,,,,,,,1,
2022,8,80057,Colorado,2,2,0,1,1,2,2,1,ADAMS (1),2550,WESTMINSTER,18,18,2,February,2022,6,Friday,20,8:00pm-8:59pm,28,28,1,This section IS ON the NHS,2,Urban,3,Principal Arterial - Other,1,State Highway Agency,3,State Highway,SR-95   N SHERIDAN BLVD,,131,131,39.84091111,39.84091111,-105.053233330,-105.05323333,0,No Special Jurisdiction,8,Pedestrian,0,The First Harmful Event was Not a Collision with a Motor Vehicle in Transport,0,No,1,Non-Junction,1,Not an Intersection,0,None,,,1,On Roadway,3,Dark - Lighted,,,,,1,Clear,0,No,0000000,Not Applicable,20,8:00pm-8:59pm,35,35,20,8:00pm-8:59pm,40,40,88,"Not Applicable (Not Transported) ",88,Not Applicable (Not Transported),,,,,,,1,
2022,8,80058,Colorado,1,1,0,0,0,2,2,11,BENT (11),0,NOT APPLICABLE,19,19,2,February,2022,7,Saturday,1,1:00am-1:59am,15,15,1,This section IS ON the NHS,1,Rural,3,Principal Arterial - Other,1,State Highway Agency,2,U.S. Highway,US-50,,3970,3970,38.06218889,38.06218889,-103.250800000,-103.25080000,0,No Special Jurisdiction,1,Rollover/Overturn,0,The First Harmful Event was Not a Collision with a Motor Vehicle in Transport,0,No,1,Non-Junction,1,Not an Intersection,0,None,,,4,On Roadside,2,Dark - Not Lighted,,,,,1,Clear,0,No,0000000,Not Applicable,99,Unknown,99,Unknown,99,Unknown EMS Scene Arrival Hour,99,Unknown EMS Scene Arrival Minutes,99,Unknown,99,Unknown EMS Hospital Arrival Time,,,,,,,1,
2022,8,80059,Colorado,1,1,0,1,1,1,1,37,EAGLE (37),0,NOT APPLICABLE,19,19,2,February,2022,7,Saturday,19,7:00pm-7:59pm,13,13,0,This section IS NOT on the NHS,2,Urban,5,Major Collector,1,State Highway Agency,2,U.S. Highway,US-6,,1664,1664,39.64055556,39.64055556,-106.588872220,-106.58887222,0,No Special Jurisdiction,8,Pedestrian,0,The First Harmful Event was Not a Collision with a Motor Vehicle in Transport,0,No,1,Non-Junction,1,Not an Intersection,0,None,,,1,On Roadway,2,Dark - Not Lighted,,,,,1,Clear,0,No,0000000,Not Applicable,99,Unknown,99,Unknown,99,Unknown EMS Scene Arrival Hour,99,Unknown EMS Scene Arrival Minutes,99,Unknown,99,Unknown EMS Hospital Arrival Time,,,,,,,1,
2022,8,80060,Colorado,1,1,0,0,0,1,1,5,ARAPAHOE (5),110,AURORA,20,20,2,February,2022,1,Sunday,6,6:00am-6:59am,1,1,0,This section IS NOT on the NHS,2,Urban,7,Local,4,City or Municipal Highway Agency,6,Local Street - Municipality,S ABILENE ST,,0,None,39.66950556,39.66950556,-104.828561110,-104.82856111,0,No Special Jurisdiction,33,Curb,0,The First Harmful Event was Not a Collision with a Motor Vehicle in Transport,0,No,1,Non-Junction,1,Not an Intersection,0,None,,,4,On Roadside,2,Dark - Not Lighted,,,,,1,Clear,0,No,0000000,Not Applicable,6,6:00am-6:59am,1,1,6,6:00am-6:59am,5,5,6,6:00am-6:59am,34,34,,,,,,,1,
2022,8,80061,Colorado,1,1,0,0,0,1,1,5,ARAPAHOE (5),345,CENTENNIAL,13,13,2,February,2022,1,Sunday,1,1:00am-1:59am,26,26,0,This section IS NOT on the NHS,2,Urban,4,Minor Arterial,4,City or Municipal Highway Agency,6,Local Street - Municipality,S RESERVOIR RD,S HIMALAYA ST,0,None,39.63084722,39.63084722,-104.754536110,-104.75453611,0,No Special Jurisdiction,33,Curb,0,The First Harmful Event was Not a Collision with a Motor Vehicle in Transport,0,No,3,Intersection-Related,3,T-Intersection,0,None,,,4,On Roadside,3,Dark - Lighted,,,,,1,Clear,0,No,0000000,Not Applicable,1,1:00am-1:59am,34,34,1,1:00am-1:59am,40,40,2,2:00am-2:59am,3,3,,,,,,,1,
2022,8,80062,Colorado,2,2,0,0,0,3,3,59,JEFFERSON (59),1435,LAKEWOOD,19,19,2,February,2022,7,Saturday,18,6:00pm-6:59pm,46,46,1,This section IS ON the NHS,2,Urban,3,Principal Arterial - Other,1,State Highway Agency,2,U.S. Highway,US-40   W COLFAX AVE,INGALLS ST,2937,2937,39.74042778,39.74042778,-105.063850000,-105.06385000,0,No Special Jurisdiction,12,Motor Vehicle In-Transport,6,Angle,0,No,2,Intersection,2,Four-Way Intersection,0,None,,,1,On Roadway,3,Dark - Lighted,,,,,1,Clear,0,No,0000000,Not Applicable,18,6:00pm-6:59pm,48,48,18,6:00pm-6:59pm,51,51,19,7:00pm-7:59pm,6,6,,,,,,,1,
2022,8,80063,Colorado,2,2,0,0,0,3,3,59,JEFFERSON (59),1435,LAKEWOOD,20,20,2,February,2022,1,Sunday,17,5:00pm-5:59pm,12,12,1,This section IS ON the NHS,2,Urban,3,Principal Arterial - Other,4,City or Municipal Highway Agency,6,Local Street - Municipality,DENVER WEST BLVD,US-6 WB ON-RAMP,0,None,39.72600000,39.72600000,-105.165527780,-105.16552778,0,No Special Jurisdiction,12,Motor Vehicle In-Transport,6,Angle,1,Yes,2,Intersection,2,Four-Way Intersection,0,None,,,1,On Roadway,1,Daylight,,,,,1,Clear,0,No,0000000,Not Applicable,17,5:00pm-5:59pm,12,12,17,5:00pm-5:59pm,17,17,88,"Not Applicable (Not Transported) ",88,Not Applicable (Not Transported),,,,,,,1,
2022,8,80064,Colorado,1,1,0,0,0,3,3,75,LOGAN (75),0,NOT APPLICABLE,26,26,2,February,2022,7,Saturday,14,2:00pm-2:59pm,0,0,1,This section IS ON the NHS,1,Rural,1,Interstate,1,State Highway Agency,1,Interstate,I-76,,1424,1424,40.78033056,40.78033056,-102.914780560,-102.91478056,0,No Special Jurisdiction,1,Rollover/Overturn,0,The First Harmful Event was Not a Collision with a Motor Vehicle in Transport,0,No,1,Non-Junction,1,Not an Intersection,0,None,,,4,On Roadside,1,Daylight,,,,,1,Clear,0,No,0000000,Not Applicable,14,2:00pm-2:59pm,11,11,14,2:00pm-2:59pm,28,28,15,3:00pm-3:59pm,0,0,,,,,,,1,
2022,8,80065,Colorado,2,2,0,0,0,3,3,35,DOUGLAS (35),0,NOT APPLICABLE,23,23,2,February,2022,4,Wednesday,7,7:00am-7:59am,35,35,1,This section IS ON the NHS,1,Rural,3,Principal Arterial - Other,1,State Highway Agency,2,U.S. Highway,US-85,,1913,1913,39.44666111,39.44666111,-104.973925000,-104.97392500,0,No Special Jurisdiction,33,Curb,0,The First Harmful Event was Not a Collision with a Motor Vehicle in Transport,0,No,1,Non-Junction,1,Not an Intersection,1,Construction,,,3,On Median,1,Daylight,,,,,4,Snow,0,No,0000000,Not Applicable,99,Unknown,99,Unknown,99,Unknown EMS Scene Arrival Hour,99,Unknown EMS Scene Arrival Minutes,99,Unknown,99,Unknown EMS Hospital Arrival Time,,,,,,,1,
2022,8,80066,Colorado,1,1,0,2,2,1,1,31,DENVER (31),600,DENVER,25,25,2,February,2022,6,Friday,18,6:00pm-6:59pm,12,12,0,This section IS NOT on the NHS,2,Urban,4,Minor Arterial,4,City or Municipal Highway Agency,6,Local Street - Municipality,N TOWER RD,E 69TH AVE,0,None,39.82170000,39.82170000,-104.771900000,-104.77190000,0,No Special Jurisdiction,8,Pedestrian,0,The First Harmful Event was Not a Collision with a Motor Vehicle in Transport,0,No,3,Intersection-Related,2,Four-Way Intersection,0,None,,,1,On Roadway,5,Dusk,,,,,1,Clear,0,No,0000000,Not Applicable,18,6:00pm-6:59pm,12,12,18,6:00pm-6:59pm,32,32,99,Unknown,99,Unknown EMS Hospital Arrival Time,,,,,,,1,
2022,8,80067,Colorado,1,1,0,0,0,1,1,31,DENVER (31),600,DENVER,26,26,2,February,2022,7,Saturday,2,2:00am-2:59am,39,39,1,This section IS ON the NHS,2,Urban,2,Principal Arterial - Other Freeways and Expressways,1,State Highway Agency,2,U.S. Highway,US-85   S SANTA FE DR,,2097,2097,39.69310278,39.69310278,-104.992644440,-104.99264444,0,No Special Jurisdiction,30,Utility Pole/Light Support,0,The First Harmful Event was Not a Collision with a Motor Vehicle in Transport,0,No,1,Non-Junction,1,Not an Intersection,0,None,,,4,On Roadside,3,Dark - Lighted,,,,,1,Clear,0,No,0000000,Not Applicable,2,2:00am-2:59am,39,39,2,2:00am-2:59am,55,55,3,3:00am-3:59am,5,5,,,,,,,1,
2022,8,80068,Colorado,2,2,0,0,0,2,2,41,EL PASO (41),0,NOT APPLICABLE,27,27,2,February,2022,1,Sunday,7,7:00am-7:59am,30,30,1,This section IS ON the NHS,1,Rural,3,Principal Arterial - Other,1,State Highway Agency,2,U.S. Highway,US-24,,3261,3261,38.99129167,38.99129167,-104.529555560,-104.52955556,0,No Special Jurisdiction,12,Motor Vehicle In-Transport,2,Front-to-Front,0,No,1,Non-Junction,1,Not an Intersection,0,None,,,1,On Roadway,1,Daylight,,,,,1,Clear,0,No,0000000,Not Applicable,99,Unknown,99,Unknown,99,Unknown EMS Scene Arrival Hour,99,Unknown EMS Scene Arrival Minutes,99,Unknown,99,Unknown EMS Hospital Arrival Time,,,,,,,1,
2022,8,80069,Colorado,2,2,0,0,0,2,2,121,WASHINGTON (121),0,NOT APPLICABLE,27,27,2,February,2022,1,Sunday,20,8:00pm-8:59pm,26,26,1,This section IS ON the NHS,1,Rural,3,Principal Arterial - Other,1,State Highway Agency,2,U.S. Highway,US-34,,1934,1934,40.16161111,40.16161111,-103.262388890,-103.26238889,0,No Special Jurisdiction,12,Motor Vehicle In-Transport,2,Front-to-Front,0,No,1,Non-Junction,1,Not an Intersection,0,None,,,1,On Roadway,2,Dark - Not Lighted,,,,,1,Clear,0,No,0000000,Not Applicable,20,8:00pm-8:59pm,26,26,20,8:00pm-8:59pm,30,30,21,9:00pm-9:59pm,28,28,,,,,,,1,
2022,8,80070,Colorado,2,2,0,0,0,9,9,1,ADAMS (1),434,COMMERCE CITY,25,25,2,February,2022,6,Friday,21,9:00pm-9:59pm,18,18,1,This section IS ON the NHS,2,Urban,2,Principal Arterial - Other Freeways and Expressways,1,State Highway Agency,2,U.S. Highway,US-85,E 112TH AVE,2286,2286,39.89976667,39.89976667,-104.868605560,-104.86860556,0,No Special Jurisdiction,12,Motor Vehicle In-Transport,6,Angle,0,No,2,Intersection,2,Four-Way Intersection,0,None,,,1,On Roadway,3,Dark - Lighted,,,,,1,Clear,0,No,0000000,Not Applicable,21,9:00pm-9:59pm,18,18,21,9:00pm-9:59pm,21,21,22,10:00pm-10:59pm,6,6,,,,,,,4,
2022,8,80071,Colorado,2,2,0,0,0,4,4,73,LINCOLN (73),0,NOT APPLICABLE,15,15,2,February,2022,3,Tuesday,6,6:00am-6:59am,0,0,1,This section IS ON the NHS,1,Rural,3,Principal Arterial - Other,1,State Highway Agency,2,U.S. Highway,US-40,,3980,3980,39.14233056,39.14233056,-103.489638890,-103.48963889,0,No Special Jurisdiction,12,Motor Vehicle In-Transport,8,Sideswipe - Opposite Direction,0,No,1,Non-Junction,1,Not an Intersection,0,None,,,1,On Roadway,2,Dark - Not Lighted,,,,,1,Clear,0,No,0000000,Not Applicable,6,6:00am-6:59am,0,0,6,6:00am-6:59am,5,5,6,6:00am-6:59am,30,30,,,,,,,1,
2022,8,80072,Colorado,1,1,0,0,0,3,3,45,GARFIELD (45),0,NOT APPLICABLE,28,28,2,February,2022,2,Monday,16,4:00pm-4:59pm,5,5,1,This section IS ON the NHS,1,Rural,3,Principal Arterial - Other,1,State Highway Agency,3,State Highway,SR-13,,92,92,39.62873889,39.62873889,-107.845555560,-107.84555556,0,No Special Jurisdiction,1,Rollover/Overturn,0,The First Harmful Event was Not a Collision with a Motor Vehicle in Transport,0,No,1,Non-Junction,1,Not an Intersection,0,None,,,4,On Roadside,1,Daylight,,,,,1,Clear,0,No,0000000,Not Applicable,99,Unknown,99,Unknown,99,Unknown EMS Scene Arrival Hour,99,Unknown EMS Scene Arrival Minutes,99,Unknown,99,Unknown EMS Hospital Arrival Time,,,,,,,1,
2022,8,80073,Colorado,2,2,0,0,0,3,3,69,LARIMER (69),1550,LOVELAND,26,26,2,February,2022,7,Saturday,23,11:00pm-11:59pm,59,59,1,This section IS ON the NHS,2,Urban,3,Principal Arterial - Other,1,State Highway Agency,2,U.S. Highway,US-287   N GARFIELD AVE,,3380,3380,40.46304722,40.46304722,-105.077352780,-105.07735278,0,No Special Jurisdiction,12,Motor Vehicle In-Transport,1,Front-to-Rear,0,No,1,Non-Junction,1,Not an Intersection,0,None,,,1,On Roadway,3,Dark - Lighted,,,,,1,Clear,0,No,0000000,Not Applicable,23,11:00pm-11:59pm,59,59,0,0:00am-0:59am,4,4,0,0:00am-0:59am,32,32,,,,,,,1,
2022,8,80074,Colorado,2,1,1,0,1,1,2,85,MONTROSE (85),0,NOT APPLICABLE,16,16,2,February,2022,4,Wednesday,17,5:00pm-5:59pm,49,49,1,This section IS ON the NHS,1,Rural,3,Principal Arterial - Other,1,State Highway Agency,2,U.S. Highway,US-550,,1191,1191,38.35205000,38.35205000,-107.796369440,-107.79636944,0,No Special Jurisdiction,14,Parked Motor Vehicle,0,The First Harmful Event was Not a Collision with a Motor Vehicle in Transport,0,No,1,Non-Junction,1,Not an Intersection,0,None,,,2,On Shoulder,2,Dark - Not Lighted,,,,,4,Snow,0,No,0000000,Not Applicable,17,5:00pm-5:59pm,49,49,18,6:00pm-6:59pm,0,0,18,6:00pm-6:59pm,28,28,,,,,,,1,
2022,8,80075,Colorado,1,1,0,0,0,1,1,41,EL PASO (41),430,COLORADO SPRINGS,13,13,2,February,2022,1,Sunday,5,5:00am-5:59am,52,52,1,This section IS ON the NHS,2,Urban,3,Principal Arterial - Other,4,City or Municipal Highway Agency,6,Local Street - Municipality,S CIRCLE DR,,0,None,38.79932500,38.79932500,-104.781366670,-104.78136667,0,No Special Jurisdiction,42,Tree (Standing Only),0,The First Harmful Event was Not a Collision with a Motor Vehicle in Transport,1,Yes,19,Other location within Interchange Area,1,Not an Intersection,0,None,,,4,On Roadside,3,Dark - Lighted,,,,,1,Clear,0,No,0000000,Not Applicable,5,5:00am-5:59am,52,52,6,6:00am-6:59am,6,6,88,"Not Applicable (Not Transported) ",88,Not Applicable (Not Transported),,,,,,,1,
2022,8,80076,Colorado,1,1,0,0,0,1,1,123,WELD (123),810,FIRESTONE,25,25,2,February,2022,6,Friday,1,1:00am-1:59am,59,59,1,This section IS ON the NHS,2,Urban,2,Principal Arterial - Other Freeways and Expressways,1,State Highway Agency,3,State Highway,SR-119,,636,636,40.16048889,40.16048889,-104.980708330,-104.98070833,0,No Special Jurisdiction,33,Curb,0,The First Harmful Event was Not a Collision with a Motor Vehicle in Transport,0,No,1,Non-Junction,1,Not an Intersection,0,None,,,4,On Roadside,3,Dark - Lighted,,,,,1,Clear,0,No,0000000,Not Applicable,1,1:00am-1:59am,59,59,99,Unknown EMS Scene Arrival Hour,99,Unknown EMS Scene Arrival Minutes,99,Unknown,99,Unknown EMS Hospital Arrival Time,,,,,,,1,
2022,8,80077,Colorado,3,3,0,0,0,4,4,1,ADAMS (1),0,NOT APPLICABLE,15,15,2,February,2022,3,Tuesday,6,6:00am-6:59am,30,30,1,This section IS ON the NHS,2,Urban,1,Interstate,1,State Highway Agency,1,Interstate,I-25,,2182,2182,39.84493056,39.84493056,-104.984916670,-104.98491667,0,No Special Jurisdiction,12,Motor Vehicle In-Transport,7,Sideswipe - Same Direction,0,No,1,Non-Junction,1,Not an Intersection,0,None,,,1,On Roadway,4,Dawn,,,,,1,Clear,0,No,0000000,Not Applicable,99,Unknown,99,Unknown,99,Unknown EMS Scene Arrival Hour,99,Unknown EMS Scene Arrival Minutes,99,Unknown,99,Unknown EMS Hospital Arrival Time,,,,,,,1,
2022,8,80078,Colorado,3,3,0,0,0,3,3,69,LARIMER (69),760,ESTES PARK,1,1,2,February,2022,3,Tuesday,12,12:00pm-12:59pm,1,1,1,This section IS ON the NHS,2,Urban,3,Principal Arterial - Other,1,State Highway Agency,2,U.S. Highway,US-36   MORAINE AVE,,62,62,40.37152778,40.37152778,-105.528250000,-105.52825000,0,No Special Jurisdiction,12,Motor Vehicle In-Transport,2,Front-to-Front,0,No,1,Non-Junction,1,Not an Intersection,0,None,,,1,On Roadway,1,Daylight,,,,,4,Snow,0,No,0000000,Not Applicable,12,12:00pm-12:59pm,2,2,12,12:00pm-12:59pm,12,12,12,12:00pm-12:59pm,17,17,,,,,,,1,
2022,8,80079,Colorado,2,2,0,0,0,4,4,5,ARAPAHOE (5),1085,GREENWOOD VILLAGE,10,10,2,February,2022,5,Thursday,21,9:00pm-9:59pm,13,13,1,This section IS ON the NHS,2,Urban,1,Interstate,1,State Highway Agency,1,Interstate,I-25,,1993,1993,39.62242500,39.62242500,-104.900633330,-104.90063333,0,No Special Jurisdiction,12,Motor Vehicle In-Transport,1,Front-to-Rear,1,Yes,18,Through Roadway,1,Not an Intersection,0,None,,,1,On Roadway,3,Dark - Lighted,,,,,1,Clear,0,No,0000000,Not Applicable,21,9:00pm-9:59pm,13,13,21,9:00pm-9:59pm,19,19,21,9:00pm-9:59pm,32,32,,,,,,,1,
2022,8,80080,Colorado,2,2,0,0,0,3,3,31,DENVER (31),600,DENVER,2,2,3,March,2022,4,Wednesday,22,10:00pm-10:59pm,20,20,1,This section IS ON the NHS,2,Urban,3,Principal Arterial - Other,1,State Highway Agency,3,State Highway,SR-83   LEETSDALE DR,S MONACO AVE,755,755,39.70273889,39.70273889,-104.912755560,-104.91275556,0,No Special Jurisdiction,12,Motor Vehicle In-Transport,6,Angle,0,No,2,Intersection,2,Four-Way Intersection,0,None,,,1,On Roadway,3,Dark - Lighted,,,,,1,Clear,0,No,0000000,Not Applicable,22,10:00pm-10:59pm,25,25,99,Unknown EMS Scene Arrival Hour,99,Unknown EMS Scene Arrival Minutes,99,Unknown,99,Unknown EMS Hospital Arrival Time,,,,,,,1,
2022,8,80081,Colorado,1,1,0,1,1,1,1,45,GARFIELD (45),1060,PARACHUTE,3,3,3,March,2022,5,Thursday,7,7:00am-7:59am,23,23,0,This section IS NOT on the NHS,2,Urban,7,Local,4,City or Municipal Highway Agency,6,Local Street - Municipality,N MEADOW DR,,0,None,39.45070833,39.45070833,-108.058100000,-108.05810000,0,No Special Jurisdiction,8,Pedestrian,0,The First Harmful Event was Not a Collision with a Motor Vehicle in Transport,0,No,1,Non-Junction,1,Not an Intersection,0,None,,,1,On Roadway,1,Daylight,,,,,1,Clear,1,Yes,0000000,Not Applicable,99,Unknown,99,Unknown,99,Unknown EMS Scene Arrival Hour,99,Unknown EMS Scene Arrival Minutes,88,"Not Applicable (Not Transported) ",88,Not Applicable (Not Transported),,,,,,,1,
2022,8,80082,Colorado,1,1,0,0,0,1,1,13,BOULDER (13),0,NOT APPLICABLE,5,5,3,March,2022,7,Saturday,17,5:00pm-5:59pm,0,0,1,This section IS ON the NHS,1,Rural,2,Principal Arterial - Other Freeways and Expressways,1,State Highway Agency,3,State Highway,SR-119,,525,525,40.12080556,40.12080556,-105.152555560,-105.15255556,0,No Special Jurisdiction,34,Ditch,0,The First Harmful Event was Not a Collision with a Motor Vehicle in Transport,0,No,1,Non-Junction,1,Not an Intersection,0,None,,,3,On Median,1,Daylight,,,,,10,Cloudy,0,No,0000000,Not Applicable,17,5:00pm-5:59pm,2,2,17,5:00pm-5:59pm,7,7,88,"Not Applicable (Not Transported) ",88,Not Applicable (Not Transported),,,,,,,1,
2022,8,80083,Colorado,2,2,0,0,0,4,4,73,LINCOLN (73),0,NOT APPLICABLE,6,6,3,March,2022,1,Sunday,9,9:00am-9:59am,56,56,1,This section IS ON the NHS,1,Rural,1,Interstate,1,State Highway Agency,1,Interstate,I-70,,3767,3767,39.27886111,39.27886111,-103.393850000,-103.39385000,0,No Special Jurisdiction,12,Motor Vehicle In-Transport,1,Front-to-Rear,1,Yes,19,Other location within Interchange Area,1,Not an Intersection,0,None,,,8,Gore,1,Daylight,,,,,4,Snow,0,No,0000000,Not Applicable,10,10:00am-10:59am,0,0,10,10:00am-10:59am,21,21,11,11:00am-11:59am,24,24,,,,,,,1,
2022,8,80084,Colorado,2,2,0,0,0,5,5,7,ARCHULETA (7),0,NOT APPLICABLE,6,6,3,March,2022,1,Sunday,21,9:00pm-9:59pm,59,59,0,This section IS NOT on the NHS,1,Rural,4,Minor Arterial,1,State Highway Agency,2,U.S. Highway,US-84,CR-PINEVIEW RD,242,242,37.22203611,37.22203611,-106.984897220,-106.98489722,0,No Special Jurisdiction,12,Motor Vehicle In-Transport,2,Front-to-Front,0,No,2,Intersection,2,Four-Way Intersection,0,None,,,1,On Roadway,2,Dark - Not Lighted,,,,,1,Clear,0,No,0000000,Not Applicable,99,Unknown,99,Unknown,99,Unknown EMS Scene Arrival Hour,99,Unknown EMS Scene Arrival Minutes,99,Unknown,99,Unknown EMS Hospital Arrival Time,,,,,,,3,
2022,8,80085,Colorado,1,1,0,0,0,4,4,31,DENVER (31),600,DENVER,3,3,3,March,2022,5,Thursday,22,10:00pm-10:59pm,24,24,1,This section IS ON the NHS,2,Urban,1,Interstate,1,State Highway Agency,1,Interstate,I-25 RAMP F,,2096,2096,39.73070556,39.73070556,-105.015888890,-105.01588889,0,No Special Jurisdiction,33,Curb,0,The First Harmful Event was Not a Collision with a Motor Vehicle in Transport,1,Yes,5,Entrance/Exit Ramp Related,1,Not an Intersection,0,None,,,4,On Roadside,3,Dark - Lighted,,,,,98,Not Reported,0,No,0000000,Not Applicable,22,10:00pm-10:59pm,24,24,22,10:00pm-10:59pm,33,33,99,Unknown,99,Unknown EMS Hospital Arrival Time,,,,,,,1,
2022,8,80086,Colorado,2,2,0,0,0,3,3,59,JEFFERSON (59),1435,LAKEWOOD,2,2,3,March,2022,4,Wednesday,22,10:00pm-10:59pm,18,18,1,This section IS ON the NHS,2,Urban,3,Principal Arterial - Other,1,State Highway Agency,2,U.S. Highway,US-40   W COLFAX AVE,HARLAN ST,2938,2938,39.74027222,39.74027222,-105.062675000,-105.06267500,0,No Special Jurisdiction,12,Motor Vehicle In-Transport,6,Angle,0,No,2,Intersection,2,Four-Way Intersection,0,None,,,1,On Roadway,3,Dark - Lighted,,,,,1,Clear,0,No,0000000,Not Applicable,22,10:00pm-10:59pm,19,19,22,10:00pm-10:59pm,22,22,99,Unknown,99,Unknown EMS Hospital Arrival Time,,,,,,,1,
2022,8,80087,Colorado,1,1,0,0,0,1,1,1,ADAMS (1),0,NOT APPLICABLE,8,8,3,March,2022,3,Tuesday,6,6:00am-6:59am,50,50,1,This section IS ON the NHS,2,Urban,3,Principal Arterial - Other,2,County Highway Agency,4,County Road,CR-WASHINGTON ST,,0,None,39.81808333,39.81808333,-104.978333330,-104.97833333,0,No Special Jurisdiction,1,Rollover/Overturn,0,The First Harmful Event was Not a Collision with a Motor Vehicle in Transport,0,No,1,Non-Junction,1,Not an Intersection,0,None,,,4,On Roadside,1,Daylight,,,,,1,Clear,0,No,0000000,Not Applicable,99,Unknown,99,Unknown,99,Unknown EMS Scene Arrival Hour,99,Unknown EMS Scene Arrival Minutes,99,Unknown,99,Unknown EMS Hospital Arrival Time,,,,,,,1,
2022,8,80088,Colorado,1,1,0,1,1,2,2,101,PUEBLO (101),0,NOT APPLICABLE,8,8,3,March,2022,3,Tuesday,19,7:00pm-7:59pm,4,4,1,This section IS ON the NHS,1,Rural,3,Principal Arterial - Other,1,State Highway Agency,2,U.S. Highway,US-50,,3269,3269,38.27022222,38.27022222,-104.408119440,-104.40811944,0,No Special Jurisdiction,8,Pedestrian,0,The First Harmful Event was Not a Collision with a Motor Vehicle in Transport,0,No,1,Non-Junction,1,Not an Intersection,0,None,,,1,On Roadway,2,Dark - Not Lighted,,,,,1,Clear,0,No,0000000,Not Applicable,99,Unknown,99,Unknown,99,Unknown EMS Scene Arrival Hour,99,Unknown EMS Scene Arrival Minutes,88,"Not Applicable (Not Transported) ",88,Not Applicable (Not Transported),,,,,,,1,
2022,8,80089,Colorado,2,2,0,0,0,3,3,47,GILPIN (47),0,NOT APPLICABLE,9,9,3,March,2022,4,Wednesday,16,4:00pm-4:59pm,40,40,0,This section IS NOT on the NHS,1,Rural,4,Minor Arterial,1,State Highway Agency,3,State Highway,SR-119,,16,16,39.76123056,39.76123056,-105.417363890,-105.41736389,0,No Special Jurisdiction,12,Motor Vehicle In-Transport,2,Front-to-Front,0,No,1,Non-Junction,1,Not an Intersection,0,None,,,1,On Roadway,1,Daylight,,,,,4,Snow,0,No,0000000,Not Applicable,16,4:00pm-4:59pm,37,37,16,4:00pm-4:59pm,52,52,17,5:00pm-5:59pm,22,22,,,,,,,1,
2022,8,80090,Colorado,1,1,0,0,0,1,1,63,KIT CARSON (63),0,NOT APPLICABLE,10,10,3,March,2022,5,Thursday,13,1:00pm-1:59pm,4,4,0,This section IS NOT on the NHS,1,Rural,5,Major Collector,2,County Highway Agency,4,County Road,CR-30,,0,None,39.29035000,39.29035000,-102.614150000,-102.61415000,0,No Special Jurisdiction,1,Rollover/Overturn,0,The First Harmful Event was Not a Collision with a Motor Vehicle in Transport,0,No,1,Non-Junction,1,Not an Intersection,0,None,,,4,On Roadside,1,Daylight,,,,,10,Cloudy,0,No,0000000,Not Applicable,13,1:00pm-1:59pm,6,6,13,1:00pm-1:59pm,13,13,88,"Not Applicable (Not Transported) ",88,Not Applicable (Not Transported),,,,,,,1,
2022,8,80091,Colorado,2,2,0,0,0,4,4,45,GARFIELD (45),0,NOT APPLICABLE,12,12,3,March,2022,7,Saturday,1,1:00am-1:59am,0,0,1,This section IS ON the NHS,1,Rural,1,Interstate,1,State Highway Agency,1,Interstate,I-70,,1084,1084,39.57116944,39.57116944,-107.461125000,-107.46112500,0,No Special Jurisdiction,12,Motor Vehicle In-Transport,6,Angle,0,No,1,Non-Junction,1,Not an Intersection,0,None,,,1,On Roadway,2,Dark - Not Lighted,,,,,1,Clear,0,No,0000000,Not Applicable,1,1:00am-1:59am,0,0,99,Unknown EMS Scene Arrival Hour,99,Unknown EMS Scene Arrival Minutes,99,Unknown,99,Unknown EMS Hospital Arrival Time,,,,,,,2,