caseyear,state,st_case,statename,ve_total,ve_forms,pvh_invl,peds,pernotmvit,permvit,persons,county,countyname,city,cityname,day,dayname,month,monthname,year,day_week,day_weekname,hour,hourname,minute,minutename,nhs,nhsname,rur_urb,rur_urbname,func_sys,func_sysname,rd_owner,rd_ownername,route,routename,tway_id,tway_id2,milept,mileptname,latitude,latitudename,longitud,longitudname,sp_jur,sp_jurname,harm_ev,harm_evname,man_coll,man_collname,reljct1,reljct1name,reljct2,reljct2name,typ_int,typ_intname,wrk_zone,wrk_zonename,road_fnc,road_fncname,rel_road,rel_roadname,lgt_cond,lgt_condname,weather1,weather1name,weather2,weather2name,weather,weathername,sch_bus,sch_busname,rail,railname,not_hour,not_hourname,not_min,not_minname,arr_hour,arr_hourname,arr_min,arr_minname,hosp_hr,hosp_hrname,hosp_mn,hosp_mnname,cf1,cf1name,cf2,cf2name,cf3,cf3name,fatals,drunk_dr
2022,8,80093,Colorado,1,1,0,0,0,1,1,41,EL PASO (41),430,COLORADO SPRINGS,4,4,3,March,2022,6,Friday,2,2:00am-2:59am,11,11,1,This section IS ON the NHS,2,Urban,3,Principal Arterial - Other,4,City or Municipal Highway Agency,6,Local Street - Municipality,AUSTIN BLUFFS PKWY,,0,None,38.88939722,38.88939722,-104.780555560,-104.78055556,0,No Special Jurisdiction,25,Concrete Traffic Barrier,0,The First Harmful Event was Not a Collision with a Motor Vehicle in Transport,0,No,1,Non-Junction,1,Not an Intersection,0,None,,,4,On Roadside,3,Dark - Lighted,,,,,1,Clear,0,No,0000000,Not Applicable,2,2:00am-2:59am,11,11,2,2:00am-2:59am,18,18,88,"Not Applicable (Not Transported) ",88,Not Applicable (Not Transported),,,,,,,1,
2022,8,80094,Colorado,2,2,0,0,0,3,3,101,PUEBLO (101),2050,PUEBLO,11,11,3,March,2022,6,Friday,1,1:00am-1:59am,24,24,0,This section IS NOT on the NHS,2,Urban,4,Minor Arterial,4,City or Municipal Highway Agency,6,Local Street - Municipality,SANTA FE AVE,13TH ST,0,None,38.27895278,38.27895278,-104.607183330,-104.60718333,0,No Special Jurisdiction,12,Motor Vehicle In-Transport,6,Angle,0,No,2,Intersection,2,Four-Way Intersection,0,None,,,1,On Roadway,3,Dark - Lighted,,,,,1,Clear,0,No,0000000,Not Applicable,1,1:00am-1:59am,24,24,1,1:00am-1:59am,29,29,1,1:00am-1:59am,43,43,,,,,,,1,
2022,8,80095,Colorado,1,1,0,0,0,1,1,123,WELD (123),1070,GREELEY,15,15,3,March,2022,3,Tuesday,12,12:00pm-12:59pm,40,40,1,This section IS ON the NHS,2,Urban,2,Principal Arterial - Other Freeways and Expressways,1,State Highway Agency,2,U.S. Highway,US-34,,1024,1024,40.40663889,40.40663889,-104.877005560,-104.87700556,0,No Special Jurisdiction,1,Rollover/Overturn,0,The First Harmful Event was Not a Collision with a Motor Vehicle in Transport,1,Yes,19,Other location within Interchange Area,1,Not an Intersection,0,None,,,3,On Median,1,Daylight,,,,,1,Clear,0,No,0000000,Not Applicable,12,12:00pm-12:59pm,43,43,12,12:00pm-12:59pm,50,50,88,"Not Applicable (Not Transported) ",88,Not Applicable (Not Transported),,,,,,,1,
2022,8,80096,Colorado,1,1,0,1,1,2,2,1,ADAMS (1),110,AURORA,18,18,3,March,2022,6,Friday,19,7:00pm-7:59pm,52,52,1,This section IS ON the NHS,2,Urban,3,Principal Arterial - Other,1,State Highway Agency,2,U.S. Highway,US-40   E COLFAX AVE,,3060,3060,39.74034444,39.74034444,-104.833444440,-104.83344444,0,No Special Jurisdiction,8,Pedestrian,0,The First Harmful Event was Not a Collision with a Motor Vehicle in Transport,0,No,1,Non-Junction,1,Not an Intersection,0,None,,,1,On Roadway,3,Dark - Lighted,,,,,1,Clear,0,No,0000000,Not Applicable,19,7:00pm-7:59pm,52,52,19,7:00pm-7:59pm,55,55,88,"Not Applicable (Not Transported) ",88,Not Applicable (Not Transported),,,,,,,1,
2022,8,80097,Colorado,1,1,0,1,1,1,1,1,ADAMS (1),110,AURORA,18,18,3,March,2022,6,Friday,19,7:00pm-7:59pm,54,54,1,This section IS ON the NHS,2,Urban,3,Principal Arterial - Other,1,State Highway Agency,2,U.S. Highway,US-40   E COLFAX AVE,,3060,3060,39.74034444,39.74034444,-104.833444440,-104.83344444,0,No Special Jurisdiction,8,Pedestrian,0,The First Harmful Event was Not a Collision with a Motor Vehicle in Transport,0,No,1,Non-Junction,1,Not an Intersection,0,None,,,1,On Roadway,3,Dark - Lighted,,,,,1,Clear,0,No,0000000,Not Applicable,99,Unknown,99,Unknown,99,Unknown EMS Scene Arrival Hour,99,Unknown EMS Scene Arrival Minutes,99,Unknown,99,Unknown EMS Hospital Arrival Time,,,,,,,1,
2022,8,80098,Colorado,1,1,0,0,0,1,1,95,PHILLIPS (95),0,NOT APPLICABLE,21,21,3,March,2022,2,Monday,17,5:00pm-5:59pm,51,51,0,This section IS NOT on the NHS,1,Rural,7,Local,2,County Highway Agency,4,County Road,CR-20,,0,None,40.57106111,40.57106111,-102.330572220,-102.33057222,0,No Special Jurisdiction,1,Rollover/Overturn,0,The First Harmful Event was Not a Collision with a Motor Vehicle in Transport,0,No,1,Non-Junction,1,Not an Intersection,0,None,,,4,On Roadside,1,Daylight,,,,,1,Clear,0,No,0000000,Not Applicable,17,5:00pm-5:59pm,51,51,18,6:00pm-6:59pm,7,7,88,"Not Applicable (Not Transported) ",88,Not Applicable (Not Transported),,,,,,,1,
2022,8,80099,Colorado,1,1,0,1,1,1,1,31,DENVER (31),600,DENVER,23,23,3,March,2022,4,Wednesday,0,0:00am-0:59am,40,40,1,This section IS ON the NHS,2,Urban,1,Interstate,1,State Highway Agency,1,Interstate,I-25,,2101,2101,39.73695556,39.73695556,-105.014488890,-105.01448889,0,No Special Jurisdiction,8,Pedestrian,0,The First Harmful Event was Not a Collision with a Motor Vehicle in Transport,1,Yes,17,Acceleration/Deceleration Lane,1,Not an Intersection,0,None,,,1,On Roadway,3,Dark - Lighted,,,,,1,Clear,0,No,0000000,Not Applicable,0,0:00am-0:59am,40,40,0,0:00am-0:59am,45,45,88,"Not Applicable (Not Transported) ",88,Not Applicable (Not Transported),,,,,,,1,
2022,8,80100,Colorado,2,2,0,0,0,2,2,5,ARAPAHOE (5),0,NOT APPLICABLE,23,23,3,March,2022,4,Wednesday,15,3:00pm-3:59pm,20,20,1,This section IS ON the NHS,1,Rural,1,Interstate,1,State Highway Agency,1,Interstate,I-70,,3130,3130,39.72831111,39.72831111,-104.273094440,-104.27309444,0,No Special Jurisdiction,12,Motor Vehicle In-Transport,1,Front-to-Rear,0,No,1,Non-Junction,1,Not an Intersection,0,None,,,1,On Roadway,1,Daylight,,,,,1,Clear,0,No,0000000,Not Applicable,99,Unknown,99,Unknown,99,Unknown EMS Scene Arrival Hour,99,Unknown EMS Scene Arrival Minutes,88,"Not Applicable (Not Transported) ",88,Not Applicable (Not Transported),,,,,,,1,
2022,8,80101,Colorado,1,1,0,0,0,1,1,83,MONTEZUMA (83),0,NOT APPLICABLE,25,25,3,March,2022,6,Friday,15,3:00pm-3:59pm,50,50,0,This section IS NOT on the NHS,1,Rural,5,Major Collector,1,State Highway Agency,3,State Highway,SR-184,,111,111,37.44974444,37.44974444,-108.492433330,-108.49243333,0,No Special Jurisdiction,1,Rollover/Overturn,0,The First Harmful Event was Not a Collision with a Motor Vehicle in Transport,0,No,1,Non-Junction,1,Not an Intersection,0,None,,,4,On Roadside,1,Daylight,,,,,1,Clear,0,No,0000000,Not Applicable,99,Unknown,99,Unknown,99,Unknown EMS Scene Arrival Hour,99,Unknown EMS Scene Arrival Minutes,99,Unknown,99,Unknown EMS Hospital Arrival Time,,,,,,,1,
2022,8,80102,Colorado,2,2,0,0,0,3,3,77,MESA (77),0,NOT APPLICABLE,26,26,3,March,2022,7,Saturday,14,2:00pm-2:59pm,10,10,1,This section IS ON the NHS,1,Rural,3,Principal Arterial - Other,1,State Highway Agency,2,U.S. Highway,US-50,,480,480,38.90385000,38.90385000,-108.369111110,-108.36911111,0,No Special Jurisdiction,12,Motor Vehicle In-Transport,1,Front-to-Rear,0,No,1,Non-Junction,1,Not an Intersection,0,None,,,1,On Roadway,1,Daylight,,,,,1,Clear,0,No,0000000,Not Applicable,99,Unknown,99,Unknown,99,Unknown EMS Scene Arrival Hour,99,Unknown EMS Scene Arrival Minutes,88,"Not Applicable (Not Transported) ",88,Not Applicable (Not Transported),,,,,,,1,
2022,8,80103,Colorado,2,2,0,0,0,4,4,1,ADAMS (1),0,NOT APPLICABLE,27,27,3,March,2022,1,Sunday,3,3:00am-3:59am,22,22,1,This section IS ON the NHS,2,Urban,1,Interstate,1,State Highway Agency,1,Interstate,I-25,,2179,2179,39.84024444,39.84024444,-104.983644440,-104.98364444,0,No Special Jurisdiction,12,Motor Vehicle In-Transport,1,Front-to-Rear,0,No,1,Non-Junction,1,Not an Intersection,0,None,,,1,On Roadway,3,Dark - Lighted,,,,,1,Clear,0,No,0000000,Not Applicable,99,Unknown,99,Unknown,99,Unknown EMS Scene Arrival Hour,99,Unknown EMS Scene Arrival Minutes,99,Unknown,99,Unknown EMS Hospital Arrival Time,,,,,,,1,
2022,8,80104,Colorado,2,2,0,0,0,3,3,123,WELD (123),0,NOT APPLICABLE,27,27,3,March,2022,1,Sunday,21,9:00pm-9:59pm,30,30,1,This section IS ON the NHS,1,Rural,3,Principal Arterial - Other,1,State Highway Agency,2,U.S. Highway,US-34,,1291,1291,40.32251667,40.32251667,-104.409444440,-104.40944444,0,No Special Jurisdiction,12,Motor Vehicle In-Transport,1,Front-to-Rear,0,No,1,Non-Junction,1,Not an Intersection,0,None,,,1,On Roadway,2,Dark - Not Lighted,,,,,1,Clear,0,No,0000000,Not Applicable,21,9:00pm-9:59pm,30,30,21,9:00pm-9:59pm,50,50,88,"Not Applicable (Not Transported) ",88,Not Applicable (Not Transported),,,,,,,2,
2022,8,80105,Colorado,2,2,0,0,0,2,2,1,ADAMS (1),800,FEDERAL HEIGHTS,26,26,3,March,2022,7,Saturday,14,2:00pm-2:59pm,28,28,1,This section IS ON the NHS,2,Urban,3,Principal Arterial - Other,1,State Highway Agency,2,U.S. Highway,US-287   FEDERAL BLVD,PINE ST,2920,2920,39.87511111,39.87511111,-105.025116670,-105.02511667,0,No Special Jurisdiction,12,Motor Vehicle In-Transport,6,Angle,0,No,2,Intersection,2,Four-Way Intersection,0,None,,,1,On Roadway,1,Daylight,,,,,1,Clear,0,No,0000000,Not Applicable,14,2:00pm-2:59pm,28,28,14,2:00pm-2:59pm,30,30,99,Unknown,99,Unknown EMS Hospital Arrival Time,,,,,,,1,
2022,8,80106,Colorado,2,2,0,0,0,3,3,123,WELD (123),870,FORT LUPTON,17,17,3,March,2022,5,Thursday,6,6:00am-6:59am,55,55,1,This section IS ON the NHS,1,Rural,3,Principal Arterial - Other,1,State Highway Agency,3,State Highway,SR-52,,239,239,40.08035278,40.08035278,-104.744911110,-104.74491111,0,No Special Jurisdiction,12,Motor Vehicle In-Transport,2,Front-to-Front,0,No,1,Non-Junction,1,Not an Intersection,0,None,,,1,On Roadway,1,Daylight,,,,,4,Snow,0,No,0000000,Not Applicable,6,6:00am-6:59am,58,58,7,7:00am-7:59am,3,3,99,Unknown,99,Unknown EMS Hospital Arrival Time,,,,,,,1,
2022,8,80107,Colorado,2,2,0,0,0,3,3,31,DENVER (31),600,DENVER,28,28,3,March,2022,2,Monday,0,0:00am-0:59am,28,28,1,This section IS ON the NHS,2,Urban,3,Principal Arterial - Other,1,State Highway Agency,3,State Highway,SR-26   W ALAMEDA AVE,SR-95   S SHERIDAN BLVD,112,112,39.71129444,39.71129444,-105.053233330,-105.05323333,0,No Special Jurisdiction,12,Motor Vehicle In-Transport,6,Angle,0,No,2,Intersection,2,Four-Way Intersection,0,None,,,1,On Roadway,3,Dark - Lighted,,,,,1,Clear,0,No,0000000,Not Applicable,0,0:00am-0:59am,28,28,0,0:00am-0:59am,31,31,1,1:00am-1:59am,0,0,,,,,,,1,
2022,8,80108,Colorado,3,3,0,0,0,3,3,59,JEFFERSON (59),0,NOT APPLICABLE,29,29,3,March,2022,3,Tuesday,7,7:00am-7:59am,30,30,1,This section IS ON the NHS,2,Urban,3,Principal Arterial - Other,1,State Highway Agency,3,State Highway,SR-93,,62,62,39.84786111,39.84786111,-105.234019440,-105.23401944,0,No Special Jurisdiction,12,Motor Vehicle In-Transport,2,Front-to-Front,0,No,1,Non-Junction,1,Not an Intersection,0,None,,,1,On Roadway,1,Daylight,,,,,10,Cloudy,0,No,0000000,Not Applicable,7,7:00am-7:59am,31,31,7,7:00am-7:59am,40,40,88,"Not Applicable (Not Transported) ",88,Not Applicable (Not Transported),,,,,,,1,
2022,8,80109,Colorado,1,1,0,0,0,1,1,93,PARK (93),0,NOT APPLICABLE,29,29,3,March,2022,3,Tuesday,10,10:00am-10:59am,36,36,1,This section IS ON the NHS,1,Rural,3,Principal Arterial - Other,1,State Highway Agency,2,U.S. Highway,US-285,,1658,1658,38.97948889,38.97948889,-105.958750000,-105.95875000,0,No Special Jurisdiction,1,Rollover/Overturn,0,The First Harmful Event was Not a Collision with a Motor Vehicle in Transport,0,No,1,Non-Junction,1,Not an Intersection,0,None,,,1,On Roadway,1,Daylight,,,,,10,Cloudy,0,No,0000000,Not Applicable,99,Unknown,99,Unknown,99,Unknown EMS Scene Arrival Hour,99,Unknown EMS Scene Arrival Minutes,88,"Not Applicable (Not Transported) ",88,Not Applicable (Not Transported),,,,,,,1,
2022,8,80110,Colorado,1,1,0,1,1,1,1,101,PUEBLO (101),0,NOT APPLICABLE,29,29,3,March,2022,3,Tuesday,19,7:00pm-7:59pm,50,50,1,This section IS ON the NHS,2,Urban,1,Interstate,1,State Highway Agency,1,Interstate,I-25,,929,929,38.19100000,38.19100000,-104.633286110,-104.63328611,0,No Special Jurisdiction,8,Pedestrian,0,The First Harmful Event was Not a Collision with a Motor Vehicle in Transport,0,No,1,Non-Junction,1,Not an Intersection,0,None,,,1,On Roadway,2,Dark - Not Lighted,,,,,2,Rain,0,No,0000000,Not Applicable,99,Unknown,99,Unknown,99,Unknown EMS Scene Arrival Hour,99,Unknown EMS Scene Arrival Minutes,88,"Not Applicable (Not Transported) ",88,Not Applicable (Not Transported),,,,,,,1,
2022,8,80111,Colorado,1,1,0,1,1,1,1,1,ADAMS (1),0,NOT APPLICABLE,13,13,3,March,2022,1,Sunday,22,10:00pm-10:59pm,39,39,1,This section IS ON the NHS,2,Urban,3,Principal Arterial - Other,1,State Highway Agency,2,U.S. Highway,US-287   FEDERAL BLVD,,2865,2865,39.79395000,39.79395000,-105.025338890,-105.02533889,0,No Special Jurisdiction,8,Pedestrian,0,The First Harmful Event was Not a Collision with a Motor Vehicle in Transport,0,No,1,Non-Junction,1,Not an Intersection,0,None,,,1,On Roadway,3,Dark - Lighted,,,,,1,Clear,0,No,0000000,Not Applicable,99,Unknown,99,Unknown,99,Unknown EMS Scene Arrival Hour,99,Unknown EMS Scene Arrival Minutes,99,Unknown,99,Unknown EMS Hospital Arrival Time,,,,,,,1,
2022,8,80112,Colorado,2,2,0,0,0,4,4,59,JEFFERSON (59),1435,LAKEWOOD,31,31,3,March,2022,5,Thursday,23,11:00pm-11:59pm,16,16,1,This section IS ON the NHS,2,Urban,3,Principal Arterial - Other,1,State Highway Agency,3,State Highway,SR-391   S KIPLING PKWY,W JEWELL AVE,21,21,39.68216667,39.68216667,-105.120327780,-105.12032778,0,No Special Jurisdiction,12,Motor Vehicle In-Transport,6,Angle,0,No,2,Intersection,2,Four-Way Intersection,0,None,,,1,On Roadway,3,Dark - Lighted,,,,,1,Clear,0,No,0000000,Not Applicable,23,11:00pm-11:59pm,20,20,23,11:00pm-11:59pm,25,25,23,11:00pm-11:59pm,35,35,,,,,,,1,
2022,8,80113,Colorado,1,1,0,0,0,1,1,35,DOUGLAS (35),0,NOT APPLICABLE,21,21,3,March,2022,2,Monday,10,10:00am-10:59am,32,32,1,This section IS ON the NHS,1,Rural,3,Principal Arterial - Other,1,State Highway Agency,3,State Highway,SR-83,,518,518,39.40593889,39.40593889,-104.759305560,-104.75930556,0,No Special Jurisdiction,38,Fence,0,The First Harmful Event was Not a Collision with a Motor Vehicle in Transport,0,No,1,Non-Junction,1,Not an Intersection,0,None,,,5,Outside Trafficway,1,Daylight,,,,,4,Snow,0,No,0000000,Not Applicable,10,10:00am-10:59am,28,28,10,10:00am-10:59am,33,33,11,11:00am-11:59am,6,6,,,,,,,1,
2022,8,80114,Colorado,1,1,0,1,1,1,1,41,EL PASO (41),430,COLORADO SPRINGS,23,23,3,March,2022,4,Wednesday,3,3:00am-3:59am,28,28,1,This section IS ON the NHS,2,Urban,3,Principal Arterial - Other,4,City or Municipal Highway Agency,6,Local Street - Municipality,GARDEN OF THE GODS RD,I-25 OFF-RAMP,0,None,38.89672222,38.89672222,-104.829444440,-104.82944444,0,No Special Jurisdiction,8,Pedestrian,0,The First Harmful Event was Not a Collision with a Motor Vehicle in Transport,1,Yes,3,Intersection-Related,2,Four-Way Intersection,0,None,,,1,On Roadway,3,Dark - Lighted,,,,,1,Clear,0,No,0000000,Not Applicable,3,3:00am-3:59am,32,32,3,3:00am-3:59am,35,35,88,"Not Applicable (Not Transported) ",88,Not Applicable (Not Transported),,,,,,,1,
2022,8,80115,Colorado,3,2,1,0,0,2,2,5,ARAPAHOE (5),110,AURORA,14,14,3,March,2022,2,Monday,17,5:00pm-5:59pm,36,36,0,This section IS NOT on the NHS,2,Urban,4,Minor Arterial,4,City or Municipal Highway Agency,6,Local Street - Municipality,E 11TH AVE,N FLORENCE ST,0,None,39.73288333,39.73288333,-104.871883330,-104.87188333,0,No Special Jurisdiction,12,Motor Vehicle In-Transport,6,Angle,0,No,2,Intersection,2,Four-Way Intersection,0,None,,,1,On Roadway,1,Daylight,,,,,1,Clear,0,No,0000000,Not Applicable,17,5:00pm-5:59pm,36,36,17,5:00pm-5:59pm,39,39,17,5:00pm-5:59pm,51,51,,,,,,,1,
2022,8,80116,Colorado,1,1,0,0,0,7,7,21,CONEJOS (21),0,NOT APPLICABLE,27,27,3,March,2022,1,Sunday,14,2:00pm-2:59pm,23,23,0,This section IS NOT on the NHS,1,Rural,6,Minor Collector,2,County Highway Agency,4,County Road,CR-28,,0,None,37.26403056,37.26403056,-105.747130560,-105.74713056,0,No Special Jurisdiction,1,Rollover/Overturn,0,The First Harmful Event was Not a Collision with a Motor Vehicle in Transport,0,No,1,Non-Junction,1,Not an Intersection,0,None,,,4,On Roadside,1,Daylight,,,,,1,Clear,0,No,0000000,Not Applicable,99,Unknown,99,Unknown,99,Unknown EMS Scene Arrival Hour,99,Unknown EMS Scene Arrival Minutes,99,Unknown,99,Unknown EMS Hospital Arrival Time,,,,,,,1,
2022,8,80117,Colorado,2,2,0,0,0,2,2,41,EL PASO (41),430,COLORADO SPRINGS,15,15,3,March,2022,3,Tuesday,16,4:00pm-4:59pm,21,21,1,This section IS ON the NHS,2,Urban,3,Principal Arterial - Other,4,City or Municipal Highway Agency,6,Local Street - Municipality,MARKSHEFFEL RD,TAMLIN RD,0,None,38.90446111,38.90446111,-104.682922220,-104.68292222,0,No Special Jurisdiction,12,Motor Vehicle In-Transport,6,Angle,0,No,3,Intersection-Related,3,T-Intersection,0,None,,,2,On Shoulder,1,Daylight,,,,,1,Clear,0,No,0000000,Not Applicable,16,4:00pm-4:59pm,21,21,16,4:00pm-4:59pm,27,27,17,5:00pm-5:59pm,7,7,,,,,,,1,
2022,8,80118,Colorado,1,1,0,1,1,1,1,31,DENVER (31),600,DENVER,12,12,3,March,2022,7,Saturday,2,2:00am-2:59am,30,30,1,This section IS ON the NHS,2,Urban,1,Interstate,1,State Highway Agency,1,Interstate,I-25,,2083,2083,39.71603889,39.71603889,-105.002127780,-105.00212778,0,No Special Jurisdiction,8,Pedestrian,0,The First Harmful Event was Not a Collision with a Motor Vehicle in Transport,0,No,1,Non-Junction,1,Not an Intersection,0,None,,,1,On Roadway,3,Dark - Lighted,,,,,1,Clear,0,No,0000000,Not Applicable,2,2:00am-2:59am,30,30,2,2:00am-2:59am,35,35,88,"Not Applicable (Not Transported) ",88,Not Applicable (Not Transported),,,,,,,1,
2022,8,80119,Colorado,2,2,0,0,0,6,6,29,DELTA (29),0,NOT APPLICABLE,28,28,3,March,2022,2,Monday,15,3:00pm-3:59pm,0,0,1,This section IS ON the NHS,1,Rural,3,Principal Arterial - Other,1,State Highway Agency,2,U.S. Highway,US-50,CR-G50,650,650,38.75191667,38.75191667,-108.156888890,-108.15688889,0,No Special Jurisdiction,12,Motor Vehicle In-Transport,6,Angle,0,No,2,Intersection,3,T-Intersection,0,None,,,1,On Roadway,1,Daylight,,,,,1,Clear,0,No,0000000,Not Applicable,99,Unknown,99,Unknown,99,Unknown EMS Scene Arrival Hour,99,Unknown EMS Scene Arrival Minutes,99,Unknown,99,Unknown EMS Hospital Arrival Time,,,,,,,1,
2022,8,80120,Colorado,2,2,0,0,0,2,2,31,DENVER (31),600,DENVER,24,24,3,March,2022,5,Thursday,10,10:00am-10:59am,32,32,0,This section IS NOT on the NHS,2,Urban,4,Minor Arterial,4,City or Municipal Highway Agency,6,Local Street - Municipality,N KALAMATH ST,W 5TH AVE,0,None,39.72414167,39.72414167,-105.000144440,-105.00014444,0,No Special Jurisdiction,12,Motor Vehicle In-Transport,6,Angle,0,No,2,Intersection,2,Four-Way Intersection,0,None,,,1,On Roadway,1,Daylight,,,,,1,Clear,0,No,0000000,Not Applicable,10,10:00am-10:59am,32,32,10,10:00am-10:59am,45,45,10,10:00am-10:59am,49,49,,,,,,,1,
2022,8,80121,Colorado,2,2,0,0,0,3,3,31,DENVER (31),600,DENVER,31,31,3,March,2022,5,Thursday,16,4:00pm-4:59pm,51,51,1,This section IS ON the NHS,2,Urban,3,Principal Arterial - Other,4,City or Municipal Highway Agency,6,Local Street - Municipality,E MISSISSIPPI AVE,S GENEVA ST,0,None,39.69662500,39.69662500,-104.868308330,-104.86830833,0,No Special Jurisdiction,12,Motor Vehicle In-Transport,6,Angle,0,No,2,Intersection,3,T-Intersection,0,None,,,1,On Roadway,1,Daylight,,,,,1,Clear,0,No,0000000,Not Applicable,16,4:00pm-4:59pm,52,52,16,4:00pm-4:59pm,54,54,17,5:00pm-5:59pm,59,59,,,,,,,1,
2022,8,80122,Colorado,2,2,0,0,0,2,2,59,JEFFERSON (59),1435,LAKEWOOD,31,31,3,March,2022,5,Thursday,11,11:00am-11:59am,15,15,1,This section IS ON the NHS,2,Urban,3,Principal Arterial - Other,1,State Highway Agency,3,State Highway,SR-391   KIPLING SR,W 18TH AVE,67,67,39.74565278,39.74565278,-105.109680560,-105.10968056,0,No Special Jurisdiction,12,Motor Vehicle In-Transport,6,Angle,0,No,2,Intersection,3,T-Intersection,0,None,,,1,On Roadway,1,Daylight,,,,,1,Clear,0,No,0000000,Not Applicable,99,Unknown,99,Unknown,99,Unknown EMS Scene Arrival Hour,99,Unknown EMS Scene Arrival Minutes,99,Unknown,99,Unknown EMS Hospital Arrival Time,,,,,,,1,
2022,8,80123,Colorado,2,2,0,0,0,2,2,41,EL PASO (41),430,COLORADO SPRINGS,24,24,1,January,2022,2,Monday,9,9:00am-9:59am,1,1,1,This section IS ON the NHS,2,Urban,3,Principal Arterial - Other,4,City or Municipal Highway Agency,6,Local Street - Municipality,N MARKSHEFFEL RD,,0,None,38.91515000,38.91515000,-104.682855560,-104.68285556,0,No Special Jurisdiction,12,Motor Vehicle In-Transport,6,Angle,0,No,1,Non-Junction,1,Not an Intersection,0,None,,,1,On Roadway,1,Daylight,,,,,1,Clear,0,No,0000000,Not Applicable,9,9:00am-9:59am,2,2,9,9:00am-9:59am,8,8,9,9:00am-9:59am,25,25,,,,,,,1,
2022,8,80124,Colorado,2,2,0,0,0,2,2,43,FREMONT (43),0,NOT APPLICABLE,2,2,4,April,2022,7,Saturday,9,9:00am-9:59am,50,50,1,This section IS ON the NHS,1,Rural,3,Principal Arterial - Other,1,State Highway Agency,2,U.S. Highway,US-50,SR-120   R ST,2943,2943,38.39168056,38.39168056,-104.968300000,-104.96830000,0,No Special Jurisdiction,12,Motor Vehicle In-Transport,6,Angle,0,No,2,Intersection,2,Four-Way Intersection,0,None,,,1,On Roadway,1,Daylight,,,,,1,Clear,0,No,0000000,Not Applicable,99,Unknown,99,Unknown,99,Unknown EMS Scene Arrival Hour,99,Unknown EMS Scene Arrival Minutes,99,Unknown,99,Unknown EMS Hospital Arrival Time,,,,,,,1,
2022,8,80125,Colorado,2,2,0,0,0,3,3,43,FREMONT (43),0,NOT APPLICABLE,2,2,4,April,2022,7,Saturday,11,11:00am-11:59am,46,46,0,This section IS NOT on the NHS,1,Rural,4,Minor Arterial,1,State Highway Agency,3,State Highway,SR-115,,220,220,38.50158889,38.50158889,-104.956927780,-104.95692778,0,No Special Jurisdiction,12,Motor Vehicle In-Transport,2,Front-to-Front,0,No,1,Non-Junction,1,Not an Intersection,0,None,,,1,On Roadway,1,Daylight,,,,,1,Clear,0,No,0000000,Not Applicable,99,Unknown,99,Unknown,99,Unknown EMS Scene Arrival Hour,99,Unknown EMS Scene Arrival Minutes,99,Unknown,99,Unknown EMS Hospital Arrival Time,,,,,,,2,
2022,8,80126,Colorado,1,1,0,0,0,2,2,1,ADAMS (1),2550,WESTMINSTER,2,2,4,April,2022,7,Saturday,16,4:00pm-4:59pm,25,25,0,This section IS NOT on the NHS,2,Urban,5,Major Collector,4,City or Municipal Highway Agency,6,Local Street - Municipality,W TURNPIKE DR,,0,None,39.84176111,39.84176111,-105.040958330,-105.04095833,0,No Special Jurisdiction,42,Tree (Standing Only),0,The First Harmful Event was Not a Collision with a Motor Vehicle in Transport,0,No,1,Non-Junction,1,Not an Intersection,0,None,,,5,Outside Trafficway,1,Daylight,,,,,1,Clear,0,No,0000000,Not Applicable,16,4:00pm-4:59pm,26,26,16,4:00pm-4:59pm,29,29,88,"Not Applicable (Not Transported) ",88,Not Applicable (Not Transported),,,,,,,2,
2022,8,80127,Colorado,1,1,0,0,0,1,1,41,EL PASO (41),0,NOT APPLICABLE,2,2,4,April,2022,7,Saturday,17,5:00pm-5:59pm,50,50,0,This section IS NOT on the NHS,2,Urban,7,Local,4,City or Municipal Highway Agency,6,Local Street - Municipality,CR-PALMER PARK BLVD,,0,None,38.85790556,38.85790556,-104.709008330,-104.70900833,0,No Special Jurisdiction,33,Curb,0,The First Harmful Event was Not a Collision with a Motor Vehicle in Transport,0,No,1,Non-Junction,1,Not an Intersection,0,None,,,4,On Roadside,1,Daylight,,,,,1,Clear,0,No,0000000,Not Applicable,99,Unknown,99,Unknown,99,Unknown EMS Scene Arrival Hour,99,Unknown EMS Scene Arrival Minutes,88,"Not Applicable (Not Transported) ",88,Not Applicable (Not Transported),,,,,,,1,
2022,8,80128,Colorado,2,2,0,0,0,2,2,31,DENVER (31),600,DENVER,1,1,4,April,2022,6,Friday,0,0:00am-0:59am,37,37,1,This section IS ON the NHS,2,Urban,3,Principal Arterial - Other,1,State Highway Agency,3,State Highway,SR-2   N COLORADO BLVD,E MLK BLVD,75,75,39.76186667,39.76186667,-104.940477780,-104.94047778,0,No Special Jurisdiction,12,Motor Vehicle In-Transport,6,Angle,0,No,2,Intersection,2,Four-Way Intersection,0,None,,,1,On Roadway,3,Dark - Lighted,,,,,1,Clear,0,No,0000000,Not Applicable,0,0:00am-0:59am,37,37,0,0:00am-0:59am,48,48,88,"Not Applicable (Not Transported) ",88,Not Applicable (Not Transported),,,,,,,1,
2022,8,80129,Colorado,1,1,0,1,1,1,1,31,DENVER (31),600,DENVER,1,1,4,April,2022,6,Friday,22,10:00pm-10:59pm,46,46,1,This section IS ON the NHS,2,Urban,3,Principal Arterial - Other,4,City or Municipal Highway Agency,6,Local Street - Municipality,N BROADWAY ST,N SPEER BLVD,0,None,39.72732778,39.72732778,-104.987583330,-104.98758333,0,No Special Jurisdiction,8,Pedestrian,0,The First Harmful Event was Not a Collision with a Motor Vehicle in Transport,0,No,3,Intersection-Related,2,Four-Way Intersection,0,None,,,1,On Roadway,3,Dark - Lighted,,,,,1,Clear,0,No,0000000,Not Applicable,22,10:00pm-10:59pm,46,46,22,10:00pm-10:59pm,50,50,22,10:00pm-10:59pm,55,55,,,,,,,1,