caseyear,state,st_case,statename,ve_total,ve_forms,pvh_invl,peds,pernotmvit,permvit,persons,county,countyname,city,cityname,day,dayname,month,monthname,year,day_week,day_weekname,hour,hourname,minute,minutename,nhs,nhsname,rur_urb,rur_urbname,func_sys,func_sysname,rd_owner,rd_ownername,route,routename,tway_id,tway_id2,milept,mileptname,latitude,latitudename,longitud,longitudname,sp_jur,sp_jurname,harm_ev,harm_evname,man_coll,man_collname,reljct1,reljct1name,reljct2,reljct2name,typ_int,typ_intname,wrk_zone,wrk_zonename,road_fnc,road_fncname,rel_road,rel_roadname,lgt_cond,lgt_condname,weather1,weather1name,weather2,weather2name,weather,weathername,sch_bus,sch_busname,rail,railname,not_hour,not_hourname,not_min,not_minname,arr_hour,arr_hourname,arr_min,arr_minname,hosp_hr,hosp_hrname,hosp_mn,hosp_mnname,cf1,cf1name,cf2,cf2name,cf3,cf3name,fatals,drunk_dr
2022,8,80166,Colorado,1,1,0,0,0,3,3,35,DOUGLAS (35),0,NOT APPLICABLE,30,30,4,April,2022,7,Saturday,14,2:00pm-2:59pm,3,3,1,This section IS ON the NHS,2,Urban,2,Principal Arterial - Other Freeways and Expressways,1,State Highway Agency,3,State Highway,SR-470   C-470,,188,188,39.55874444,39.55874444,-105.001111110,-105.00111111,0,No Special Jurisdiction,59,"Traffic Sign Support ",0,The First Harmful Event was Not a Collision with a Motor Vehicle in Transport,1,Yes,19,Other location within Interchange Area,1,Not an Intersection,0,None,,,3,On Median,1,Daylight,,,,,1,Clear,0,No,0000000,Not Applicable,14,2:00pm-2:59pm,0,0,14,2:00pm-2:59pm,5,5,14,2:00pm-2:59pm,24,24,,,,,,,2,
2022,8,80167,Colorado,1,1,0,0,0,1,1,75,LOGAN (75),0,NOT APPLICABLE,30,30,4,April,2022,7,Saturday,23,11:00pm-11:59pm,53,53,0,This section IS NOT on the NHS,1,Rural,5,Major Collector,2,County Highway Agency,4,County Road,CR-25,,0,None,40.54068056,40.54068056,-103.349083330,-103.34908333,0,No Special Jurisdiction,31,"Post, Pole or Other Supports",0,The First Harmful Event was Not a Collision with a Motor Vehicle in Transport,0,No,1,Non-Junction,1,Not an Intersection,0,None,,,4,On Roadside,2,Dark - Not Lighted,,,,,1,Clear,0,No,0000000,Not Applicable,23,11:00pm-11:59pm,53,53,0,0:00am-0:59am,7,7,88,"Not Applicable (Not Transported) ",88,Not Applicable (Not Transported),,,,,,,1,
2022,8,80168,Colorado,2,2,0,0,0,3,3,31,DENVER (31),600,DENVER,8,8,4,April,2022,6,Friday,18,6:00pm-6:59pm,10,10,0,This section IS NOT on the NHS,2,Urban,5,Major Collector,4,City or Municipal Highway Agency,6,Local Street - Municipality,CALIFORNIA ST,22ND ST,0,None,39.75078889,39.75078889,-104.984988890,-104.98498889,0,No Special Jurisdiction,12,Motor Vehicle In-Transport,6,Angle,0,No,2,Intersection,2,Four-Way Intersection,0,None,,,1,On Roadway,1,Daylight,,,,,1,Clear,0,No,0000000,Not Applicable,18,6:00pm-6:59pm,11,11,18,6:00pm-6:59pm,20,20,18,6:00pm-6:59pm,28,28,,,,,,,1,
2022,8,80169,Colorado,2,2,0,0,0,2,2,31,DENVER (31),600,DENVER,9,9,4,April,2022,7,Saturday,3,3:00am-3:59am,15,15,1,This section IS ON the NHS,2,Urban,3,Principal Arterial - Other,1,State Highway Agency,3,State Highway,SR-95   S SHERIDAN BLVD,SR-26   W ALAMEDA AVE,40,40,39.71131667,39.71131667,-105.053227780,-105.05322778,0,No Special Jurisdiction,12,Motor Vehicle In-Transport,6,Angle,0,No,2,Intersection,2,Four-Way Intersection,0,None,,,1,On Roadway,3,Dark - Lighted,,,,,1,Clear,0,No,0000000,Not Applicable,99,Unknown,99,Unknown,99,Unknown EMS Scene Arrival Hour,99,Unknown EMS Scene Arrival Minutes,99,Unknown,99,Unknown EMS Hospital Arrival Time,,,,,,,1,
2022,8,80170,Colorado,2,2,0,0,0,7,7,101,PUEBLO (101),2050,PUEBLO,23,23,4,April,2022,7,Saturday,2,2:00am-2:59am,24,24,1,This section IS ON the NHS,2,Urban,3,Principal Arterial - Other,1,State Highway Agency,3,State Highway,SR-96   W 4TH ST,,553,553,38.27053889,38.27053889,-104.620022220,-104.62002222,0,No Special Jurisdiction,33,Curb,0,The First Harmful Event was Not a Collision with a Motor Vehicle in Transport,0,No,1,Non-Junction,1,Not an Intersection,0,None,,,3,On Median,3,Dark - Lighted,,,,,1,Clear,0,No,0000000,Not Applicable,2,2:00am-2:59am,24,24,2,2:00am-2:59am,31,31,2,2:00am-2:59am,41,41,,,,,,,2,
2022,8,80171,Colorado,3,3,0,0,0,3,3,41,EL PASO (41),430,COLORADO SPRINGS,4,4,4,April,2022,2,Monday,14,2:00pm-2:59pm,27,27,1,This section IS ON the NHS,2,Urban,3,Principal Arterial - Other,4,City or Municipal Highway Agency,6,Local Street - Municipality,ACADEMY BLVD,E BIJOU ST,0,None,38.83578333,38.83578333,-104.757500000,-104.75750000,0,No Special Jurisdiction,12,Motor Vehicle In-Transport,6,Angle,0,No,2,Intersection,2,Four-Way Intersection,0,None,,,1,On Roadway,1,Daylight,,,,,1,Clear,0,No,0000000,Not Applicable,14,2:00pm-2:59pm,27,27,14,2:00pm-2:59pm,32,32,14,2:00pm-2:59pm,45,45,,,,,,,1,
2022,8,80172,Colorado,1,1,0,0,0,2,2,41,EL PASO (41),430,COLORADO SPRINGS,7,7,4,April,2022,5,Thursday,0,0:00am-0:59am,59,59,0,This section IS NOT on the NHS,2,Urban,7,Local,4,City or Municipal Highway Agency,6,Local Street - Municipality,S CIRCLE DR RAMP,,0,None,38.79986111,38.79986111,-104.779250000,-104.77925000,0,No Special Jurisdiction,1,Rollover/Overturn,0,The First Harmful Event was Not a Collision with a Motor Vehicle in Transport,1,Yes,5,Entrance/Exit Ramp Related,1,Not an Intersection,0,None,,,3,On Median,3,Dark - Lighted,,,,,1,Clear,0,No,0000000,Not Applicable,1,1:00am-1:59am,0,0,1,1:00am-1:59am,5,5,99,Unknown,99,Unknown EMS Hospital Arrival Time,,,,,,,1,
2022,8,80173,Colorado,1,1,0,0,0,1,1,1,ADAMS (1),2427,THORNTON,20,20,4,April,2022,4,Wednesday,15,3:00pm-3:59pm,51,51,1,This section IS ON the NHS,1,Rural,3,Principal Arterial - Other,1,State Highway Agency,3,State Highway,SR-7,,705,705,39.98640556,39.98640556,-104.945769440,-104.94576944,0,No Special Jurisdiction,1,Rollover/Overturn,0,The First Harmful Event was Not a Collision with a Motor Vehicle in Transport,0,No,1,Non-Junction,1,Not an Intersection,0,None,,,1,On Roadway,1,Daylight,,,,,1,Clear,0,No,0000000,Not Applicable,99,Unknown,99,Unknown,99,Unknown EMS Scene Arrival Hour,99,Unknown EMS Scene Arrival Minutes,99,Unknown,99,Unknown EMS Hospital Arrival Time,,,,,,,1,
2022,8,80174,Colorado,3,3,0,0,0,5,5,89,OTERO (89),0,NOT APPLICABLE,26,26,4,April,2022,3,Tuesday,11,11:00am-11:59am,22,22,1,This section IS ON the NHS,1,Rural,3,Principal Arterial - Other,1,State Highway Agency,2,U.S. Highway,US-50,SR-71,3670,3670,38.06421667,38.06421667,-103.747666670,-103.74766667,0,No Special Jurisdiction,12,Motor Vehicle In-Transport,6,Angle,0,No,2,Intersection,2,Four-Way Intersection,0,None,,,1,On Roadway,1,Daylight,,,,,1,Clear,0,No,0000000,Not Applicable,99,Unknown,99,Unknown,99,Unknown EMS Scene Arrival Hour,99,Unknown EMS Scene Arrival Minutes,99,Unknown,99,Unknown EMS Hospital Arrival Time,,,,,,,1,
2022,8,80175,Colorado,2,2,0,0,0,2,2,41,EL PASO (41),430,COLORADO SPRINGS,8,8,4,April,2022,6,Friday,11,11:00am-11:59am,56,56,1,This section IS ON the NHS,2,Urban,3,Principal Arterial - Other,4,City or Municipal Highway Agency,6,Local Street - Municipality,E WOODMAN RD,HAVENWOOD DR,0,None,38.94022778,38.94022778,-104.748277780,-104.74827778,0,No Special Jurisdiction,12,Motor Vehicle In-Transport,6,Angle,0,No,2,Intersection,2,Four-Way Intersection,0,None,,,1,On Roadway,1,Daylight,,,,,1,Clear,0,No,0000000,Not Applicable,11,11:00am-11:59am,58,58,12,12:00pm-12:59pm,4,4,88,"Not Applicable (Not Transported) ",88,Not Applicable (Not Transported),,,,,,,1,
2022,8,80176,Colorado,2,2,0,0,0,2,2,123,WELD (123),0,NOT APPLICABLE,17,17,4,April,2022,1,Sunday,9,9:00am-9:59am,4,4,0,This section IS NOT on the NHS,1,Rural,5,Major Collector,1,State Highway Agency,3,State Highway,SR-392,,1373,1373,40.58136944,40.58136944,-104.341200000,-104.34120000,0,No Special Jurisdiction,54,"Motor Vehicle In-Transport Strikes or is Struck by Cargo, Persons or Objects Set-in-Motion from/by Another Motor Vehicle In Transport",11,"Other ",0,No,1,Non-Junction,1,Not an Intersection,0,None,,,1,On Roadway,1,Daylight,,,,,1,Clear,0,No,0000000,Not Applicable,9,9:00am-9:59am,4,4,9,9:00am-9:59am,15,15,10,10:00am-10:59am,7,7,,,,,,,1,
2022,8,80177,Colorado,1,1,0,1,1,2,2,5,ARAPAHOE (5),110,AURORA,23,23,4,April,2022,7,Saturday,22,10:00pm-10:59pm,11,11,1,This section IS ON the NHS,2,Urban,3,Principal Arterial - Other,1,State Highway Agency,2,U.S. Highway,US-40   E COLFAX AVE,,3052,3052,39.74008333,39.74008333,-104.854427780,-104.85442778,0,No Special Jurisdiction,8,Pedestrian,0,The First Harmful Event was Not a Collision with a Motor Vehicle in Transport,0,No,1,Non-Junction,1,Not an Intersection,0,None,,,1,On Roadway,3,Dark - Lighted,,,,,1,Clear,0,No,0000000,Not Applicable,22,10:00pm-10:59pm,11,11,22,10:00pm-10:59pm,15,15,22,10:00pm-10:59pm,23,23,,,,,,,1,
2022,8,80178,Colorado,1,1,0,1,1,3,3,5,ARAPAHOE (5),110,AURORA,25,25,4,April,2022,2,Monday,20,8:00pm-8:59pm,55,55,1,This section IS ON the NHS,2,Urban,3,Principal Arterial - Other,1,State Highway Agency,3,State Highway,SR-30   S HAVANA ST,E VIRGINIA AVE,65,65,39.70736111,39.70736111,-104.865891670,-104.86589167,0,No Special Jurisdiction,8,Pedestrian,0,The First Harmful Event was Not a Collision with a Motor Vehicle in Transport,0,No,3,Intersection-Related,2,Four-Way Intersection,0,None,,,1,On Roadway,3,Dark - Lighted,,,,,10,Cloudy,0,No,0000000,Not Applicable,20,8:00pm-8:59pm,55,55,21,9:00pm-9:59pm,0,0,88,"Not Applicable (Not Transported) ",88,Not Applicable (Not Transported),,,,,,,1,
2022,8,80179,Colorado,2,2,0,0,0,5,5,41,EL PASO (41),430,COLORADO SPRINGS,26,26,4,April,2022,3,Tuesday,22,10:00pm-10:59pm,14,14,0,This section IS NOT on the NHS,2,Urban,4,Minor Arterial,4,City or Municipal Highway Agency,6,Local Street - Municipality,BRIARGATE PKWY,CHAPEL HILLS DR,0,None,38.94442222,38.94442222,-104.792294440,-104.79229444,0,No Special Jurisdiction,12,Motor Vehicle In-Transport,6,Angle,0,No,2,Intersection,2,Four-Way Intersection,0,None,,,1,On Roadway,3,Dark - Lighted,,,,,1,Clear,0,No,0000000,Not Applicable,22,10:00pm-10:59pm,17,17,22,10:00pm-10:59pm,24,24,22,10:00pm-10:59pm,50,50,,,,,,,2,
2022,8,80180,Colorado,2,2,0,0,0,2,2,41,EL PASO (41),430,COLORADO SPRINGS,28,28,4,April,2022,5,Thursday,0,0:00am-0:59am,2,2,1,This section IS ON the NHS,2,Urban,3,Principal Arterial - Other,4,City or Municipal Highway Agency,6,Local Street - Municipality,S MARKSHEFFEL RD,,0,None,38.80483333,38.80483333,-104.665955560,-104.66595556,0,No Special Jurisdiction,12,Motor Vehicle In-Transport,2,Front-to-Front,0,No,1,Non-Junction,1,Not an Intersection,0,None,,,1,On Roadway,2,Dark - Not Lighted,,,,,1,Clear,0,No,0000000,Not Applicable,0,0:00am-0:59am,4,4,0,0:00am-0:59am,11,11,99,Unknown,99,Unknown EMS Hospital Arrival Time,,,,,,,1,
2022,8,80181,Colorado,2,2,0,0,0,2,2,77,MESA (77),0,NOT APPLICABLE,20,20,2,February,2022,1,Sunday,8,8:00am-8:59am,20,20,1,This section IS ON the NHS,1,Rural,1,Interstate,1,State Highway Agency,1,Interstate,I-70,,593,593,39.29298889,39.29298889,-108.223055560,-108.22305556,0,No Special Jurisdiction,12,Motor Vehicle In-Transport,8,Sideswipe - Opposite Direction,0,No,1,Non-Junction,1,Not an Intersection,0,None,,,1,On Roadway,1,Daylight,,,,,1,Clear,0,No,0000000,Not Applicable,99,Unknown,99,Unknown,99,Unknown EMS Scene Arrival Hour,99,Unknown EMS Scene Arrival Minutes,99,Unknown,99,Unknown EMS Hospital Arrival Time,,,,,,,1,
2022,8,80182,Colorado,1,1,0,1,1,2,2,101,PUEBLO (101),0,NOT APPLICABLE,5,5,5,May,2022,5,Thursday,13,1:00pm-1:59pm,8,8,1,This section IS ON the NHS,2,Urban,1,Interstate,1,State Highway Agency,1,Interstate,I-25,,1077,1077,38.39713611,38.39713611,-104.618400000,-104.61840000,0,No Special Jurisdiction,8,Pedestrian,0,The First Harmful Event was Not a Collision with a Motor Vehicle in Transport,0,No,1,Non-Junction,1,Not an Intersection,0,None,,,2,On Shoulder,1,Daylight,,,,,1,Clear,0,No,0000000,Not Applicable,99,Unknown,99,Unknown,99,Unknown EMS Scene Arrival Hour,99,Unknown EMS Scene Arrival Minutes,88,"Not Applicable (Not Transported) ",88,Not Applicable (Not Transported),,,,,,,1,
2022,8,80183,Colorado,1,1,0,0,0,1,1,101,PUEBLO (101),0,NOT APPLICABLE,6,6,5,May,2022,6,Friday,14,2:00pm-2:59pm,36,36,0,This section IS NOT on the NHS,1,Rural,7,Local,2,County Highway Agency,4,County Road,CR-PINON RD,,0,None,38.42972222,38.42972222,-104.600111110,-104.60011111,0,No Special Jurisdiction,24,Guardrail Face,0,The First Harmful Event was Not a Collision with a Motor Vehicle in Transport,0,No,1,Non-Junction,1,Not an Intersection,0,None,,,4,On Roadside,1,Daylight,,,,,10,Cloudy,0,No,0000000,Not Applicable,99,Unknown,99,Unknown,99,Unknown EMS Scene Arrival Hour,99,Unknown EMS Scene Arrival Minutes,88,"Not Applicable (Not Transported) ",88,Not Applicable (Not Transported),,,,,,,1,
2022,8,80184,Colorado,1,1,0,0,0,1,1,59,JEFFERSON (59),0,NOT APPLICABLE,7,7,5,May,2022,7,Saturday,13,1:00pm-1:59pm,8,8,0,This section IS NOT on the NHS,1,Rural,6,Minor Collector,2,County Highway Agency,4,County Road,CR-PLEASANT PARK RD,,0,None,39.49773056,39.49773056,-105.225555560,-105.22555556,0,No Special Jurisdiction,1,Rollover/Overturn,0,The First Harmful Event was Not a Collision with a Motor Vehicle in Transport,0,No,1,Non-Junction,1,Not an Intersection,0,None,,,1,On Roadway,1,Daylight,,,,,1,Clear,0,No,0000000,Not Applicable,13,1:00pm-1:59pm,9,9,14,2:00pm-2:59pm,7,7,88,"Not Applicable (Not Transported) ",88,Not Applicable (Not Transported),,,,,,,1,
2022,8,80185,Colorado,3,3,0,0,0,5,5,15,CHAFFEE (15),0,NOT APPLICABLE,7,7,5,May,2022,7,Saturday,17,5:00pm-5:59pm,31,31,0,This section IS NOT on the NHS,1,Rural,4,Minor Arterial,1,State Highway Agency,2,U.S. Highway,US-24,CR-371,2012,2012,38.95972222,38.95972222,-106.202338890,-106.20233889,0,No Special Jurisdiction,12,Motor Vehicle In-Transport,1,Front-to-Rear,0,No,3,Intersection-Related,3,T-Intersection,0,None,,,1,On Roadway,1,Daylight,,,,,10,Cloudy,0,No,0000000,Not Applicable,99,Unknown,99,Unknown,99,Unknown EMS Scene Arrival Hour,99,Unknown EMS Scene Arrival Minutes,99,Unknown,99,Unknown EMS Hospital Arrival Time,,,,,,,1,
2022,8,80186,Colorado,1,1,0,0,0,1,1,41,EL PASO (41),0,NOT APPLICABLE,7,7,5,May,2022,7,Saturday,22,10:00pm-10:59pm,30,30,1,This section IS ON the NHS,1,Rural,3,Principal Arterial - Other,1,State Highway Agency,2,U.S. Highway,US-24,,3494,3494,39.12267778,39.12267778,-104.159969440,-104.15996944,0,No Special Jurisdiction,52,Guardrail End,0,The First Harmful Event was Not a Collision with a Motor Vehicle in Transport,0,No,1,Non-Junction,1,Not an Intersection,0,None,,,4,On Roadside,2,Dark - Not Lighted,,,,,1,Clear,0,No,0000000,Not Applicable,99,Unknown,99,Unknown,99,Unknown EMS Scene Arrival Hour,99,Unknown EMS Scene Arrival Minutes,88,"Not Applicable (Not Transported) ",88,Not Applicable (Not Transported),,,,,,,1,
2022,8,80187,Colorado,1,1,0,1,1,1,1,1,ADAMS (1),2550,WESTMINSTER,9,9,5,May,2022,2,Monday,1,1:00am-1:59am,59,59,1,This section IS ON the NHS,2,Urban,1,Interstate,1,State Highway Agency,1,Interstate,I-25,,2260,2260,39.95711667,39.95711667,-104.988136110,-104.98813611,0,No Special Jurisdiction,8,Pedestrian,0,The First Harmful Event was Not a Collision with a Motor Vehicle in Transport,0,No,1,Non-Junction,1,Not an Intersection,0,None,,,1,On Roadway,3,Dark - Lighted,,,,,1,Clear,0,No,0000000,Not Applicable,2,2:00am-2:59am,2,2,2,2:00am-2:59am,10,10,88,"Not Applicable (Not Transported) ",88,Not Applicable (Not Transported),,,,,,,1,
2022,8,80188,Colorado,1,1,0,1,1,1,1,109,SAGUACHE (109),0,NOT APPLICABLE,6,6,5,May,2022,6,Friday,2,2:00am-2:59am,30,30,0,This section IS NOT on the NHS,1,Rural,7,Local,2,County Highway Agency,4,County Road,CR-49 1/2,,0,None,37.76138889,37.76138889,-106.103105560,-106.10310556,0,No Special Jurisdiction,8,Pedestrian,0,The First Harmful Event was Not a Collision with a Motor Vehicle in Transport,0,No,1,Non-Junction,1,Not an Intersection,0,None,,,1,On Roadway,2,Dark - Not Lighted,,,,,1,Clear,0,No,0000000,Not Applicable,99,Unknown,99,Unknown,99,Unknown EMS Scene Arrival Hour,99,Unknown EMS Scene Arrival Minutes,99,Unknown,99,Unknown EMS Hospital Arrival Time,,,,,,,1,
2022,8,80189,Colorado,2,2,0,0,0,2,2,101,PUEBLO (101),0,NOT APPLICABLE,6,6,5,May,2022,6,Friday,21,9:00pm-9:59pm,12,12,0,This section IS NOT on the NHS,2,Urban,4,Minor Arterial,2,County Highway Agency,4,County Road,CR-S MCCULLOCH BLVD,,0,None,38.32838056,38.32838056,-104.741711110,-104.74171111,0,No Special Jurisdiction,33,Curb,0,The First Harmful Event was Not a Collision with a Motor Vehicle in Transport,0,No,1,Non-Junction,1,Not an Intersection,0,None,,,3,On Median,2,Dark - Not Lighted,,,,,1,Clear,0,No,0000000,Not Applicable,21,9:00pm-9:59pm,15,15,21,9:00pm-9:59pm,21,21,99,Unknown,99,Unknown EMS Hospital Arrival Time,,,,,,,1,
2022,8,80190,Colorado,2,2,0,0,0,5,5,1,ADAMS (1),2427,THORNTON,8,8,5,May,2022,1,Sunday,18,6:00pm-6:59pm,54,54,1,This section IS ON the NHS,2,Urban,3,Principal Arterial - Other,4,City or Municipal Highway Agency,6,Local Street - Municipality,WASHINGTON ST,E 84TH AVE,0,None,39.84896111,39.84896111,-104.977805560,-104.97780556,0,No Special Jurisdiction,12,Motor Vehicle In-Transport,6,Angle,0,No,2,Intersection,2,Four-Way Intersection,0,None,,,1,On Roadway,1,Daylight,,,,,1,Clear,0,No,0000000,Not Applicable,18,6:00pm-6:59pm,54,54,19,7:00pm-7:59pm,0,0,99,Unknown,99,Unknown EMS Hospital Arrival Time,,,,,,,1,
2022,8,80191,Colorado,2,2,0,0,0,2,2,69,LARIMER (69),860,FORT COLLINS,10,10,5,May,2022,3,Tuesday,6,6:00am-6:59am,58,58,1,This section IS ON the NHS,2,Urban,3,Principal Arterial - Other,1,State Highway Agency,2,U.S. Highway,US-287   S COLLEGE DR,TRIANGLE DR,3396,3396,40.48694444,40.48694444,-105.077491670,-105.07749167,0,No Special Jurisdiction,12,Motor Vehicle In-Transport,6,Angle,0,No,2,Intersection,3,T-Intersection,0,None,,,1,On Roadway,1,Daylight,,,,,1,Clear,0,No,0000000,Not Applicable,6,6:00am-6:59am,57,57,7,7:00am-7:59am,3,3,7,7:00am-7:59am,26,26,,,,,,,1,
2022,8,80192,Colorado,1,1,0,0,0,1,1,1,ADAMS (1),0,NOT APPLICABLE,10,10,5,May,2022,3,Tuesday,21,9:00pm-9:59pm,25,25,1,This section IS ON the NHS,2,Urban,1,Interstate,1,State Highway Agency,1,Interstate,I-76 RAMP F,,56,56,39.81666667,39.81666667,-104.985416670,-104.98541667,0,No Special Jurisdiction,1,Rollover/Overturn,0,The First Harmful Event was Not a Collision with a Motor Vehicle in Transport,1,Yes,5,Entrance/Exit Ramp Related,1,Not an Intersection,0,None,,,4,On Roadside,3,Dark - Lighted,,,,,1,Clear,0,No,0000000,Not Applicable,21,9:00pm-9:59pm,28,28,21,9:00pm-9:59pm,34,34,21,9:00pm-9:59pm,48,48,,,,,,,1,
2022,8,80193,Colorado,5,5,0,0,0,11,11,31,DENVER (31),600,DENVER,13,13,5,May,2022,6,Friday,9,9:00am-9:59am,51,51,1,This section IS ON the NHS,2,Urban,1,Interstate,1,State Highway Agency,1,Interstate,I-70,,2801,2801,39.77653333,39.77653333,-104.873961110,-104.87396111,0,No Special Jurisdiction,12,Motor Vehicle In-Transport,1,Front-to-Rear,1,Yes,18,Through Roadway,1,Not an Intersection,0,None,,,1,On Roadway,1,Daylight,,,,,1,Clear,0,No,0000000,Not Applicable,9,9:00am-9:59am,52,52,10,10:00am-10:59am,1,1,88,"Not Applicable (Not Transported) ",88,Not Applicable (Not Transported),,,,,,,1,
2022,8,80194,Colorado,3,3,0,0,0,6,6,93,PARK (93),0,NOT APPLICABLE,14,14,5,May,2022,7,Saturday,13,1:00pm-1:59pm,48,48,0,This section IS NOT on the NHS,1,Rural,4,Minor Arterial,1,State Highway Agency,2,U.S. Highway,US-24,,2619,2619,39.01759444,39.01759444,-105.394022220,-105.39402222,0,No Special Jurisdiction,12,Motor Vehicle In-Transport,8,Sideswipe - Opposite Direction,0,No,1,Non-Junction,1,Not an Intersection,0,None,,,1,On Roadway,1,Daylight,,,,,1,Clear,0,No,0000000,Not Applicable,99,Unknown,99,Unknown,99,Unknown EMS Scene Arrival Hour,99,Unknown EMS Scene Arrival Minutes,88,"Not Applicable (Not Transported) ",88,Not Applicable (Not Transported),,,,,,,1,
2022,8,80195,Colorado,2,2,0,0,0,3,3,1,ADAMS (1),110,AURORA,14,14,5,May,2022,7,Saturday,21,9:00pm-9:59pm,17,17,1,This section IS ON the NHS,2,Urban,3,Principal Arterial - Other,1,State Highway Agency,2,U.S. Highway,US-40   E COLFAX AVE,N LAREDO ST,3081,3081,39.74030556,39.74030556,-104.800600000,-104.80060000,0,No Special Jurisdiction,12,Motor Vehicle In-Transport,6,Angle,0,No,2,Intersection,2,Four-Way Intersection,0,None,,,1,On Roadway,3,Dark - Lighted,,,,,1,Clear,0,No,0000000,Not Applicable,21,9:00pm-9:59pm,17,17,21,9:00pm-9:59pm,18,18,21,9:00pm-9:59pm,26,26,,,,,,,1,
2022,8,80196,Colorado,1,1,0,0,0,1,1,35,DOUGLAS (35),0,NOT APPLICABLE,15,15,5,May,2022,1,Sunday,17,5:00pm-5:59pm,30,30,0,This section IS NOT on the NHS,1,Rural,6,Minor Collector,2,County Highway Agency,4,County Road,CR-TOMAH RD,,0,None,39.28228333,39.28228333,-104.944100000,-104.94410000,0,No Special Jurisdiction,34,Ditch,0,The First Harmful Event was Not a Collision with a Motor Vehicle in Transport,0,No,1,Non-Junction,1,Not an Intersection,0,None,,,4,On Roadside,1,Daylight,,,,,1,Clear,0,No,0000000,Not Applicable,17,5:00pm-5:59pm,30,30,14,2:00pm-2:59pm,43,43,88,"Not Applicable (Not Transported) ",88,Not Applicable (Not Transported),,,,,,,1,
2022,8,80197,Colorado,2,2,0,0,0,2,2,123,WELD (123),1070,GREELEY,14,14,5,May,2022,7,Saturday,10,10:00am-10:59am,20,20,0,This section IS NOT on the NHS,2,Urban,5,Major Collector,4,City or Municipal Highway Agency,6,Local Street - Municipality,1ST AVE,22ND ST,0,None,40.40241667,40.40241667,-104.677988890,-104.67798889,0,No Special Jurisdiction,1,Rollover/Overturn,0,The First Harmful Event was Not a Collision with a Motor Vehicle in Transport,0,No,2,Intersection,2,Four-Way Intersection,0,None,,,1,On Roadway,1,Daylight,,,,,1,Clear,0,No,0000000,Not Applicable,10,10:00am-10:59am,26,26,10,10:00am-10:59am,31,31,88,"Not Applicable (Not Transported) ",88,Not Applicable (Not Transported),,,,,,,1,
2022,8,80198,Colorado,1,1,0,0,0,2,2,19,CLEAR CREEK (19),0,NOT APPLICABLE,16,16,5,May,2022,2,Monday,21,9:00pm-9:59pm,4,4,0,This section IS NOT on the NHS,1,Rural,6,Minor Collector,2,County Highway Agency,4,County Road,CR-UPPER BEAR CREEK RD,,0,None,39.63519444,39.63519444,-105.411316670,-105.41131667,0,No Special Jurisdiction,42,Tree (Standing Only),0,The First Harmful Event was Not a Collision with a Motor Vehicle in Transport,0,No,1,Non-Junction,1,Not an Intersection,0,None,,,4,On Roadside,2,Dark - Not Lighted,,,,,1,Clear,0,No,0000000,Not Applicable,21,9:00pm-9:59pm,6,6,21,9:00pm-9:59pm,22,22,99,Unknown,99,Unknown EMS Hospital Arrival Time,,,,,,,1,
2022,8,80199,Colorado,2,2,0,0,0,4,4,13,BOULDER (13),1530,LONGMONT,14,14,5,May,2022,7,Saturday,12,12:00pm-12:59pm,22,22,1,This section IS ON the NHS,2,Urban,3,Principal Arterial - Other,1,State Highway Agency,3,State Highway,SR-66   UTE HWY,ERFERT ST,368,368,40.20334444,40.20334444,-105.097805560,-105.09780556,0,No Special Jurisdiction,12,Motor Vehicle In-Transport,6,Angle,0,No,2,Intersection,3,T-Intersection,0,None,,,1,On Roadway,1,Daylight,,,,,1,Clear,0,No,0000000,Not Applicable,12,12:00pm-12:59pm,23,23,12,12:00pm-12:59pm,28,28,12,12:00pm-12:59pm,44,44,,,,,,,1,
2022,8,80200,Colorado,2,2,0,0,0,2,2,69,LARIMER (69),1550,LOVELAND,20,20,5,May,2022,6,Friday,6,6:00am-6:59am,58,58,1,This section IS ON the NHS,2,Urban,2,Principal Arterial - Other Freeways and Expressways,1,State Highway Agency,2,U.S. Highway,US-287   S LINCOLN AVE,SR-60   42ND ST SE,3300,3300,40.34924444,40.34924444,-105.073938890,-105.07393889,0,No Special Jurisdiction,33,Curb,0,The First Harmful Event was Not a Collision with a Motor Vehicle in Transport,0,No,3,Intersection-Related,2,Four-Way Intersection,0,None,,,4,On Roadside,4,Dawn,,,,,2,Rain,0,No,0000000,Not Applicable,6,6:00am-6:59am,58,58,7,7:00am-7:59am,8,8,7,7:00am-7:59am,25,25,,,,,,,1,
2022,8,80201,Colorado,1,1,0,1,1,1,1,1,ADAMS (1),2427,THORNTON,18,18,5,May,2022,4,Wednesday,21,9:00pm-9:59pm,10,10,0,This section IS NOT on the NHS,2,Urban,4,Minor Arterial,4,City or Municipal Highway Agency,6,Local Street - Municipality,W 84TH AVE,,0,None,39.84893333,39.84893333,-104.992238890,-104.99223889,0,No Special Jurisdiction,8,Pedestrian,0,The First Harmful Event was Not a Collision with a Motor Vehicle in Transport,0,No,1,Non-Junction,1,Not an Intersection,0,None,,,1,On Roadway,3,Dark - Lighted,,,,,1,Clear,0,No,0000000,Not Applicable,21,9:00pm-9:59pm,14,14,21,9:00pm-9:59pm,18,18,88,"Not Applicable (Not Transported) ",88,Not Applicable (Not Transported),,,,,,,1,