caseyear,state,st_case,statename,ve_total,ve_forms,pvh_invl,peds,pernotmvit,permvit,persons,county,countyname,city,cityname,day,dayname,month,monthname,year,day_week,day_weekname,hour,hourname,minute,minutename,nhs,nhsname,rur_urb,rur_urbname,func_sys,func_sysname,rd_owner,rd_ownername,route,routename,tway_id,tway_id2,milept,mileptname,latitude,latitudename,longitud,longitudname,sp_jur,sp_jurname,harm_ev,harm_evname,man_coll,man_collname,reljct1,reljct1name,reljct2,reljct2name,typ_int,typ_intname,wrk_zone,wrk_zonename,road_fnc,road_fncname,rel_road,rel_roadname,lgt_cond,lgt_condname,weather1,weather1name,weather2,weather2name,weather,weathername,sch_bus,sch_busname,rail,railname,not_hour,not_hourname,not_min,not_minname,arr_hour,arr_hourname,arr_min,arr_minname,hosp_hr,hosp_hrname,hosp_mn,hosp_mnname,cf1,cf1name,cf2,cf2name,cf3,cf3name,fatals,drunk_dr
2022,8,80202,Colorado,2,2,0,1,1,2,2,31,DENVER (31),600,DENVER,17,17,5,May,2022,3,Tuesday,21,9:00pm-9:59pm,45,45,1,This section IS ON the NHS,2,Urban,3,Principal Arterial - Other,1,State Highway Agency,2,U.S. Highway,US-40   E COLFAX AVE,,3009,3009,39.74009722,39.74009722,-104.936425000,-104.93642500,0,No Special Jurisdiction,8,Pedestrian,0,The First Harmful Event was Not a Collision with a Motor Vehicle in Transport,0,No,1,Non-Junction,1,Not an Intersection,0,None,,,1,On Roadway,3,Dark - Lighted,,,,,1,Clear,0,No,0000000,Not Applicable,21,9:00pm-9:59pm,45,45,21,9:00pm-9:59pm,50,50,88,"Not Applicable (Not Transported) ",88,Not Applicable (Not Transported),,,,,,,1,
2022,8,80203,Colorado,1,1,0,0,0,1,1,1,ADAMS (1),0,NOT APPLICABLE,21,21,5,May,2022,7,Saturday,0,0:00am-0:59am,10,10,1,This section IS ON the NHS,1,Rural,1,Interstate,1,State Highway Agency,1,Interstate,I-70,,2962,2962,39.73977222,39.73977222,-104.584611110,-104.58461111,0,No Special Jurisdiction,24,Guardrail Face,0,The First Harmful Event was Not a Collision with a Motor Vehicle in Transport,0,No,1,Non-Junction,1,Not an Intersection,0,None,,,3,On Median,2,Dark - Not Lighted,,,,,1,Clear,0,No,0000000,Not Applicable,99,Unknown,99,Unknown,99,Unknown EMS Scene Arrival Hour,99,Unknown EMS Scene Arrival Minutes,88,"Not Applicable (Not Transported) ",88,Not Applicable (Not Transported),,,,,,,1,
2022,8,80204,Colorado,2,2,0,0,0,6,6,67,LA PLATA (67),0,NOT APPLICABLE,21,21,5,May,2022,7,Saturday,6,6:00am-6:59am,5,5,1,This section IS ON the NHS,1,Rural,3,Principal Arterial - Other,1,State Highway Agency,2,U.S. Highway,US-160,,735,735,37.28433333,37.28433333,-108.026500000,-108.02650000,0,No Special Jurisdiction,12,Motor Vehicle In-Transport,2,Front-to-Front,0,No,1,Non-Junction,1,Not an Intersection,0,None,,,1,On Roadway,4,Dawn,,,,,1,Clear,0,No,0000000,Not Applicable,99,Unknown,99,Unknown,99,Unknown EMS Scene Arrival Hour,99,Unknown EMS Scene Arrival Minutes,99,Unknown,99,Unknown EMS Hospital Arrival Time,,,,,,,1,
2022,8,80205,Colorado,2,2,0,0,0,3,3,31,DENVER (31),600,DENVER,21,21,5,May,2022,7,Saturday,6,6:00am-6:59am,21,21,1,This section IS ON the NHS,2,Urban,3,Principal Arterial - Other,4,City or Municipal Highway Agency,6,Local Street - Municipality,N BROADWAY ST,E 13TH ST,0,None,39.73685000,39.73685000,-104.987333330,-104.98733333,0,No Special Jurisdiction,12,Motor Vehicle In-Transport,6,Angle,0,No,2,Intersection,2,Four-Way Intersection,0,None,,,1,On Roadway,4,Dawn,,,,,2,Rain,0,No,0000000,Not Applicable,6,6:00am-6:59am,21,21,6,6:00am-6:59am,29,29,6,6:00am-6:59am,51,51,,,,,,,1,
2022,8,80206,Colorado,1,1,0,0,0,1,1,97,PITKIN (97),0,NOT APPLICABLE,22,22,5,May,2022,1,Sunday,5,5:00am-5:59am,10,10,1,This section IS ON the NHS,1,Rural,3,Principal Arterial - Other,1,State Highway Agency,3,State Highway,SR-82,,337,337,39.27225000,39.27225000,-106.892047220,-106.89204722,0,No Special Jurisdiction,31,"Post, Pole or Other Supports",0,The First Harmful Event was Not a Collision with a Motor Vehicle in Transport,0,No,1,Non-Junction,1,Not an Intersection,0,None,,,4,On Roadside,2,Dark - Not Lighted,,,,,1,Clear,0,No,0000000,Not Applicable,99,Unknown,99,Unknown,99,Unknown EMS Scene Arrival Hour,99,Unknown EMS Scene Arrival Minutes,88,"Not Applicable (Not Transported) ",88,Not Applicable (Not Transported),,,,,,,1,
2022,8,80207,Colorado,2,2,0,0,0,4,4,31,DENVER (31),600,DENVER,22,22,5,May,2022,1,Sunday,4,4:00am-4:59am,13,13,0,This section IS NOT on the NHS,2,Urban,4,Minor Arterial,4,City or Municipal Highway Agency,6,Local Street - Municipality,N CHAMBERS RD,E 40TH AVE,0,None,39.77321944,39.77321944,-104.809700000,-104.80970000,0,No Special Jurisdiction,12,Motor Vehicle In-Transport,6,Angle,0,No,2,Intersection,2,Four-Way Intersection,0,None,,,1,On Roadway,3,Dark - Lighted,,,,,1,Clear,0,No,0000000,Not Applicable,4,4:00am-4:59am,14,14,4,4:00am-4:59am,15,15,99,Unknown,99,Unknown EMS Hospital Arrival Time,,,,,,,1,
2022,8,80208,Colorado,2,2,0,0,0,3,3,67,LA PLATA (67),650,DURANGO,20,20,5,May,2022,6,Friday,9,9:00am-9:59am,4,4,1,This section IS ON the NHS,2,Urban,3,Principal Arterial - Other,1,State Highway Agency,2,U.S. Highway,US-550   MAIN AVE,,222,222,37.28381111,37.28381111,-107.877327780,-107.87732778,0,No Special Jurisdiction,12,Motor Vehicle In-Transport,2,Front-to-Front,0,No,1,Non-Junction,1,Not an Intersection,0,None,,,1,On Roadway,1,Daylight,,,,,1,Clear,0,No,0000000,Not Applicable,9,9:00am-9:59am,4,4,9,9:00am-9:59am,8,8,9,9:00am-9:59am,28,28,,,,,,,1,
2022,8,80209,Colorado,1,1,0,1,1,1,1,87,MORGAN (87),880,FORT MORGAN,5,5,5,May,2022,5,Thursday,20,8:00pm-8:59pm,43,43,0,This section IS NOT on the NHS,2,Urban,4,Minor Arterial,1,State Highway Agency,3,State Highway,SR-52   MAIN ST,,866,866,40.25617222,40.25617222,-103.801566670,-103.80156667,0,No Special Jurisdiction,8,Pedestrian,0,The First Harmful Event was Not a Collision with a Motor Vehicle in Transport,0,No,1,Non-Junction,1,Not an Intersection,0,None,,,1,On Roadway,3,Dark - Lighted,,,,,1,Clear,0,No,0000000,Not Applicable,20,8:00pm-8:59pm,43,43,20,8:00pm-8:59pm,44,44,21,9:00pm-9:59pm,0,0,,,,,,,1,
2022,8,80210,Colorado,1,1,0,0,0,1,1,59,JEFFERSON (59),2555,WHEAT RIDGE,12,12,5,May,2022,5,Thursday,21,9:00pm-9:59pm,42,42,1,This section IS ON the NHS,2,Urban,3,Principal Arterial - Other,1,State Highway Agency,3,State Highway,SR-72   WARD RD,W 44TH AVE,0,None,39.77820000,39.77820000,-105.138000000,-105.13800000,0,No Special Jurisdiction,26,Other Traffic Barrier,0,The First Harmful Event was Not a Collision with a Motor Vehicle in Transport,0,No,3,Intersection-Related,3,T-Intersection,0,None,,,4,On Roadside,3,Dark - Lighted,,,,,1,Clear,0,No,0000000,Not Applicable,21,9:00pm-9:59pm,42,42,21,9:00pm-9:59pm,48,48,88,"Not Applicable (Not Transported) ",88,Not Applicable (Not Transported),,,,,,,1,
2022,8,80211,Colorado,3,3,0,0,0,5,5,59,JEFFERSON (59),1435,LAKEWOOD,16,16,5,May,2022,2,Monday,0,0:00am-0:59am,2,2,1,This section IS ON the NHS,2,Urban,2,Principal Arterial - Other Freeways and Expressways,1,State Highway Agency,2,U.S. Highway,US-6   W 6TH AVE,,2810,2810,39.72553889,39.72553889,-105.079238890,-105.07923889,0,No Special Jurisdiction,12,Motor Vehicle In-Transport,1,Front-to-Rear,1,Yes,18,Through Roadway,1,Not an Intersection,0,None,,,1,On Roadway,3,Dark - Lighted,,,,,1,Clear,0,No,0000000,Not Applicable,99,Unknown,99,Unknown,99,Unknown EMS Scene Arrival Hour,99,Unknown EMS Scene Arrival Minutes,99,Unknown,99,Unknown EMS Hospital Arrival Time,,,,,,,1,
2022,8,80212,Colorado,1,1,0,0,0,1,1,5,ARAPAHOE (5),110,AURORA,15,15,5,May,2022,1,Sunday,8,8:00am-8:59am,43,43,1,This section IS ON the NHS,2,Urban,1,Interstate,1,State Highway Agency,1,Interstate,I-225,,67,67,39.69353889,39.69353889,-104.828633330,-104.82863333,0,No Special Jurisdiction,59,"Traffic Sign Support ",0,The First Harmful Event was Not a Collision with a Motor Vehicle in Transport,1,Yes,19,Other location within Interchange Area,1,Not an Intersection,0,None,,,4,On Roadside,1,Daylight,,,,,1,Clear,0,No,0000000,Not Applicable,8,8:00am-8:59am,43,43,8,8:00am-8:59am,49,49,88,"Not Applicable (Not Transported) ",88,Not Applicable (Not Transported),,,,,,,1,
2022,8,80213,Colorado,1,1,0,1,1,1,1,5,ARAPAHOE (5),110,AURORA,16,16,5,May,2022,2,Monday,22,10:00pm-10:59pm,35,35,1,This section IS ON the NHS,2,Urban,3,Principal Arterial - Other,1,State Highway Agency,2,U.S. Highway,US-40   E COLFAX AVE,N MOLINE ST,3052,3052,39.74011944,39.74011944,-104.853950000,-104.85395000,0,No Special Jurisdiction,8,Pedestrian,0,The First Harmful Event was Not a Collision with a Motor Vehicle in Transport,0,No,3,Intersection-Related,2,Four-Way Intersection,0,None,,,1,On Roadway,3,Dark - Lighted,,,,,1,Clear,0,No,0000000,Not Applicable,99,Unknown,99,Unknown,99,Unknown EMS Scene Arrival Hour,99,Unknown EMS Scene Arrival Minutes,99,Unknown,99,Unknown EMS Hospital Arrival Time,,,,,,,1,
2022,8,80214,Colorado,1,1,0,0,0,1,1,9,BACA (9),0,NOT APPLICABLE,26,26,5,May,2022,5,Thursday,21,9:00pm-9:59pm,20,20,0,This section IS NOT on the NHS,1,Rural,4,Minor Arterial,1,State Highway Agency,2,U.S. Highway,US-160,,4626,4626,37.38344444,37.38344444,-102.647777780,-102.64777778,0,No Special Jurisdiction,1,Rollover/Overturn,0,The First Harmful Event was Not a Collision with a Motor Vehicle in Transport,0,No,1,Non-Junction,1,Not an Intersection,0,None,,,4,On Roadside,2,Dark - Not Lighted,,,,,1,Clear,0,No,0000000,Not Applicable,21,9:00pm-9:59pm,20,20,99,Unknown EMS Scene Arrival Hour,99,Unknown EMS Scene Arrival Minutes,88,"Not Applicable (Not Transported) ",88,Not Applicable (Not Transported),,,,,,,1,
2022,8,80215,Colorado,3,3,0,0,0,3,3,119,TELLER (119),0,NOT APPLICABLE,20,20,5,May,2022,6,Friday,17,5:00pm-5:59pm,31,31,1,This section IS ON the NHS,1,Rural,3,Principal Arterial - Other,1,State Highway Agency,2,U.S. Highway,US-24,,2809,2809,38.95805000,38.95805000,-105.109019440,-105.10901944,0,No Special Jurisdiction,12,Motor Vehicle In-Transport,2,Front-to-Front,0,No,1,Non-Junction,1,Not an Intersection,0,None,,,1,On Roadway,1,Daylight,,,,,4,Snow,0,No,0000000,Not Applicable,17,5:00pm-5:59pm,34,34,17,5:00pm-5:59pm,48,48,18,6:00pm-6:59pm,35,35,,,,,,,1,
2022,8,80216,Colorado,1,1,0,0,0,1,1,3,ALAMOSA (3),0,NOT APPLICABLE,27,27,5,May,2022,6,Friday,15,3:00pm-3:59pm,17,17,1,This section IS ON the NHS,1,Rural,3,Principal Arterial - Other,1,State Highway Agency,3,State Highway,SR-17,,828,828,37.67271111,37.67271111,-105.872333330,-105.87233333,0,No Special Jurisdiction,1,Rollover/Overturn,0,The First Harmful Event was Not a Collision with a Motor Vehicle in Transport,0,No,1,Non-Junction,1,Not an Intersection,0,None,,,4,On Roadside,1,Daylight,,,,,1,Clear,0,No,0000000,Not Applicable,15,3:00pm-3:59pm,25,25,15,3:00pm-3:59pm,41,41,88,"Not Applicable (Not Transported) ",88,Not Applicable (Not Transported),,,,,,,1,
2022,8,80217,Colorado,1,1,0,0,0,1,1,45,GARFIELD (45),0,NOT APPLICABLE,27,27,5,May,2022,6,Friday,11,11:00am-11:59am,45,45,0,This section IS NOT on the NHS,1,Rural,4,Minor Arterial,1,State Highway Agency,3,State Highway,SR-139,,381,381,39.63515000,39.63515000,-108.788966670,-108.78896667,0,No Special Jurisdiction,38,Fence,0,The First Harmful Event was Not a Collision with a Motor Vehicle in Transport,0,No,1,Non-Junction,1,Not an Intersection,0,None,,,5,Outside Trafficway,1,Daylight,,,,,1,Clear,0,No,0000000,Not Applicable,99,Unknown,99,Unknown,99,Unknown EMS Scene Arrival Hour,99,Unknown EMS Scene Arrival Minutes,88,"Not Applicable (Not Transported) ",88,Not Applicable (Not Transported),,,,,,,1,
2022,8,80218,Colorado,1,1,0,0,0,1,1,101,PUEBLO (101),0,NOT APPLICABLE,29,29,5,May,2022,1,Sunday,17,5:00pm-5:59pm,17,17,1,This section IS ON the NHS,1,Rural,1,Interstate,1,State Highway Agency,1,Interstate,I-25,,1130,1130,38.47221111,38.47221111,-104.613944440,-104.61394444,0,No Special Jurisdiction,1,Rollover/Overturn,0,The First Harmful Event was Not a Collision with a Motor Vehicle in Transport,0,No,1,Non-Junction,1,Not an Intersection,0,None,,,3,On Median,1,Daylight,,,,,1,Clear,0,No,0000000,Not Applicable,99,Unknown,99,Unknown,99,Unknown EMS Scene Arrival Hour,99,Unknown EMS Scene Arrival Minutes,88,"Not Applicable (Not Transported) ",88,Not Applicable (Not Transported),,,,,,,1,
2022,8,80219,Colorado,2,2,0,0,0,4,4,99,PROWERS (99),0,NOT APPLICABLE,29,29,5,May,2022,1,Sunday,21,9:00pm-9:59pm,10,10,1,This section IS ON the NHS,1,Rural,3,Principal Arterial - Other,1,State Highway Agency,2,U.S. Highway,US-50,CR-7,4329,4329,38.11413056,38.11413056,-102.631516670,-102.63151667,0,No Special Jurisdiction,12,Motor Vehicle In-Transport,6,Angle,0,No,2,Intersection,3,T-Intersection,0,None,,,1,On Roadway,3,Dark - Lighted,,,,,1,Clear,0,No,0000000,Not Applicable,99,Unknown,99,Unknown,99,Unknown EMS Scene Arrival Hour,99,Unknown EMS Scene Arrival Minutes,99,Unknown,99,Unknown EMS Hospital Arrival Time,,,,,,,1,
2022,8,80220,Colorado,1,1,0,0,0,2,2,45,GARFIELD (45),0,NOT APPLICABLE,30,30,5,May,2022,2,Monday,13,1:00pm-1:59pm,26,26,0,This section IS NOT on the NHS,2,Urban,7,Local,2,County Highway Agency,4,County Road,CR-STONE QUARRY RD,,0,None,39.42397222,39.42397222,-108.046688890,-108.04668889,0,No Special Jurisdiction,1,Rollover/Overturn,0,The First Harmful Event was Not a Collision with a Motor Vehicle in Transport,0,No,1,Non-Junction,1,Not an Intersection,0,None,,,1,On Roadway,1,Daylight,,,,,1,Clear,0,No,0000000,Not Applicable,13,1:00pm-1:59pm,26,26,13,1:00pm-1:59pm,33,33,14,2:00pm-2:59pm,4,4,,,,,,,1,
2022,8,80221,Colorado,3,3,0,0,0,4,4,31,DENVER (31),600,DENVER,30,30,5,May,2022,2,Monday,0,0:00am-0:59am,44,44,0,This section IS NOT on the NHS,2,Urban,4,Minor Arterial,1,State Highway Agency,3,State Highway,SR-265   BRIGHTON BLVD,I-70 RAMPS   E 46TH AVE,1,1,39.78083333,39.78083333,-104.966722220,-104.96672222,0,No Special Jurisdiction,12,Motor Vehicle In-Transport,6,Angle,1,Yes,2,Intersection,7,"Five Point, or More",1,Construction,,,1,On Roadway,3,Dark - Lighted,,,,,1,Clear,0,No,0000000,Not Applicable,0,0:00am-0:59am,53,53,0,0:00am-0:59am,53,53,1,1:00am-1:59am,45,45,,,,,,,1,
2022,8,80222,Colorado,1,1,0,0,0,1,1,75,LOGAN (75),0,NOT APPLICABLE,12,12,5,May,2022,5,Thursday,11,11:00am-11:59am,45,45,0,This section IS NOT on the NHS,1,Rural,4,Minor Arterial,1,State Highway Agency,3,State Highway,SR-138,,76,76,40.71988056,40.71988056,-103.132663890,-103.13266389,0,No Special Jurisdiction,1,Rollover/Overturn,0,The First Harmful Event was Not a Collision with a Motor Vehicle in Transport,0,No,1,Non-Junction,1,Not an Intersection,0,None,,,1,On Roadway,1,Daylight,,,,,1,Clear,0,No,0000000,Not Applicable,11,11:00am-11:59am,49,49,11,11:00am-11:59am,57,57,12,12:00pm-12:59pm,14,14,,,,,,,1,
2022,8,80223,Colorado,2,1,1,0,0,1,1,5,ARAPAHOE (5),740,ENGLEWOOD,31,31,5,May,2022,3,Tuesday,14,2:00pm-2:59pm,2,2,1,This section IS ON the NHS,2,Urban,3,Principal Arterial - Other,4,City or Municipal Highway Agency,6,Local Street - Municipality,S BROADWAY ST,,0,None,39.66205556,39.66205556,-104.987483330,-104.98748333,0,No Special Jurisdiction,43,Other Fixed Object,0,The First Harmful Event was Not a Collision with a Motor Vehicle in Transport,0,No,1,Non-Junction,1,Not an Intersection,0,None,,,4,On Roadside,1,Daylight,,,,,2,Rain,0,No,0000000,Not Applicable,14,2:00pm-2:59pm,6,6,14,2:00pm-2:59pm,10,10,14,2:00pm-2:59pm,26,26,,,,,,,1,
2022,8,80224,Colorado,1,1,0,0,0,1,1,53,HINSDALE (53),0,NOT APPLICABLE,31,31,5,May,2022,3,Tuesday,0,0:00am-0:59am,15,15,0,This section IS NOT on the NHS,1,Rural,4,Minor Arterial,1,State Highway Agency,3,State Highway,SR-149,,696,696,37.99739167,37.99739167,-107.295280560,-107.29528056,0,No Special Jurisdiction,31,"Post, Pole or Other Supports",0,The First Harmful Event was Not a Collision with a Motor Vehicle in Transport,0,No,1,Non-Junction,1,Not an Intersection,0,None,,,4,On Roadside,2,Dark - Not Lighted,,,,,1,Clear,0,No,0000000,Not Applicable,99,Unknown,99,Unknown,99,Unknown EMS Scene Arrival Hour,99,Unknown EMS Scene Arrival Minutes,88,"Not Applicable (Not Transported) ",88,Not Applicable (Not Transported),,,,,,,1,
2022,8,80225,Colorado,1,1,0,0,0,1,1,77,MESA (77),0,NOT APPLICABLE,31,31,5,May,2022,3,Tuesday,11,11:00am-11:59am,32,32,1,This section IS ON the NHS,2,Urban,1,Interstate,1,State Highway Agency,1,Interstate,I-70,,366,366,39.10253889,39.10253889,-108.451333330,-108.45133333,0,No Special Jurisdiction,1,Rollover/Overturn,0,The First Harmful Event was Not a Collision with a Motor Vehicle in Transport,0,No,1,Non-Junction,1,Not an Intersection,0,None,,,3,On Median,1,Daylight,,,,,1,Clear,0,No,0000000,Not Applicable,99,Unknown,99,Unknown,99,Unknown EMS Scene Arrival Hour,99,Unknown EMS Scene Arrival Minutes,88,"Not Applicable (Not Transported) ",88,Not Applicable (Not Transported),,,,,,,1,
2022,8,80226,Colorado,2,2,0,0,0,5,5,83,MONTEZUMA (83),450,CORTEZ,25,25,5,May,2022,4,Wednesday,20,8:00pm-8:59pm,8,8,1,This section IS ON the NHS,2,Urban,3,Principal Arterial - Other,1,State Highway Agency,2,U.S. Highway,US-160   E MAIN ST,SLIGO ST,396,396,37.34884444,37.34884444,-108.563694440,-108.56369444,0,No Special Jurisdiction,12,Motor Vehicle In-Transport,6,Angle,0,No,2,Intersection,2,Four-Way Intersection,0,None,,,1,On Roadway,5,Dusk,,,,,1,Clear,0,No,0000000,Not Applicable,20,8:00pm-8:59pm,9,9,20,8:00pm-8:59pm,12,12,20,8:00pm-8:59pm,22,22,,,,,,,1,
2022,8,80227,Colorado,2,2,0,0,0,2,2,59,JEFFERSON (59),2550,WESTMINSTER,18,18,5,May,2022,4,Wednesday,19,7:00pm-7:59pm,48,48,1,This section IS ON the NHS,2,Urban,3,Principal Arterial - Other,1,State Highway Agency,3,State Highway,SR-121   N WADSWORTH BLVD,W 94TH AVE,225,225,39.86760556,39.86760556,-105.087619440,-105.08761944,0,No Special Jurisdiction,12,Motor Vehicle In-Transport,6,Angle,0,No,2,Intersection,2,Four-Way Intersection,0,None,,,1,On Roadway,5,Dusk,,,,,1,Clear,0,No,0000000,Not Applicable,19,7:00pm-7:59pm,49,49,19,7:00pm-7:59pm,52,52,20,8:00pm-8:59pm,8,8,,,,,,,1,
2022,8,80228,Colorado,3,3,0,0,0,5,5,31,DENVER (31),600,DENVER,5,5,5,May,2022,5,Thursday,18,6:00pm-6:59pm,43,43,1,This section IS ON the NHS,2,Urban,3,Principal Arterial - Other,1,State Highway Agency,3,State Highway,SR-88   S FEDERAL BLVD,W YALE AVE,49,49,39.66776389,39.66776389,-105.025191670,-105.02519167,0,No Special Jurisdiction,12,Motor Vehicle In-Transport,6,Angle,0,No,2,Intersection,3,T-Intersection,0,None,,,1,On Roadway,1,Daylight,,,,,1,Clear,0,No,0000000,Not Applicable,18,6:00pm-6:59pm,43,43,18,6:00pm-6:59pm,46,46,19,7:00pm-7:59pm,22,22,,,,,,,1,
2022,8,80229,Colorado,1,1,0,0,0,1,1,113,SAN MIGUEL (113),9997,Other,21,21,5,May,2022,7,Saturday,18,6:00pm-6:59pm,1,1,0,This section IS NOT on the NHS,1,Rural,7,Local,3,Town or Township Highway Agency,5,Local Street - Township,DOUBLE EAGLE DR,,0,None,37.94066667,37.94066667,-107.865883330,-107.86588333,0,No Special Jurisdiction,42,Tree (Standing Only),0,The First Harmful Event was Not a Collision with a Motor Vehicle in Transport,0,No,1,Non-Junction,1,Not an Intersection,0,None,,,4,On Roadside,1,Daylight,,,,,1,Clear,0,No,0000000,Not Applicable,18,6:00pm-6:59pm,26,26,18,6:00pm-6:59pm,28,28,88,"Not Applicable (Not Transported) ",88,Not Applicable (Not Transported),,,,,,,1,
2022,8,80230,Colorado,1,1,0,0,0,1,1,123,WELD (123),2260,SEVERANCE,26,26,5,May,2022,5,Thursday,12,12:00pm-12:59pm,44,44,0,This section IS NOT on the NHS,1,Rural,5,Major Collector,3,Town or Township Highway Agency,5,Local Street - Township,CR-74,,0,None,40.52322222,40.52322222,-104.897072220,-104.89707222,0,No Special Jurisdiction,1,Rollover/Overturn,0,The First Harmful Event was Not a Collision with a Motor Vehicle in Transport,0,No,1,Non-Junction,1,Not an Intersection,0,None,,,4,On Roadside,1,Daylight,,,,,1,Clear,0,No,0000000,Not Applicable,12,12:00pm-12:59pm,44,44,12,12:00pm-12:59pm,50,50,14,2:00pm-2:59pm,32,32,,,,,,,1,
2022,8,80231,Colorado,2,2,0,0,0,3,3,31,DENVER (31),600,DENVER,24,24,5,May,2022,3,Tuesday,13,1:00pm-1:59pm,0,0,0,This section IS NOT on the NHS,2,Urban,4,Minor Arterial,4,City or Municipal Highway Agency,6,Local Street - Municipality,S QUEBEC ST,E HARVARD AVE,0,None,39.67119444,39.67119444,-104.903700000,-104.90370000,0,No Special Jurisdiction,12,Motor Vehicle In-Transport,6,Angle,0,No,2,Intersection,3,T-Intersection,0,None,,,1,On Roadway,1,Daylight,,,,,1,Clear,0,No,0000000,Not Applicable,99,Unknown,99,Unknown,99,Unknown EMS Scene Arrival Hour,99,Unknown EMS Scene Arrival Minutes,99,Unknown,99,Unknown EMS Hospital Arrival Time,,,,,,,1,
2022,8,80232,Colorado,1,1,0,1,1,1,1,31,DENVER (31),600,DENVER,11,11,5,May,2022,4,Wednesday,16,4:00pm-4:59pm,51,51,1,This section IS ON the NHS,2,Urban,3,Principal Arterial - Other,1,State Highway Agency,3,State Highway,SR-2   N COLORADO BLVD,E 48TH AVE,90,90,39.78366667,39.78366667,-104.940394440,-104.94039444,0,No Special Jurisdiction,8,Pedestrian,0,The First Harmful Event was Not a Collision with a Motor Vehicle in Transport,0,No,3,Intersection-Related,2,Four-Way Intersection,0,None,,,1,On Roadway,1,Daylight,,,,,1,Clear,0,No,0000000,Not Applicable,99,Unknown,99,Unknown,99,Unknown EMS Scene Arrival Hour,99,Unknown EMS Scene Arrival Minutes,99,Unknown,99,Unknown EMS Hospital Arrival Time,,,,,,,1,
2022,8,80233,Colorado,1,1,0,0,0,2,2,41,EL PASO (41),430,COLORADO SPRINGS,16,16,5,May,2022,2,Monday,2,2:00am-2:59am,46,46,1,This section IS ON the NHS,2,Urban,3,Principal Arterial - Other,4,City or Municipal Highway Agency,6,Local Street - Municipality,CAREFREE CIR N,,0,None,38.88587778,38.88587778,-104.749027780,-104.74902778,0,No Special Jurisdiction,30,Utility Pole/Light Support,0,The First Harmful Event was Not a Collision with a Motor Vehicle in Transport,0,No,1,Non-Junction,1,Not an Intersection,0,None,,,4,On Roadside,3,Dark - Lighted,,,,,1,Clear,0,No,0000000,Not Applicable,2,2:00am-2:59am,48,48,2,2:00am-2:59am,52,52,3,3:00am-3:59am,21,21,,,,,,,2,
2022,8,80234,Colorado,1,1,0,0,0,1,1,41,EL PASO (41),430,COLORADO SPRINGS,25,25,5,May,2022,4,Wednesday,17,5:00pm-5:59pm,53,53,0,This section IS NOT on the NHS,2,Urban,7,Local,4,City or Municipal Highway Agency,6,Local Street - Municipality,TUTT BLVD,,0,None,38.89820278,38.89820278,-104.719036110,-104.71903611,0,No Special Jurisdiction,33,Curb,0,The First Harmful Event was Not a Collision with a Motor Vehicle in Transport,0,No,1,Non-Junction,1,Not an Intersection,0,None,,,4,On Roadside,1,Daylight,,,,,1,Clear,0,No,0000000,Not Applicable,17,5:00pm-5:59pm,53,53,17,5:00pm-5:59pm,58,58,88,"Not Applicable (Not Transported) ",88,Not Applicable (Not Transported),,,,,,,1,
2022,8,80235,Colorado,1,1,0,0,0,1,1,31,DENVER (31),600,DENVER,4,4,5,May,2022,4,Wednesday,0,0:00am-0:59am,1,1,0,This section IS NOT on the NHS,2,Urban,5,Major Collector,4,City or Municipal Highway Agency,6,Local Street - Municipality,S JASON ST,S PLATTE RIVER DR,0,None,39.69038889,39.69038889,-104.999177780,-104.99917778,0,No Special Jurisdiction,33,Curb,0,The First Harmful Event was Not a Collision with a Motor Vehicle in Transport,0,No,3,Intersection-Related,3,T-Intersection,0,None,,,4,On Roadside,3,Dark - Lighted,,,,,2,Rain,0,No,0000000,Not Applicable,9,9:00am-9:59am,34,34,9,9:00am-9:59am,38,38,88,"Not Applicable (Not Transported) ",88,Not Applicable (Not Transported),,,,,,,1,
2022,8,80236,Colorado,1,1,0,0,0,1,1,109,SAGUACHE (109),0,NOT APPLICABLE,2,2,5,May,2022,2,Monday,13,1:00pm-1:59pm,15,15,0,This section IS NOT on the NHS,1,Rural,5,Major Collector,1,State Highway Agency,3,State Highway,SR-114,,485,485,38.14711944,38.14711944,-106.341833330,-106.34183333,0,No Special Jurisdiction,32,Culvert,0,The First Harmful Event was Not a Collision with a Motor Vehicle in Transport,0,No,1,Non-Junction,1,Not an Intersection,0,None,,,4,On Roadside,1,Daylight,,,,,1,Clear,0,No,0000000,Not Applicable,99,Unknown,99,Unknown,99,Unknown EMS Scene Arrival Hour,99,Unknown EMS Scene Arrival Minutes,88,"Not Applicable (Not Transported) ",88,Not Applicable (Not Transported),,,,,,,1,
2022,8,80237,Colorado,1,1,0,0,0,1,1,1,ADAMS (1),434,COMMERCE CITY,15,15,3,March,2022,3,Tuesday,19,7:00pm-7:59pm,41,41,0,This section IS NOT on the NHS,2,Urban,7,Local,4,City or Municipal Highway Agency,6,Local Street - Municipality,E 69TH AVE,,0,None,39.82216667,39.82216667,-104.937916670,-104.93791667,0,No Special Jurisdiction,1,Rollover/Overturn,0,The First Harmful Event was Not a Collision with a Motor Vehicle in Transport,0,No,8,Driveway Access Related,1,Not an Intersection,0,None,,,1,On Roadway,3,Dark - Lighted,,,,,1,Clear,0,No,0000000,Not Applicable,99,Unknown,99,Unknown,99,Unknown EMS Scene Arrival Hour,99,Unknown EMS Scene Arrival Minutes,99,Unknown,99,Unknown EMS Hospital Arrival Time,,,,,,,1,
2022,8,80238,Colorado,1,1,0,0,0,1,1,73,LINCOLN (73),0,NOT APPLICABLE,20,20,4,April,2022,4,Wednesday,2,2:00am-2:59am,30,30,0,This section IS NOT on the NHS,1,Rural,7,Local,2,County Highway Agency,4,County Road,CR-35,CR-2G,0,None,38.93655000,38.93655000,-103.423200000,-103.42320000,0,No Special Jurisdiction,38,Fence,0,The First Harmful Event was Not a Collision with a Motor Vehicle in Transport,0,No,3,Intersection-Related,3,T-Intersection,0,None,,,5,Outside Trafficway,2,Dark - Not Lighted,,,,,1,Clear,0,No,0000000,Not Applicable,9,9:00am-9:59am,4,4,9,9:00am-9:59am,22,22,9,9:00am-9:59am,45,45,,,,,,,1,