caseyear,state,st_case,statename,ve_total,ve_forms,pvh_invl,peds,pernotmvit,permvit,persons,county,countyname,city,cityname,day,dayname,month,monthname,year,day_week,day_weekname,hour,hourname,minute,minutename,nhs,nhsname,rur_urb,rur_urbname,func_sys,func_sysname,rd_owner,rd_ownername,route,routename,tway_id,tway_id2,milept,mileptname,latitude,latitudename,longitud,longitudname,sp_jur,sp_jurname,harm_ev,harm_evname,man_coll,man_collname,reljct1,reljct1name,reljct2,reljct2name,typ_int,typ_intname,wrk_zone,wrk_zonename,road_fnc,road_fncname,rel_road,rel_roadname,lgt_cond,lgt_condname,weather1,weather1name,weather2,weather2name,weather,weathername,sch_bus,sch_busname,rail,railname,not_hour,not_hourname,not_min,not_minname,arr_hour,arr_hourname,arr_min,arr_minname,hosp_hr,hosp_hrname,hosp_mn,hosp_mnname,cf1,cf1name,cf2,cf2name,cf3,cf3name,fatals,drunk_dr
2022,8,80347,Colorado,2,2,0,0,0,2,2,1,ADAMS (1),0,NOT APPLICABLE,31,31,7,July,2022,1,Sunday,0,0:00am-0:59am,4,4,1,This section IS ON the NHS,2,Urban,3,Principal Arterial - Other,1,State Highway Agency,2,U.S. Highway,US-287   FEDERAL BLVD,CR-W 54TH AVE,2865,2865,39.79445556,39.79445556,-105.025155560,-105.02515556,0,No Special Jurisdiction,1,Rollover/Overturn,0,The First Harmful Event was Not a Collision with a Motor Vehicle in Transport,0,No,3,Intersection-Related,2,Four-Way Intersection,0,None,,,1,On Roadway,3,Dark - Lighted,,,,,1,Clear,0,No,0000000,Not Applicable,0,0:00am-0:59am,5,5,99,Unknown EMS Scene Arrival Hour,99,Unknown EMS Scene Arrival Minutes,99,Unknown,99,Unknown EMS Hospital Arrival Time,,,,,,,1,
2022,8,80348,Colorado,1,1,0,0,0,4,4,67,LA PLATA (67),0,NOT APPLICABLE,31,31,7,July,2022,1,Sunday,0,0:00am-0:59am,36,36,0,This section IS NOT on the NHS,1,Rural,7,Local,2,County Highway Agency,4,County Road,CR-210,,39,39,37.23578056,37.23578056,-107.940288890,-107.94028889,0,No Special Jurisdiction,42,Tree (Standing Only),0,The First Harmful Event was Not a Collision with a Motor Vehicle in Transport,0,No,1,Non-Junction,1,Not an Intersection,0,None,,,4,On Roadside,2,Dark - Not Lighted,,,,,2,Rain,0,No,0000000,Not Applicable,0,0:00am-0:59am,37,37,0,0:00am-0:59am,47,47,1,1:00am-1:59am,45,45,,,,,,,1,
2022,8,80349,Colorado,1,1,0,0,0,1,1,77,MESA (77),0,NOT APPLICABLE,23,23,7,July,2022,7,Saturday,16,4:00pm-4:59pm,46,46,1,This section IS ON the NHS,1,Rural,1,Interstate,1,State Highway Agency,1,Interstate,I-70,,573,573,39.27222222,39.27222222,-108.247747220,-108.24774722,0,No Special Jurisdiction,24,Guardrail Face,0,The First Harmful Event was Not a Collision with a Motor Vehicle in Transport,0,No,1,Non-Junction,1,Not an Intersection,0,None,,,3,On Median,1,Daylight,,,,,1,Clear,0,No,0000000,Not Applicable,99,Unknown,99,Unknown,99,Unknown EMS Scene Arrival Hour,99,Unknown EMS Scene Arrival Minutes,88,"Not Applicable (Not Transported) ",88,Not Applicable (Not Transported),,,,,,,1,
2022,8,80350,Colorado,1,1,0,1,1,1,1,51,GUNNISON (51),1100,GUNNISON,20,20,7,July,2022,4,Wednesday,21,9:00pm-9:59pm,20,20,1,This section IS ON the NHS,2,Urban,3,Principal Arterial - Other,1,State Highway Agency,2,U.S. Highway,US-50,W NEW YORK AVE,1568,1568,38.54319722,38.54319722,-106.938897220,-106.93889722,0,No Special Jurisdiction,8,Pedestrian,0,The First Harmful Event was Not a Collision with a Motor Vehicle in Transport,0,No,3,Intersection-Related,2,Four-Way Intersection,0,None,,,1,On Roadway,3,Dark - Lighted,,,,,1,Clear,0,No,0000000,Not Applicable,21,9:00pm-9:59pm,21,21,21,9:00pm-9:59pm,30,30,21,9:00pm-9:59pm,51,51,,,,,,,1,
2022,8,80351,Colorado,1,1,0,0,0,1,1,29,DELTA (29),0,NOT APPLICABLE,30,30,7,July,2022,7,Saturday,10,10:00am-10:59am,27,27,1,This section IS ON the NHS,1,Rural,3,Principal Arterial - Other,1,State Highway Agency,2,U.S. Highway,US-50,,562,562,38.81120556,38.81120556,-108.292000000,-108.29200000,0,No Special Jurisdiction,25,Concrete Traffic Barrier,0,The First Harmful Event was Not a Collision with a Motor Vehicle in Transport,0,No,1,Non-Junction,1,Not an Intersection,0,None,,,3,On Median,1,Daylight,,,,,1,Clear,0,No,0000000,Not Applicable,10,10:00am-10:59am,30,30,99,Unknown EMS Scene Arrival Hour,99,Unknown EMS Scene Arrival Minutes,99,Unknown,99,Unknown EMS Hospital Arrival Time,,,,,,,1,
2022,8,80352,Colorado,1,1,0,0,0,1,1,45,GARFIELD (45),990,GLENWOOD SPRINGS,24,24,7,July,2022,1,Sunday,12,12:00pm-12:59pm,46,46,1,This section IS ON the NHS,2,Urban,1,Interstate,1,State Highway Agency,1,Interstate,I-70,,1167,1167,39.54924444,39.54924444,-107.322150000,-107.32215000,0,No Special Jurisdiction,25,Concrete Traffic Barrier,0,The First Harmful Event was Not a Collision with a Motor Vehicle in Transport,0,No,1,Non-Junction,1,Not an Intersection,0,None,,,4,On Roadside,1,Daylight,,,,,2,Rain,0,No,0000000,Not Applicable,12,12:00pm-12:59pm,51,51,12,12:00pm-12:59pm,53,53,13,1:00pm-1:59pm,11,11,,,,,,,1,
2022,8,80353,Colorado,2,2,0,0,0,5,5,1,ADAMS (1),9997,Other,30,30,7,July,2022,7,Saturday,0,0:00am-0:59am,27,27,1,This section IS ON the NHS,2,Urban,3,Principal Arterial - Other,4,City or Municipal Highway Agency,6,Local Street - Municipality,E 40TH AVE,PENA BLVD ON-RAMP,0,None,39.77288889,39.77288889,-104.789933330,-104.78993333,0,No Special Jurisdiction,12,Motor Vehicle In-Transport,6,Angle,1,Yes,2,Intersection,2,Four-Way Intersection,0,None,,,1,On Roadway,3,Dark - Lighted,,,,,1,Clear,0,No,0000000,Not Applicable,0,0:00am-0:59am,27,27,0,0:00am-0:59am,30,30,99,Unknown,99,Unknown EMS Hospital Arrival Time,,,,,,,1,
2022,8,80354,Colorado,2,2,0,0,0,2,2,5,ARAPAHOE (5),110,AURORA,18,18,7,July,2022,2,Monday,18,6:00pm-6:59pm,50,50,1,This section IS ON the NHS,2,Urban,3,Principal Arterial - Other,1,State Highway Agency,3,State Highway,SR-30   S HAVANA ST,,46,46,39.67910556,39.67910556,-104.865883330,-104.86588333,0,No Special Jurisdiction,12,Motor Vehicle In-Transport,6,Angle,0,No,8,Driveway Access Related,1,Not an Intersection,0,None,,,1,On Roadway,1,Daylight,,,,,1,Clear,0,No,0000000,Not Applicable,18,6:00pm-6:59pm,50,50,18,6:00pm-6:59pm,50,50,19,7:00pm-7:59pm,0,0,,,,,,,1,
2022,8,80355,Colorado,1,1,0,0,0,1,1,5,ARAPAHOE (5),1085,GREENWOOD VILLAGE,23,23,7,July,2022,7,Saturday,17,5:00pm-5:59pm,12,12,1,This section IS ON the NHS,2,Urban,1,Interstate,1,State Highway Agency,1,Interstate,I-25 RAMP B,,1971,1971,39.59282500,39.59282500,-104.883186110,-104.88318611,0,No Special Jurisdiction,52,Guardrail End,0,The First Harmful Event was Not a Collision with a Motor Vehicle in Transport,1,Yes,5,Entrance/Exit Ramp Related,1,Not an Intersection,0,None,,,4,On Roadside,1,Daylight,,,,,1,Clear,0,No,0000000,Not Applicable,17,5:00pm-5:59pm,16,16,17,5:00pm-5:59pm,19,19,88,"Not Applicable (Not Transported) ",88,Not Applicable (Not Transported),,,,,,,1,
2022,8,80356,Colorado,3,3,0,0,0,7,7,13,BOULDER (13),1390,LAFAYETTE,28,28,7,July,2022,5,Thursday,19,7:00pm-7:59pm,13,13,1,This section IS ON the NHS,2,Urban,3,Principal Arterial - Other,1,State Highway Agency,2,U.S. Highway,US-287,DILLON RD,3009,3009,39.95800556,39.95800556,-105.090444440,-105.09044444,0,No Special Jurisdiction,12,Motor Vehicle In-Transport,6,Angle,1,Yes,2,Intersection,2,Four-Way Intersection,0,None,,,1,On Roadway,1,Daylight,,,,,1,Clear,0,No,0000000,Not Applicable,19,7:00pm-7:59pm,13,13,99,Unknown EMS Scene Arrival Hour,99,Unknown EMS Scene Arrival Minutes,99,Unknown,99,Unknown EMS Hospital Arrival Time,,,,,,,1,
2022,8,80357,Colorado,1,1,0,1,1,1,1,77,MESA (77),0,NOT APPLICABLE,22,22,7,July,2022,6,Friday,23,11:00pm-11:59pm,15,15,0,This section IS NOT on the NHS,2,Urban,7,Local,2,County Highway Agency,4,County Road,CR-29 1/2 RD,,0,None,39.09416667,39.09416667,-108.505913890,-108.50591389,0,No Special Jurisdiction,9,Pedalcyclist,0,The First Harmful Event was Not a Collision with a Motor Vehicle in Transport,0,No,1,Non-Junction,1,Not an Intersection,0,None,,,1,On Roadway,3,Dark - Lighted,,,,,1,Clear,0,No,0000000,Not Applicable,99,Unknown,99,Unknown,99,Unknown EMS Scene Arrival Hour,99,Unknown EMS Scene Arrival Minutes,88,"Not Applicable (Not Transported) ",88,Not Applicable (Not Transported),,,,,,,1,
2022,8,80358,Colorado,4,4,0,1,1,4,4,31,DENVER (31),600,DENVER,23,23,7,July,2022,7,Saturday,22,10:00pm-10:59pm,57,57,1,This section IS ON the NHS,2,Urban,3,Principal Arterial - Other,1,State Highway Agency,3,State Highway,SR-95   N SHERIDAN BLVD,,43,43,39.71700000,39.71700000,-105.053244440,-105.05324444,0,No Special Jurisdiction,8,Pedestrian,0,The First Harmful Event was Not a Collision with a Motor Vehicle in Transport,0,No,1,Non-Junction,1,Not an Intersection,0,None,,,1,On Roadway,3,Dark - Lighted,,,,,1,Clear,0,No,0000000,Not Applicable,99,Unknown,99,Unknown,99,Unknown EMS Scene Arrival Hour,99,Unknown EMS Scene Arrival Minutes,88,"Not Applicable (Not Transported) ",88,Not Applicable (Not Transported),,,,,,,1,
2022,8,80359,Colorado,2,2,0,0,0,3,3,31,DENVER (31),600,DENVER,30,30,5,May,2022,2,Monday,3,3:00am-3:59am,21,21,1,This section IS ON the NHS,2,Urban,1,Interstate,1,State Highway Agency,1,Interstate,I-70 RAMP I,,2825,2825,39.77222222,39.77222222,-104.829244440,-104.82924444,0,No Special Jurisdiction,12,Motor Vehicle In-Transport,2,Front-to-Front,1,Yes,20,Entrance/Exit Ramp,1,Not an Intersection,0,None,,,1,On Roadway,3,Dark - Lighted,,,,,1,Clear,0,No,0000000,Not Applicable,4,4:00am-4:59am,5,5,4,4:00am-4:59am,15,15,4,4:00am-4:59am,30,30,,,,,,,2,
2022,8,80360,Colorado,1,1,0,1,1,1,1,31,DENVER (31),600,DENVER,3,3,7,July,2022,1,Sunday,22,10:00pm-10:59pm,0,0,1,This section IS ON the NHS,2,Urban,2,Principal Arterial - Other Freeways and Expressways,4,City or Municipal Highway Agency,6,Local Street - Municipality," N QUEBEC ST",,0,None,39.76697500,39.76697500,-104.902594440,-104.90259444,0,No Special Jurisdiction,8,Pedestrian,0,The First Harmful Event was Not a Collision with a Motor Vehicle in Transport,0,No,1,Non-Junction,1,Not an Intersection,0,None,,,1,On Roadway,3,Dark - Lighted,,,,,1,Clear,0,No,0000000,Not Applicable,22,10:00pm-10:59pm,3,3,22,10:00pm-10:59pm,6,6,88,"Not Applicable (Not Transported) ",88,Not Applicable (Not Transported),,,,,,,1,
2022,8,80362,Colorado,1,1,0,1,1,1,1,101,PUEBLO (101),0,NOT APPLICABLE,2,2,8,August,2022,3,Tuesday,2,2:00am-2:59am,0,0,1,This section IS ON the NHS,2,Urban,3,Principal Arterial - Other,1,State Highway Agency,2,U.S. Highway,US-50,CR-SAN PEDRO ST,28,28,38.24560556,38.24560556,-104.581666670,-104.58166667,0,No Special Jurisdiction,8,Pedestrian,0,The First Harmful Event was Not a Collision with a Motor Vehicle in Transport,0,No,2,Intersection,3,T-Intersection,0,None,,,1,On Roadway,2,Dark - Not Lighted,,,,,1,Clear,0,No,0000000,Not Applicable,99,Unknown,99,Unknown,99,Unknown EMS Scene Arrival Hour,99,Unknown EMS Scene Arrival Minutes,88,"Not Applicable (Not Transported) ",88,Not Applicable (Not Transported),,,,,,,1,
2022,8,80363,Colorado,1,1,0,0,0,1,1,35,DOUGLAS (35),0,NOT APPLICABLE,2,2,8,August,2022,3,Tuesday,15,3:00pm-3:59pm,57,57,0,This section IS NOT on the NHS,2,Urban,7,Local,2,County Highway Agency,4,County Road,CR-LIBERTY BLVD,,0,None,39.55135556,39.55135556,-104.847638890,-104.84763889,0,No Special Jurisdiction,33,Curb,0,The First Harmful Event was Not a Collision with a Motor Vehicle in Transport,0,No,1,Non-Junction,1,Not an Intersection,0,None,,,4,On Roadside,1,Daylight,,,,,1,Clear,0,No,0000000,Not Applicable,16,4:00pm-4:59pm,4,4,16,4:00pm-4:59pm,14,14,88,"Not Applicable (Not Transported) ",88,Not Applicable (Not Transported),,,,,,,1,
2022,8,80364,Colorado,2,2,0,0,0,3,3,69,LARIMER (69),1550,LOVELAND,2,2,8,August,2022,3,Tuesday,17,5:00pm-5:59pm,6,6,0,This section IS NOT on the NHS,2,Urban,7,Local,4,City or Municipal Highway Agency,6,Local Street - Municipality,BLUE AZURITE AVE,E 7TH ST,0,None,40.39835000,40.39835000,-105.053244440,-105.05324444,0,No Special Jurisdiction,12,Motor Vehicle In-Transport,6,Angle,0,No,2,Intersection,2,Four-Way Intersection,0,None,,,1,On Roadway,1,Daylight,,,,,10,Cloudy,0,No,0000000,Not Applicable,17,5:00pm-5:59pm,6,6,17,5:00pm-5:59pm,10,10,17,5:00pm-5:59pm,27,27,,,,,,,1,
2022,8,80365,Colorado,1,1,0,1,1,1,1,13,BOULDER (13),1530,LONGMONT,3,3,8,August,2022,4,Wednesday,1,1:00am-1:59am,27,27,0,This section IS NOT on the NHS,2,Urban,4,Minor Arterial,4,City or Municipal Highway Agency,6,Local Street - Municipality,E 3RD AVE,,0,None,40.16398611,40.16398611,-105.084819440,-105.08481944,0,No Special Jurisdiction,15,Non-Motorist on Personal Conveyance,0,The First Harmful Event was Not a Collision with a Motor Vehicle in Transport,0,No,1,Non-Junction,1,Not an Intersection,0,None,,,1,On Roadway,3,Dark - Lighted,,,,,1,Clear,0,No,0000000,Not Applicable,1,1:00am-1:59am,27,27,1,1:00am-1:59am,32,32,88,"Not Applicable (Not Transported) ",88,Not Applicable (Not Transported),,,,,,,1,
2022,8,80366,Colorado,1,1,0,0,0,4,4,115,SEDGWICK (115),0,NOT APPLICABLE,3,3,8,August,2022,4,Wednesday,15,3:00pm-3:59pm,5,5,1,This section IS ON the NHS,1,Rural,1,Interstate,1,State Highway Agency,1,Interstate,I-76,,1680,1680,40.91966944,40.91966944,-102.462591670,-102.46259167,0,No Special Jurisdiction,1,Rollover/Overturn,0,The First Harmful Event was Not a Collision with a Motor Vehicle in Transport,0,No,1,Non-Junction,1,Not an Intersection,0,None,,,4,On Roadside,1,Daylight,,,,,1,Clear,0,No,0000000,Not Applicable,15,3:00pm-3:59pm,9,9,15,3:00pm-3:59pm,9,9,15,3:00pm-3:59pm,55,55,,,,,,,1,
2022,8,80367,Colorado,1,1,0,0,0,1,1,121,WASHINGTON (121),0,NOT APPLICABLE,3,3,8,August,2022,4,Wednesday,16,4:00pm-4:59pm,39,39,0,This section IS NOT on the NHS,1,Rural,6,Minor Collector,2,County Highway Agency,4,County Road,CR-P 1/2 RD,,0,None,40.42825000,40.42825000,-103.436388890,-103.43638889,0,No Special Jurisdiction,10,Railway Vehicle,0,The First Harmful Event was Not a Collision with a Motor Vehicle in Transport,0,No,6,"Railway Grade Crossing ",1,Not an Intersection,0,None,,,1,On Roadway,1,Daylight,,,,,1,Clear,0,No,805295V,805295V,16,4:00pm-4:59pm,39,39,17,5:00pm-5:59pm,1,1,17,5:00pm-5:59pm,39,39,,,,,,,1,
2022,8,80368,Colorado,1,1,0,0,0,1,1,79,MINERAL (79),0,NOT APPLICABLE,5,5,8,August,2022,6,Friday,17,5:00pm-5:59pm,43,43,0,This section IS NOT on the NHS,1,Rural,4,Minor Arterial,1,State Highway Agency,3,State Highway,SR-149,,147,147,37.77800000,37.77800000,-106.842658330,-106.84265833,0,No Special Jurisdiction,1,Rollover/Overturn,0,The First Harmful Event was Not a Collision with a Motor Vehicle in Transport,0,No,1,Non-Junction,1,Not an Intersection,0,None,,,4,On Roadside,1,Daylight,,,,,1,Clear,0,No,0000000,Not Applicable,17,5:00pm-5:59pm,44,44,17,5:00pm-5:59pm,52,52,88,"Not Applicable (Not Transported) ",88,Not Applicable (Not Transported),,,,,,,1,
2022,8,80369,Colorado,1,1,0,1,1,1,1,59,JEFFERSON (59),0,NOT APPLICABLE,5,5,8,August,2022,6,Friday,22,10:00pm-10:59pm,9,9,1,This section IS ON the NHS,2,Urban,3,Principal Arterial - Other,1,State Highway Agency,3,State Highway,SR-95   SHERIDAN BLVD,,100,100,39.79761667,39.79761667,-105.053169440,-105.05316944,0,No Special Jurisdiction,8,Pedestrian,0,The First Harmful Event was Not a Collision with a Motor Vehicle in Transport,1,Yes,18,Through Roadway,1,Not an Intersection,0,None,,,1,On Roadway,3,Dark - Lighted,,,,,1,Clear,0,No,0000000,Not Applicable,99,Unknown,99,Unknown,99,Unknown EMS Scene Arrival Hour,99,Unknown EMS Scene Arrival Minutes,88,"Not Applicable (Not Transported) ",88,Not Applicable (Not Transported),,,,,,,1,
2022,8,80370,Colorado,2,2,0,0,0,5,5,35,DOUGLAS (35),0,NOT APPLICABLE,5,5,8,August,2022,6,Friday,23,11:00pm-11:59pm,50,50,1,This section IS ON the NHS,1,Rural,1,Interstate,1,State Highway Agency,7,Local Street - Frontage Road,I-25 FRONTAGE RD,,1788,1788,39.33739167,39.33739167,-104.876863890,-104.87686389,0,No Special Jurisdiction,12,Motor Vehicle In-Transport,2,Front-to-Front,0,No,1,Non-Junction,1,Not an Intersection,0,None,,,1,On Roadway,2,Dark - Not Lighted,,,,,1,Clear,0,No,0000000,Not Applicable,99,Unknown,99,Unknown,99,Unknown EMS Scene Arrival Hour,99,Unknown EMS Scene Arrival Minutes,99,Unknown,99,Unknown EMS Hospital Arrival Time,,,,,,,2,
2022,8,80371,Colorado,2,2,0,0,0,2,2,59,JEFFERSON (59),0,NOT APPLICABLE,6,6,8,August,2022,7,Saturday,17,5:00pm-5:59pm,10,10,1,This section IS ON the NHS,2,Urban,2,Principal Arterial - Other Freeways and Expressways,1,State Highway Agency,3,State Highway,SR-121,CR-W PEAKVIEW DR,36,36,39.59882778,39.59882778,-105.091266670,-105.09126667,0,No Special Jurisdiction,12,Motor Vehicle In-Transport,6,Angle,0,No,2,Intersection,2,Four-Way Intersection,0,None,,,1,On Roadway,1,Daylight,,,,,1,Clear,0,No,0000000,Not Applicable,17,5:00pm-5:59pm,12,12,17,5:00pm-5:59pm,18,18,88,"Not Applicable (Not Transported) ",88,Not Applicable (Not Transported),,,,,,,1,
2022,8,80372,Colorado,1,1,0,1,1,4,4,77,MESA (77),0,NOT APPLICABLE,6,6,8,August,2022,7,Saturday,21,9:00pm-9:59pm,25,25,0,This section IS NOT on the NHS,1,Rural,7,Local,2,County Highway Agency,4,County Road,CR-16,,0,None,39.19098889,39.19098889,-108.775766670,-108.77576667,0,No Special Jurisdiction,8,Pedestrian,0,The First Harmful Event was Not a Collision with a Motor Vehicle in Transport,0,No,1,Non-Junction,1,Not an Intersection,0,None,,,1,On Roadway,2,Dark - Not Lighted,,,,,1,Clear,0,No,0000000,Not Applicable,99,Unknown,99,Unknown,99,Unknown EMS Scene Arrival Hour,99,Unknown EMS Scene Arrival Minutes,88,"Not Applicable (Not Transported) ",88,Not Applicable (Not Transported),,,,,,,1,
2022,8,80373,Colorado,1,1,0,1,1,1,1,67,LA PLATA (67),650,DURANGO,7,7,8,August,2022,1,Sunday,2,2:00am-2:59am,22,22,0,This section IS NOT on the NHS,2,Urban,4,Minor Arterial,4,City or Municipal Highway Agency,6,Local Street - Municipality,FLORIDA RD,,0,None,37.29198333,37.29198333,-107.861483330,-107.86148333,0,No Special Jurisdiction,9,Pedalcyclist,0,The First Harmful Event was Not a Collision with a Motor Vehicle in Transport,0,No,1,Non-Junction,1,Not an Intersection,0,None,,,1,On Roadway,3,Dark - Lighted,,,,,1,Clear,0,No,0000000,Not Applicable,2,2:00am-2:59am,23,23,2,2:00am-2:59am,32,32,88,"Not Applicable (Not Transported) ",88,Not Applicable (Not Transported),,,,,,,1,
2022,8,80374,Colorado,2,2,0,0,0,2,2,59,JEFFERSON (59),0,NOT APPLICABLE,8,8,8,August,2022,2,Monday,16,4:00pm-4:59pm,15,15,1,This section IS ON the NHS,2,Urban,3,Principal Arterial - Other,1,State Highway Agency,3,State Highway,SR-121,,33,33,39.54032222,39.54032222,-105.091300000,-105.09130000,0,No Special Jurisdiction,12,Motor Vehicle In-Transport,6,Angle,0,No,8,Driveway Access Related,1,Not an Intersection,0,None,,,1,On Roadway,1,Daylight,,,,,1,Clear,0,No,0000000,Not Applicable,16,4:00pm-4:59pm,16,16,16,4:00pm-4:59pm,22,22,16,4:00pm-4:59pm,43,43,,,,,,,1,
2022,8,80375,Colorado,2,2,0,0,0,3,3,123,WELD (123),1620,MEAD,8,8,8,August,2022,2,Monday,18,6:00pm-6:59pm,0,0,1,This section IS ON the NHS,1,Rural,1,Interstate,1,State Highway Agency,1,Interstate,I-25,,2452,2452,40.23343056,40.23343056,-104.979977780,-104.97997778,0,No Special Jurisdiction,50,Bridge Overhead Structure,0,The First Harmful Event was Not a Collision with a Motor Vehicle in Transport,1,Yes,18,Through Roadway,1,Not an Intersection,0,None,,,1,On Roadway,1,Daylight,,,,,1,Clear,0,No,0000000,Not Applicable,99,Unknown,99,Unknown,99,Unknown EMS Scene Arrival Hour,99,Unknown EMS Scene Arrival Minutes,88,"Not Applicable (Not Transported) ",88,Not Applicable (Not Transported),,,,,,,1,
2022,8,80376,Colorado,1,1,0,0,0,5,5,123,WELD (123),0,NOT APPLICABLE,10,10,8,August,2022,4,Wednesday,0,0:00am-0:59am,39,39,0,This section IS NOT on the NHS,1,Rural,7,Local,2,County Highway Agency,4,County Road,CR-88,,0,None,40.62430556,40.62430556,-104.941805560,-104.94180556,0,No Special Jurisdiction,38,Fence,0,The First Harmful Event was Not a Collision with a Motor Vehicle in Transport,0,No,1,Non-Junction,1,Not an Intersection,0,None,,,5,Outside Trafficway,2,Dark - Not Lighted,,,,,1,Clear,0,No,0000000,Not Applicable,0,0:00am-0:59am,42,42,1,1:00am-1:59am,5,5,99,Unknown,99,Unknown EMS Hospital Arrival Time,,,,,,,3,
2022,8,80377,Colorado,1,1,0,1,1,1,1,77,MESA (77),1040,GRAND JUNCTION,3,3,8,August,2022,4,Wednesday,18,6:00pm-6:59pm,51,51,0,This section IS NOT on the NHS,2,Urban,4,Minor Arterial,4,City or Municipal Highway Agency,6,Local Street - Municipality,N 7TH ST,MESA AVE,0,None,39.08271667,39.08271667,-108.561050000,-108.56105000,0,No Special Jurisdiction,9,Pedalcyclist,0,The First Harmful Event was Not a Collision with a Motor Vehicle in Transport,0,No,2,Intersection,3,T-Intersection,0,None,,,1,On Roadway,1,Daylight,,,,,1,Clear,0,No,0000000,Not Applicable,18,6:00pm-6:59pm,53,53,18,6:00pm-6:59pm,57,57,19,7:00pm-7:59pm,3,3,,,,,,,1,
2022,8,80378,Colorado,2,2,0,0,0,2,2,119,TELLER (119),0,NOT APPLICABLE,11,11,8,August,2022,5,Thursday,16,4:00pm-4:59pm,9,9,0,This section IS NOT on the NHS,1,Rural,6,Minor Collector,2,County Highway Agency,4,County Road,CR-11,,4,4,38.70255556,38.70255556,-105.312811110,-105.31281111,0,No Special Jurisdiction,12,Motor Vehicle In-Transport,2,Front-to-Front,0,No,1,Non-Junction,1,Not an Intersection,0,None,,,1,On Roadway,1,Daylight,,,,,1,Clear,0,No,0000000,Not Applicable,16,4:00pm-4:59pm,39,39,16,4:00pm-4:59pm,24,24,19,7:00pm-7:59pm,0,0,,,,,,,1,
2022,8,80379,Colorado,1,1,0,0,0,2,2,101,PUEBLO (101),0,NOT APPLICABLE,13,13,8,August,2022,7,Saturday,12,12:00pm-12:59pm,20,20,1,This section IS ON the NHS,1,Rural,1,Interstate,1,State Highway Agency,1,Interstate,I-25,,864,864,38.10829167,38.10829167,-104.678700000,-104.67870000,0,No Special Jurisdiction,31,"Post, Pole or Other Supports",0,The First Harmful Event was Not a Collision with a Motor Vehicle in Transport,0,No,1,Non-Junction,1,Not an Intersection,0,None,,,3,On Median,1,Daylight,,,,,1,Clear,0,No,0000000,Not Applicable,99,Unknown,99,Unknown,99,Unknown EMS Scene Arrival Hour,99,Unknown EMS Scene Arrival Minutes,88,"Not Applicable (Not Transported) ",88,Not Applicable (Not Transported),,,,,,,2,
2022,8,80380,Colorado,1,1,0,0,0,1,1,87,MORGAN (87),0,NOT APPLICABLE,12,12,8,August,2022,6,Friday,16,4:00pm-4:59pm,7,7,1,This section IS ON the NHS,1,Rural,3,Principal Arterial - Other,1,State Highway Agency,3,State Highway,SR-71,,1662,1662,40.14416667,40.14416667,-103.585188890,-103.58518889,0,No Special Jurisdiction,1,Rollover/Overturn,0,The First Harmful Event was Not a Collision with a Motor Vehicle in Transport,0,No,1,Non-Junction,1,Not an Intersection,0,None,,,4,On Roadside,1,Daylight,,,,,1,Clear,0,No,0000000,Not Applicable,16,4:00pm-4:59pm,8,8,16,4:00pm-4:59pm,17,17,88,"Not Applicable (Not Transported) ",88,Not Applicable (Not Transported),,,,,,,1,
2022,8,80381,Colorado,1,1,0,0,0,1,1,45,GARFIELD (45),0,NOT APPLICABLE,12,12,8,August,2022,6,Friday,20,8:00pm-8:59pm,30,30,0,This section IS NOT on the NHS,6,Trafficway Not in State Inventory,96,Trafficway Not in State Inventory,96,Trafficway Not in State Inventory,4,County Road,CR-245,,160,160,39.72114722,39.72114722,-107.653394440,-107.65339444,0,No Special Jurisdiction,1,Rollover/Overturn,0,The First Harmful Event was Not a Collision with a Motor Vehicle in Transport,0,No,1,Non-Junction,1,Not an Intersection,0,None,,,4,On Roadside,2,Dark - Not Lighted,,,,,2,Rain,0,No,0000000,Not Applicable,20,8:00pm-8:59pm,59,59,21,9:00pm-9:59pm,34,34,88,"Not Applicable (Not Transported) ",88,Not Applicable (Not Transported),,,,,,,1,
2022,8,80382,Colorado,1,1,0,0,0,1,1,29,DELTA (29),0,NOT APPLICABLE,12,12,8,August,2022,6,Friday,19,7:00pm-7:59pm,15,15,0,This section IS NOT on the NHS,1,Rural,6,Minor Collector,2,County Highway Agency,4,County Road,CR-SURFACE CREEK RD,,0,None,38.99291111,38.99291111,-107.857983330,-107.85798333,0,No Special Jurisdiction,38,Fence,0,The First Harmful Event was Not a Collision with a Motor Vehicle in Transport,0,No,1,Non-Junction,1,Not an Intersection,0,None,,,5,Outside Trafficway,1,Daylight,,,,,10,Cloudy,0,No,0000000,Not Applicable,99,Unknown,99,Unknown,99,Unknown EMS Scene Arrival Hour,99,Unknown EMS Scene Arrival Minutes,88,"Not Applicable (Not Transported) ",88,Not Applicable (Not Transported),,,,,,,1,
2022,8,80383,Colorado,3,3,0,0,0,3,3,37,EAGLE (37),0,NOT APPLICABLE,15,15,8,August,2022,2,Monday,17,5:00pm-5:59pm,15,15,1,This section IS ON the NHS,1,Rural,1,Interstate,1,State Highway Agency,1,Interstate,I-70,,1348,1348,39.64690556,39.64690556,-107.039613890,-107.03961389,0,No Special Jurisdiction,12,Motor Vehicle In-Transport,1,Front-to-Rear,0,No,1,Non-Junction,1,Not an Intersection,0,None,,,1,On Roadway,1,Daylight,,,,,1,Clear,0,No,0000000,Not Applicable,99,Unknown,99,Unknown,99,Unknown EMS Scene Arrival Hour,99,Unknown EMS Scene Arrival Minutes,99,Unknown,99,Unknown EMS Hospital Arrival Time,,,,,,,1,