caseyear,state,st_case,statename,ve_total,ve_forms,pvh_invl,peds,pernotmvit,permvit,persons,county,countyname,city,cityname,day,dayname,month,monthname,year,day_week,day_weekname,hour,hourname,minute,minutename,nhs,nhsname,rur_urb,rur_urbname,func_sys,func_sysname,rd_owner,rd_ownername,route,routename,tway_id,tway_id2,milept,mileptname,latitude,latitudename,longitud,longitudname,sp_jur,sp_jurname,harm_ev,harm_evname,man_coll,man_collname,reljct1,reljct1name,reljct2,reljct2name,typ_int,typ_intname,wrk_zone,wrk_zonename,road_fnc,road_fncname,rel_road,rel_roadname,lgt_cond,lgt_condname,weather1,weather1name,weather2,weather2name,weather,weathername,sch_bus,sch_busname,rail,railname,not_hour,not_hourname,not_min,not_minname,arr_hour,arr_hourname,arr_min,arr_minname,hosp_hr,hosp_hrname,hosp_mn,hosp_mnname,cf1,cf1name,cf2,cf2name,cf3,cf3name,fatals,drunk_dr
2022,8,80456,Colorado,2,2,0,0,0,2,2,14,BROOMFIELD (14),253,BROOMFIELD,9,9,9,September,2022,6,Friday,14,2:00pm-2:59pm,1,1,0,This section IS NOT on the NHS,2,Urban,4,Minor Arterial,4,City or Municipal Highway Agency,6,Local Street - Municipality,SHERIDAN BLVD,E 1ST AVE,0,None,39.91621667,39.91621667,-105.052944440,-105.05294444,0,No Special Jurisdiction,12,Motor Vehicle In-Transport,6,Angle,0,No,2,Intersection,2,Four-Way Intersection,0,None,,,1,On Roadway,1,Daylight,,,,,1,Clear,0,No,0000000,Not Applicable,14,2:00pm-2:59pm,1,1,14,2:00pm-2:59pm,8,8,14,2:00pm-2:59pm,31,31,,,,,,,1,
2022,8,80457,Colorado,2,2,0,0,0,2,2,1,ADAMS (1),230,BRIGHTON,14,14,9,September,2022,4,Wednesday,13,1:00pm-1:59pm,13,13,0,This section IS NOT on the NHS,2,Urban,4,Minor Arterial,4,City or Municipal Highway Agency,6,Local Street - Municipality,BROMLEY LN,PRAIRIE CENTER PKWY,0,None,39.97221389,39.97221389,-104.770972220,-104.77097222,0,No Special Jurisdiction,12,Motor Vehicle In-Transport,2,Front-to-Front,0,No,2,Intersection,2,Four-Way Intersection,0,None,,,1,On Roadway,1,Daylight,,,,,1,Clear,0,No,0000000,Not Applicable,13,1:00pm-1:59pm,11,11,13,1:00pm-1:59pm,14,14,88,"Not Applicable (Not Transported) ",88,Not Applicable (Not Transported),,,,,,,1,
2022,8,80458,Colorado,1,1,0,0,0,2,2,123,WELD (123),910,FREDERICK,14,14,9,September,2022,4,Wednesday,13,1:00pm-1:59pm,28,28,0,This section IS NOT on the NHS,2,Urban,7,Local,4,City or Municipal Highway Agency,4,County Road,CR-5,,0,None,40.12095833,40.12095833,-105.012469440,-105.01246944,0,No Special Jurisdiction,1,Rollover/Overturn,0,The First Harmful Event was Not a Collision with a Motor Vehicle in Transport,0,No,1,Non-Junction,1,Not an Intersection,0,None,,,4,On Roadside,1,Daylight,,,,,1,Clear,0,No,0000000,Not Applicable,13,1:00pm-1:59pm,28,28,13,1:00pm-1:59pm,33,33,14,2:00pm-2:59pm,15,15,,,,,,,1,
2022,8,80459,Colorado,4,4,0,0,0,5,5,35,DOUGLAS (35),0,NOT APPLICABLE,14,14,9,September,2022,4,Wednesday,17,5:00pm-5:59pm,28,28,0,This section IS NOT on the NHS,1,Rural,4,Minor Arterial,2,County Highway Agency,4,County Road,CR-CROWFOOT VALLEY RD,,0,None,39.42138889,39.42138889,-104.830733330,-104.83073333,0,No Special Jurisdiction,12,Motor Vehicle In-Transport,6,Angle,0,No,1,Non-Junction,1,Not an Intersection,0,None,,,1,On Roadway,1,Daylight,,,,,2,Rain,0,No,0000000,Not Applicable,17,5:00pm-5:59pm,27,27,17,5:00pm-5:59pm,30,30,17,5:00pm-5:59pm,59,59,,,,,,,2,
2022,8,80460,Colorado,1,1,0,1,1,1,1,41,EL PASO (41),0,NOT APPLICABLE,15,15,9,September,2022,5,Thursday,6,6:00am-6:59am,59,59,0,This section IS NOT on the NHS,2,Urban,4,Minor Arterial,2,County Highway Agency,4,County Road,CR-GLENEAGLE DR,,0,None,39.03635833,39.03635833,-104.825511110,-104.82551111,0,No Special Jurisdiction,8,Pedestrian,0,The First Harmful Event was Not a Collision with a Motor Vehicle in Transport,0,No,1,Non-Junction,1,Not an Intersection,0,None,,,1,On Roadway,4,Dawn,,,,,1,Clear,0,No,0000000,Not Applicable,7,7:00am-7:59am,0,0,99,Unknown EMS Scene Arrival Hour,99,Unknown EMS Scene Arrival Minutes,99,Unknown,99,Unknown EMS Hospital Arrival Time,,,,,,,1,
2022,8,80461,Colorado,2,2,0,0,0,2,2,115,SEDGWICK (115),0,NOT APPLICABLE,16,16,9,September,2022,6,Friday,9,9:00am-9:59am,33,33,0,This section IS NOT on the NHS,1,Rural,7,Local,2,County Highway Agency,4,County Road,CR-19,CR-2,0,None,40.74930833,40.74930833,-102.477688890,-102.47768889,0,No Special Jurisdiction,12,Motor Vehicle In-Transport,6,Angle,0,No,2,Intersection,2,Four-Way Intersection,0,None,,,1,On Roadway,1,Daylight,,,,,1,Clear,0,No,0000000,Not Applicable,9,9:00am-9:59am,41,41,10,10:00am-10:59am,4,4,10,10:00am-10:59am,19,19,,,,,,,1,
2022,8,80462,Colorado,1,1,0,0,0,1,1,13,BOULDER (13),0,NOT APPLICABLE,17,17,9,September,2022,7,Saturday,16,4:00pm-4:59pm,45,45,0,This section IS NOT on the NHS,1,Rural,6,Minor Collector,1,State Highway Agency,3,State Highway,SR-7,,315,315,40.20975000,40.20975000,-105.291183330,-105.29118333,0,No Special Jurisdiction,1,Rollover/Overturn,0,The First Harmful Event was Not a Collision with a Motor Vehicle in Transport,0,No,1,Non-Junction,1,Not an Intersection,0,None,,,4,On Roadside,1,Daylight,,,,,1,Clear,0,No,0000000,Not Applicable,16,4:00pm-4:59pm,50,50,16,4:00pm-4:59pm,54,54,88,"Not Applicable (Not Transported) ",88,Not Applicable (Not Transported),,,,,,,1,
2022,8,80463,Colorado,1,1,0,0,0,1,1,41,EL PASO (41),0,NOT APPLICABLE,18,18,9,September,2022,1,Sunday,18,6:00pm-6:59pm,17,17,0,This section IS NOT on the NHS,1,Rural,7,Local,2,County Highway Agency,4,County Road,CR-E GARRETT RD,,0,None,38.91069444,38.91069444,-104.439538890,-104.43953889,0,No Special Jurisdiction,7,Other Non-Collision,0,The First Harmful Event was Not a Collision with a Motor Vehicle in Transport,0,No,1,Non-Junction,1,Not an Intersection,0,None,,,1,On Roadway,1,Daylight,,,,,1,Clear,0,No,0000000,Not Applicable,99,Unknown,99,Unknown,99,Unknown EMS Scene Arrival Hour,99,Unknown EMS Scene Arrival Minutes,88,"Not Applicable (Not Transported) ",88,Not Applicable (Not Transported),,,,,,,1,
2022,8,80464,Colorado,2,2,0,0,0,2,2,123,WELD (123),0,NOT APPLICABLE,18,18,9,September,2022,1,Sunday,17,5:00pm-5:59pm,29,29,0,This section IS NOT on the NHS,2,Urban,7,Local,2,County Highway Agency,4,County Road,CR-AA ST,CR-37,0,None,40.46654444,40.46654444,-104.715938890,-104.71593889,0,No Special Jurisdiction,12,Motor Vehicle In-Transport,6,Angle,0,No,2,Intersection,2,Four-Way Intersection,0,None,,,1,On Roadway,1,Daylight,,,,,1,Clear,0,No,0000000,Not Applicable,99,Unknown,99,Unknown,99,Unknown EMS Scene Arrival Hour,99,Unknown EMS Scene Arrival Minutes,88,"Not Applicable (Not Transported) ",88,Not Applicable (Not Transported),,,,,,,1,
2022,8,80465,Colorado,2,2,0,0,0,4,4,1,ADAMS (1),230,BRIGHTON,18,18,9,September,2022,1,Sunday,20,8:00pm-8:59pm,22,22,1,This section IS ON the NHS,2,Urban,3,Principal Arterial - Other,4,City or Municipal Highway Agency,6,Local Street - Municipality,E BRIDGE ST,S 20TH AVE,0,None,39.98676667,39.98676667,-104.797844440,-104.79784444,0,No Special Jurisdiction,12,Motor Vehicle In-Transport,6,Angle,0,No,2,Intersection,3,T-Intersection,0,None,,,1,On Roadway,2,Dark - Not Lighted,,,,,1,Clear,0,No,0000000,Not Applicable,20,8:00pm-8:59pm,22,22,20,8:00pm-8:59pm,27,27,20,8:00pm-8:59pm,38,38,,,,,,,1,
2022,8,80466,Colorado,1,1,0,0,0,1,1,59,JEFFERSON (59),2550,WESTMINSTER,18,18,9,September,2022,1,Sunday,4,4:00am-4:59am,31,31,1,This section IS ON the NHS,2,Urban,3,Principal Arterial - Other,1,State Highway Agency,3,State Highway,"SR-121   N WADSWORTH PKWY  ",,234,234,39.87835000,39.87835000,-105.095847220,-105.09584722,0,No Special Jurisdiction,59,"Traffic Sign Support ",0,The First Harmful Event was Not a Collision with a Motor Vehicle in Transport,0,No,1,Non-Junction,1,Not an Intersection,0,None,,,3,On Median,3,Dark - Lighted,,,,,1,Clear,0,No,0000000,Not Applicable,4,4:00am-4:59am,39,39,4,4:00am-4:59am,43,43,88,"Not Applicable (Not Transported) ",88,Not Applicable (Not Transported),,,,,,,1,
2022,8,80467,Colorado,2,2,0,0,0,3,3,87,MORGAN (87),0,NOT APPLICABLE,19,19,9,September,2022,2,Monday,18,6:00pm-6:59pm,15,15,1,This section IS ON the NHS,1,Rural,1,Interstate,1,State Highway Agency,1,Interstate,I-76,,761,761,40.25871111,40.25871111,-103.874211110,-103.87421111,0,No Special Jurisdiction,12,Motor Vehicle In-Transport,2,Front-to-Front,0,No,1,Non-Junction,1,Not an Intersection,0,None,,,1,On Roadway,1,Daylight,,,,,1,Clear,0,No,0000000,Not Applicable,18,6:00pm-6:59pm,17,17,18,6:00pm-6:59pm,21,21,18,6:00pm-6:59pm,43,43,,,,,,,2,
2022,8,80468,Colorado,3,3,0,0,0,3,3,5,ARAPAHOE (5),0,NOT APPLICABLE,20,20,9,September,2022,3,Tuesday,8,8:00am-8:59am,23,23,1,This section IS ON the NHS,1,Rural,1,Interstate,1,State Highway Agency,1,Interstate,I-70,,3298,3298,39.59378611,39.59378611,-104.032163890,-104.03216389,0,No Special Jurisdiction,12,Motor Vehicle In-Transport,1,Front-to-Rear,0,No,1,Non-Junction,1,Not an Intersection,0,None,,,1,On Roadway,1,Daylight,,,,,1,Clear,0,No,0000000,Not Applicable,8,8:00am-8:59am,24,24,8,8:00am-8:59am,32,32,99,Unknown,99,Unknown EMS Hospital Arrival Time,,,,,,,1,
2022,8,80469,Colorado,1,1,0,1,1,2,2,117,SUMMIT (117),0,NOT APPLICABLE,20,20,9,September,2022,3,Tuesday,17,5:00pm-5:59pm,10,10,0,This section IS NOT on the NHS,1,Rural,4,Minor Arterial,1,State Highway Agency,3,State Highway,SR-9,,1073,1073,39.70271389,39.70271389,-106.110833330,-106.11083333,0,No Special Jurisdiction,9,Pedalcyclist,0,The First Harmful Event was Not a Collision with a Motor Vehicle in Transport,0,No,1,Non-Junction,1,Not an Intersection,0,None,,,2,On Shoulder,1,Daylight,,,,,1,Clear,0,No,0000000,Not Applicable,99,Unknown,99,Unknown,99,Unknown EMS Scene Arrival Hour,99,Unknown EMS Scene Arrival Minutes,88,"Not Applicable (Not Transported) ",88,Not Applicable (Not Transported),,,,,,,1,
2022,8,80470,Colorado,1,1,0,1,1,3,3,1,ADAMS (1),2427,THORNTON,17,17,9,September,2022,7,Saturday,12,12:00pm-12:59pm,0,0,1,This section IS ON the NHS,2,Urban,3,Principal Arterial - Other,1,State Highway Agency,3,State Highway,SR-7   E 160TH AVE,COLORADO BLVD,710,710,39.98634722,39.98634722,-104.940213890,-104.94021389,0,No Special Jurisdiction,9,Pedalcyclist,0,The First Harmful Event was Not a Collision with a Motor Vehicle in Transport,0,No,2,Intersection,2,Four-Way Intersection,0,None,,,1,On Roadway,1,Daylight,,,,,1,Clear,0,No,0000000,Not Applicable,99,Unknown,99,Unknown,99,Unknown EMS Scene Arrival Hour,99,Unknown EMS Scene Arrival Minutes,99,Unknown,99,Unknown EMS Hospital Arrival Time,,,,,,,1,
2022,8,80471,Colorado,4,4,0,0,0,9,9,101,PUEBLO (101),2050,PUEBLO,10,10,9,September,2022,7,Saturday,8,8:00am-8:59am,18,18,1,This section IS ON the NHS,2,Urban,3,Principal Arterial - Other,1,State Highway Agency,3,State Highway,SR-45   S PUEBLO BLVD,LEHIGH AVE,35,35,38.24099444,38.24099444,-104.662377780,-104.66237778,0,No Special Jurisdiction,12,Motor Vehicle In-Transport,2,Front-to-Front,0,No,2,Intersection,2,Four-Way Intersection,0,None,,,1,On Roadway,1,Daylight,,,,,2,Rain,0,No,0000000,Not Applicable,8,8:00am-8:59am,18,18,8,8:00am-8:59am,23,23,8,8:00am-8:59am,45,45,,,,,,,1,
2022,8,80472,Colorado,1,1,0,1,1,3,3,59,JEFFERSON (59),0,NOT APPLICABLE,17,17,9,September,2022,7,Saturday,19,7:00pm-7:59pm,57,57,1,This section IS ON the NHS,2,Urban,3,Principal Arterial - Other,1,State Highway Agency,3,State Highway,SR-121   S WADSWORTH BLVD,,75,75,39.65212778,39.65212778,-105.081233330,-105.08123333,0,No Special Jurisdiction,8,Pedestrian,0,The First Harmful Event was Not a Collision with a Motor Vehicle in Transport,1,Yes,18,Through Roadway,1,Not an Intersection,0,None,,,1,On Roadway,3,Dark - Lighted,,,,,1,Clear,0,No,0000000,Not Applicable,99,Unknown,99,Unknown,99,Unknown EMS Scene Arrival Hour,99,Unknown EMS Scene Arrival Minutes,99,Unknown,99,Unknown EMS Hospital Arrival Time,,,,,,,1,
2022,8,80473,Colorado,1,1,0,1,1,1,1,59,JEFFERSON (59),80,ARVADA,17,17,9,September,2022,7,Saturday,19,7:00pm-7:59pm,35,35,0,This section IS NOT on the NHS,2,Urban,7,Local,4,City or Municipal Highway Agency,6,Local Street - Municipality,W 93RD DR,CANDELAS PKWY,0,None,39.86541389,39.86541389,-105.204530560,-105.20453056,0,No Special Jurisdiction,15,Non-Motorist on Personal Conveyance,0,The First Harmful Event was Not a Collision with a Motor Vehicle in Transport,0,No,3,Intersection-Related,2,Four-Way Intersection,0,None,,,1,On Roadway,5,Dusk,,,,,1,Clear,0,No,0000000,Not Applicable,19,7:00pm-7:59pm,37,37,19,7:00pm-7:59pm,44,44,20,8:00pm-8:59pm,5,5,,,,,,,1,
2022,8,80474,Colorado,1,1,0,0,0,1,1,41,EL PASO (41),430,COLORADO SPRINGS,4,4,9,September,2022,1,Sunday,13,1:00pm-1:59pm,5,5,0,This section IS NOT on the NHS,1,Rural,5,Major Collector,4,City or Municipal Highway Agency,6,Local Street - Municipality,GOLD CAMP RD,,0,None,38.79465000,38.79465000,-104.877333330,-104.87733333,0,No Special Jurisdiction,1,Rollover/Overturn,0,The First Harmful Event was Not a Collision with a Motor Vehicle in Transport,0,No,1,Non-Junction,1,Not an Intersection,0,None,,,4,On Roadside,1,Daylight,,,,,1,Clear,0,No,0000000,Not Applicable,99,Unknown,99,Unknown,99,Unknown EMS Scene Arrival Hour,99,Unknown EMS Scene Arrival Minutes,99,Unknown,99,Unknown EMS Hospital Arrival Time,,,,,,,1,
2022,8,80475,Colorado,1,1,0,0,0,2,2,41,EL PASO (41),430,COLORADO SPRINGS,11,11,9,September,2022,1,Sunday,0,0:00am-0:59am,49,49,1,This section IS ON the NHS,2,Urban,3,Principal Arterial - Other,4,City or Municipal Highway Agency,6,Local Street - Municipality,BARNES RD,,0,None,38.89847222,38.89847222,-104.707950000,-104.70795000,0,No Special Jurisdiction,33,Curb,0,The First Harmful Event was Not a Collision with a Motor Vehicle in Transport,0,No,1,Non-Junction,1,Not an Intersection,0,None,,,3,On Median,3,Dark - Lighted,,,,,1,Clear,0,No,0000000,Not Applicable,1,1:00am-1:59am,36,36,1,1:00am-1:59am,59,59,99,Unknown,99,Unknown EMS Hospital Arrival Time,,,,,,,1,
2022,8,80476,Colorado,2,2,0,0,0,4,4,77,MESA (77),0,NOT APPLICABLE,9,9,9,September,2022,6,Friday,8,8:00am-8:59am,50,50,1,This section IS ON the NHS,2,Urban,3,Principal Arterial - Other,1,State Highway Agency,2,U.S. Highway,US-50,CR-29 3/4,367,367,39.02480556,39.02480556,-108.501388890,-108.50138889,0,No Special Jurisdiction,12,Motor Vehicle In-Transport,6,Angle,0,No,2,Intersection,2,Four-Way Intersection,0,None,,,1,On Roadway,1,Daylight,,,,,1,Clear,0,No,0000000,Not Applicable,8,8:00am-8:59am,47,47,8,8:00am-8:59am,57,57,9,9:00am-9:59am,31,31,,,,,,,1,
2022,8,80477,Colorado,2,2,0,0,0,7,7,41,EL PASO (41),890,FOUNTAIN,9,9,9,September,2022,6,Friday,19,7:00pm-7:59pm,41,41,1,This section IS ON the NHS,2,Urban,3,Principal Arterial - Other,1,State Highway Agency,2,U.S. Highway,US-85,MAIN ST,1340,1340,38.75127778,38.75127778,-104.744122220,-104.74412222,0,No Special Jurisdiction,12,Motor Vehicle In-Transport,6,Angle,0,No,2,Intersection,3,T-Intersection,0,None,,,1,On Roadway,3,Dark - Lighted,,,,,1,Clear,0,No,0000000,Not Applicable,99,Unknown,99,Unknown,99,Unknown EMS Scene Arrival Hour,99,Unknown EMS Scene Arrival Minutes,99,Unknown,99,Unknown EMS Hospital Arrival Time,,,,,,,1,
2022,8,80478,Colorado,2,2,0,0,0,3,3,77,MESA (77),0,NOT APPLICABLE,21,21,9,September,2022,4,Wednesday,14,2:00pm-2:59pm,20,20,0,This section IS NOT on the NHS,1,Rural,4,Minor Arterial,1,State Highway Agency,3,State Highway,SR-65,,570,570,39.19251111,39.19251111,-108.231038890,-108.23103889,0,No Special Jurisdiction,12,Motor Vehicle In-Transport,6,Angle,0,No,1,Non-Junction,1,Not an Intersection,0,None,,,1,On Roadway,1,Daylight,,,,,2,Rain,0,No,0000000,Not Applicable,14,2:00pm-2:59pm,24,24,15,3:00pm-3:59pm,49,49,15,3:00pm-3:59pm,49,49,,,,,,,1,
2022,8,80479,Colorado,1,1,0,0,0,1,1,45,GARFIELD (45),0,NOT APPLICABLE,22,22,9,September,2022,5,Thursday,16,4:00pm-4:59pm,30,30,1,This section IS ON the NHS,1,Rural,1,Interstate,1,State Highway Agency,1,Interstate,I-70,,670,670,39.38343611,39.38343611,-108.150980560,-108.15098056,0,No Special Jurisdiction,59,"Traffic Sign Support ",0,The First Harmful Event was Not a Collision with a Motor Vehicle in Transport,0,No,1,Non-Junction,1,Not an Intersection,0,None,,,3,On Median,1,Daylight,,,,,1,Clear,0,No,0000000,Not Applicable,99,Unknown,99,Unknown,99,Unknown EMS Scene Arrival Hour,99,Unknown EMS Scene Arrival Minutes,88,"Not Applicable (Not Transported) ",88,Not Applicable (Not Transported),,,,,,,1,
2022,8,80480,Colorado,1,1,0,1,1,1,1,1,ADAMS (1),0,NOT APPLICABLE,23,23,9,September,2022,6,Friday,22,10:00pm-10:59pm,18,18,1,This section IS ON the NHS,2,Urban,3,Principal Arterial - Other,1,State Highway Agency,2,U.S. Highway,US-287   FEDERAL BLVD,W 64TH AVE,2878,2878,39.81295556,39.81295556,-105.025177780,-105.02517778,0,No Special Jurisdiction,1,Rollover/Overturn,0,The First Harmful Event was Not a Collision with a Motor Vehicle in Transport,0,No,3,Intersection-Related,2,Four-Way Intersection,0,None,,,1,On Roadway,3,Dark - Lighted,,,,,1,Clear,0,No,0000000,Not Applicable,99,Unknown,99,Unknown,99,Unknown EMS Scene Arrival Hour,99,Unknown EMS Scene Arrival Minutes,99,Unknown,99,Unknown EMS Hospital Arrival Time,,,,,,,1,
2022,8,80481,Colorado,1,1,0,0,0,2,2,59,JEFFERSON (59),0,NOT APPLICABLE,24,24,9,September,2022,7,Saturday,2,2:00am-2:59am,0,0,1,This section IS ON the NHS,1,Rural,3,Principal Arterial - Other,1,State Highway Agency,2,U.S. Highway,US-285,,2390,2390,39.54647222,39.54647222,-105.269408330,-105.26940833,0,No Special Jurisdiction,59,"Traffic Sign Support ",0,The First Harmful Event was Not a Collision with a Motor Vehicle in Transport,0,No,1,Non-Junction,1,Not an Intersection,0,None,,,4,On Roadside,2,Dark - Not Lighted,,,,,1,Clear,0,No,0000000,Not Applicable,2,2:00am-2:59am,3,3,2,2:00am-2:59am,20,20,88,"Not Applicable (Not Transported) ",88,Not Applicable (Not Transported),,,,,,,1,
2022,8,80482,Colorado,2,2,0,0,0,2,2,27,CUSTER (27),0,NOT APPLICABLE,24,24,9,September,2022,7,Saturday,12,12:00pm-12:59pm,0,0,0,This section IS NOT on the NHS,1,Rural,5,Major Collector,1,State Highway Agency,3,State Highway,SR-67,,4,4,38.24327778,38.24327778,-105.086202780,-105.08620278,0,No Special Jurisdiction,12,Motor Vehicle In-Transport,8,Sideswipe - Opposite Direction,0,No,1,Non-Junction,1,Not an Intersection,0,None,,,1,On Roadway,1,Daylight,,,,,1,Clear,0,No,0000000,Not Applicable,99,Unknown,99,Unknown,99,Unknown EMS Scene Arrival Hour,99,Unknown EMS Scene Arrival Minutes,88,"Not Applicable (Not Transported) ",88,Not Applicable (Not Transported),,,,,,,1,
2022,8,80483,Colorado,1,1,0,0,0,1,1,85,MONTROSE (85),0,NOT APPLICABLE,24,24,9,September,2022,7,Saturday,13,1:00pm-1:59pm,15,15,0,This section IS NOT on the NHS,1,Rural,5,Major Collector,1,State Highway Agency,3,State Highway,SR-92,,560,560,38.45694444,38.45694444,-107.507366670,-107.50736667,0,No Special Jurisdiction,1,Rollover/Overturn,0,The First Harmful Event was Not a Collision with a Motor Vehicle in Transport,0,No,1,Non-Junction,1,Not an Intersection,0,None,,,1,On Roadway,1,Daylight,,,,,1,Clear,0,No,0000000,Not Applicable,99,Unknown,99,Unknown,99,Unknown EMS Scene Arrival Hour,99,Unknown EMS Scene Arrival Minutes,88,"Not Applicable (Not Transported) ",88,Not Applicable (Not Transported),,,,,,,1,
2022,8,80484,Colorado,2,2,0,0,0,4,4,31,DENVER (31),600,DENVER,24,24,9,September,2022,7,Saturday,12,12:00pm-12:59pm,31,31,0,This section IS NOT on the NHS,2,Urban,5,Major Collector,4,City or Municipal Highway Agency,6,Local Street - Municipality,E 46TH AVE,N FAIRPLAY WAY,0,None,39.77786667,39.77786667,-104.815705560,-104.81570556,0,No Special Jurisdiction,12,Motor Vehicle In-Transport,6,Angle,0,No,2,Intersection,2,Four-Way Intersection,0,None,,,1,On Roadway,1,Daylight,,,,,1,Clear,0,No,0000000,Not Applicable,12,12:00pm-12:59pm,31,31,12,12:00pm-12:59pm,35,35,88,"Not Applicable (Not Transported) ",88,Not Applicable (Not Transported),,,,,,,1,
2022,8,80485,Colorado,1,1,0,0,0,2,2,33,DOLORES (33),0,NOT APPLICABLE,24,24,9,September,2022,7,Saturday,17,5:00pm-5:59pm,45,45,1,This section IS ON the NHS,1,Rural,3,Principal Arterial - Other,1,State Highway Agency,3,State Highway,SR-145,,455,455,37.66816667,37.66816667,-108.036177780,-108.03617778,0,No Special Jurisdiction,1,Rollover/Overturn,0,The First Harmful Event was Not a Collision with a Motor Vehicle in Transport,0,No,1,Non-Junction,1,Not an Intersection,0,None,,,4,On Roadside,1,Daylight,,,,,1,Clear,0,No,0000000,Not Applicable,99,Unknown,99,Unknown,99,Unknown EMS Scene Arrival Hour,99,Unknown EMS Scene Arrival Minutes,99,Unknown,99,Unknown EMS Hospital Arrival Time,,,,,,,1,
2022,8,80486,Colorado,2,2,0,0,0,3,3,77,MESA (77),1040,GRAND JUNCTION,15,15,9,September,2022,5,Thursday,11,11:00am-11:59am,12,12,0,This section IS NOT on the NHS,2,Urban,4,Minor Arterial,4,City or Municipal Highway Agency,6,Local Street - Municipality,PATTERSON RD,PLACER ST,0,None,39.09177222,39.09177222,-108.500177780,-108.50017778,0,No Special Jurisdiction,12,Motor Vehicle In-Transport,6,Angle,0,No,2,Intersection,3,T-Intersection,0,None,,,1,On Roadway,1,Daylight,,,,,1,Clear,0,No,0000000,Not Applicable,11,11:00am-11:59am,30,30,99,Unknown EMS Scene Arrival Hour,99,Unknown EMS Scene Arrival Minutes,88,"Not Applicable (Not Transported) ",88,Not Applicable (Not Transported),,,,,,,1,
2022,8,80487,Colorado,1,1,0,0,0,2,2,121,WASHINGTON (121),0,NOT APPLICABLE,25,25,9,September,2022,1,Sunday,11,11:00am-11:59am,0,0,0,This section IS NOT on the NHS,1,Rural,5,Major Collector,1,State Highway Agency,3,State Highway,SR-63,,81,81,39.85757222,39.85757222,-103.219800000,-103.21980000,0,No Special Jurisdiction,34,Ditch,0,The First Harmful Event was Not a Collision with a Motor Vehicle in Transport,0,No,1,Non-Junction,1,Not an Intersection,0,None,,,4,On Roadside,1,Daylight,,,,,1,Clear,0,No,0000000,Not Applicable,11,11:00am-11:59am,5,5,11,11:00am-11:59am,24,24,99,Unknown,99,Unknown EMS Hospital Arrival Time,,,,,,,1,
2022,8,80488,Colorado,2,2,0,0,0,3,3,77,MESA (77),0,NOT APPLICABLE,26,26,9,September,2022,2,Monday,19,7:00pm-7:59pm,45,45,0,This section IS NOT on the NHS,2,Urban,5,Major Collector,2,County Highway Agency,4,County Road,CR-33,,0,None,39.08995278,39.08995278,-108.440875000,-108.44087500,0,No Special Jurisdiction,12,Motor Vehicle In-Transport,2,Front-to-Front,0,No,6,"Railway Grade Crossing ",1,Not an Intersection,0,None,,,1,On Roadway,2,Dark - Not Lighted,,,,,1,Clear,0,No,253769B,253769B,99,Unknown,99,Unknown,99,Unknown EMS Scene Arrival Hour,99,Unknown EMS Scene Arrival Minutes,99,Unknown,99,Unknown EMS Hospital Arrival Time,,,,,,,1,
2022,8,80489,Colorado,1,1,0,0,0,2,2,121,WASHINGTON (121),0,NOT APPLICABLE,27,27,9,September,2022,3,Tuesday,23,11:00pm-11:59pm,50,50,1,This section IS ON the NHS,1,Rural,1,Interstate,1,State Highway Agency,1,Interstate,I-76,,1033,1033,40.37120000,40.37120000,-103.407408330,-103.40740833,0,No Special Jurisdiction,1,Rollover/Overturn,0,The First Harmful Event was Not a Collision with a Motor Vehicle in Transport,0,No,1,Non-Junction,1,Not an Intersection,0,None,,,3,On Median,2,Dark - Not Lighted,,,,,1,Clear,0,No,0000000,Not Applicable,99,Unknown,99,Unknown,99,Unknown EMS Scene Arrival Hour,99,Unknown EMS Scene Arrival Minutes,99,Unknown,99,Unknown EMS Hospital Arrival Time,,,,,,,1,
2022,8,80490,Colorado,1,1,0,1,1,1,1,67,LA PLATA (67),650,DURANGO,20,20,9,September,2022,3,Tuesday,21,9:00pm-9:59pm,58,58,1,This section IS ON the NHS,2,Urban,3,Principal Arterial - Other,1,State Highway Agency,2,U.S. Highway,US-160,,847,847,37.24978889,37.24978889,-107.875325000,-107.87532500,0,No Special Jurisdiction,8,Pedestrian,0,The First Harmful Event was Not a Collision with a Motor Vehicle in Transport,0,No,1,Non-Junction,1,Not an Intersection,0,None,,,1,On Roadway,2,Dark - Not Lighted,,,,,2,Rain,0,No,0000000,Not Applicable,21,9:00pm-9:59pm,59,59,22,10:00pm-10:59pm,5,5,22,10:00pm-10:59pm,27,27,,,,,,,1,
2022,8,80491,Colorado,1,1,0,0,0,2,2,123,WELD (123),0,NOT APPLICABLE,24,24,9,September,2022,7,Saturday,1,1:00am-1:59am,55,55,0,This section IS NOT on the NHS,2,Urban,5,Major Collector,2,County Highway Agency,4,County Road,CR-64 1/2,CR-27,0,None,40.45738889,40.45738889,-104.811716670,-104.81171667,0,No Special Jurisdiction,35,Embankment,0,The First Harmful Event was Not a Collision with a Motor Vehicle in Transport,0,No,3,Intersection-Related,10,L-Intersection,0,None,,,4,On Roadside,2,Dark - Not Lighted,,,,,1,Clear,0,No,0000000,Not Applicable,99,Unknown,99,Unknown,99,Unknown EMS Scene Arrival Hour,99,Unknown EMS Scene Arrival Minutes,99,Unknown,99,Unknown EMS Hospital Arrival Time,,,,,,,1,