caseyear,state,st_case,statename,ve_total,ve_forms,pvh_invl,peds,pernotmvit,permvit,persons,county,countyname,city,cityname,day,dayname,month,monthname,year,day_week,day_weekname,hour,hourname,minute,minutename,nhs,nhsname,rur_urb,rur_urbname,func_sys,func_sysname,rd_owner,rd_ownername,route,routename,tway_id,tway_id2,milept,mileptname,latitude,latitudename,longitud,longitudname,sp_jur,sp_jurname,harm_ev,harm_evname,man_coll,man_collname,reljct1,reljct1name,reljct2,reljct2name,typ_int,typ_intname,wrk_zone,wrk_zonename,road_fnc,road_fncname,rel_road,rel_roadname,lgt_cond,lgt_condname,weather1,weather1name,weather2,weather2name,weather,weathername,sch_bus,sch_busname,rail,railname,not_hour,not_hourname,not_min,not_minname,arr_hour,arr_hourname,arr_min,arr_minname,hosp_hr,hosp_hrname,hosp_mn,hosp_mnname,cf1,cf1name,cf2,cf2name,cf3,cf3name,fatals,drunk_dr
2022,8,80528,Colorado,1,1,0,0,0,1,1,79,MINERAL (79),0,NOT APPLICABLE,10,10,10,October,2022,2,Monday,18,6:00pm-6:59pm,0,0,1,This section IS ON the NHS,1,Rural,3,Principal Arterial - Other,1,State Highway Agency,2,U.S. Highway,US-160,,1605,1605,37.45064167,37.45064167,-106.888644440,-106.88864444,0,No Special Jurisdiction,1,Rollover/Overturn,0,The First Harmful Event was Not a Collision with a Motor Vehicle in Transport,0,No,1,Non-Junction,1,Not an Intersection,0,None,,,1,On Roadway,1,Daylight,,,,,1,Clear,0,No,0000000,Not Applicable,18,6:00pm-6:59pm,4,4,18,6:00pm-6:59pm,25,25,88,"Not Applicable (Not Transported) ",88,Not Applicable (Not Transported),,,,,,,1,
2022,8,80529,Colorado,2,2,0,0,0,2,2,59,JEFFERSON (59),80,ARVADA,5,5,10,October,2022,4,Wednesday,14,2:00pm-2:59pm,41,41,0,This section IS NOT on the NHS,2,Urban,4,Minor Arterial,4,City or Municipal Highway Agency,6,Local Street - Municipality,W 64TH AVE,UNION ST,0,None,39.81267222,39.81267222,-105.132088890,-105.13208889,0,No Special Jurisdiction,12,Motor Vehicle In-Transport,6,Angle,0,No,2,Intersection,3,T-Intersection,0,None,,,1,On Roadway,1,Daylight,,,,,1,Clear,0,No,0000000,Not Applicable,14,2:00pm-2:59pm,41,41,14,2:00pm-2:59pm,45,45,88,"Not Applicable (Not Transported) ",88,Not Applicable (Not Transported),,,,,,,1,
2022,8,80530,Colorado,1,1,0,0,0,4,4,29,DELTA (29),0,NOT APPLICABLE,12,12,10,October,2022,4,Wednesday,3,3:00am-3:59am,0,0,0,This section IS NOT on the NHS,1,Rural,4,Minor Arterial,1,State Highway Agency,3,State Highway,SR-133,,20,20,38.81916667,38.81916667,-107.691319440,-107.69131944,0,No Special Jurisdiction,1,Rollover/Overturn,0,The First Harmful Event was Not a Collision with a Motor Vehicle in Transport,0,No,1,Non-Junction,1,Not an Intersection,0,None,,,4,On Roadside,2,Dark - Not Lighted,,,,,1,Clear,0,No,0000000,Not Applicable,99,Unknown,99,Unknown,99,Unknown EMS Scene Arrival Hour,99,Unknown EMS Scene Arrival Minutes,99,Unknown,99,Unknown EMS Hospital Arrival Time,,,,,,,2,
2022,8,80531,Colorado,2,2,0,2,2,1,1,35,DOUGLAS (35),0,NOT APPLICABLE,12,12,10,October,2022,4,Wednesday,22,10:00pm-10:59pm,30,30,1,This section IS ON the NHS,2,Urban,1,Interstate,1,State Highway Agency,1,Interstate,I-25,,1815,1815,39.37427778,39.37427778,-104.862844440,-104.86284444,0,No Special Jurisdiction,24,Guardrail Face,0,The First Harmful Event was Not a Collision with a Motor Vehicle in Transport,0,No,1,Non-Junction,1,Not an Intersection,0,None,,,4,On Roadside,2,Dark - Not Lighted,,,,,1,Clear,0,No,0000000,Not Applicable,22,10:00pm-10:59pm,33,33,22,10:00pm-10:59pm,39,39,88,"Not Applicable (Not Transported) ",88,Not Applicable (Not Transported),,,,,,,2,
2022,8,80532,Colorado,1,1,0,0,0,1,1,15,CHAFFEE (15),0,NOT APPLICABLE,13,13,10,October,2022,5,Thursday,12,12:00pm-12:59pm,0,0,0,This section IS NOT on the NHS,1,Rural,6,Minor Collector,2,County Highway Agency,4,County Road,CR-175,,60,60,38.59864444,38.59864444,-105.955366670,-105.95536667,0,No Special Jurisdiction,1,Rollover/Overturn,0,The First Harmful Event was Not a Collision with a Motor Vehicle in Transport,0,No,1,Non-Junction,1,Not an Intersection,0,None,,,4,On Roadside,1,Daylight,,,,,1,Clear,0,No,0000000,Not Applicable,99,Unknown,99,Unknown,99,Unknown EMS Scene Arrival Hour,99,Unknown EMS Scene Arrival Minutes,88,"Not Applicable (Not Transported) ",88,Not Applicable (Not Transported),,,,,,,1,
2022,8,80533,Colorado,2,2,0,0,0,2,2,1,ADAMS (1),2427,THORNTON,15,15,10,October,2022,7,Saturday,0,0:00am-0:59am,42,42,1,This section IS ON the NHS,2,Urban,3,Principal Arterial - Other,4,City or Municipal Highway Agency,6,Local Street - Municipality,E 104TH AVE,,0,None,39.88499444,39.88499444,-104.968475000,-104.96847500,0,No Special Jurisdiction,12,Motor Vehicle In-Transport,6,Angle,0,No,8,Driveway Access Related,1,Not an Intersection,0,None,,,1,On Roadway,3,Dark - Lighted,,,,,1,Clear,0,No,0000000,Not Applicable,0,0:00am-0:59am,42,42,0,0:00am-0:59am,47,47,88,"Not Applicable (Not Transported) ",88,Not Applicable (Not Transported),,,,,,,1,
2022,8,80534,Colorado,4,4,0,0,0,6,6,55,HUERFANO (55),0,NOT APPLICABLE,16,16,10,October,2022,1,Sunday,15,3:00pm-3:59pm,5,5,1,This section IS ON the NHS,1,Rural,3,Principal Arterial - Other,1,State Highway Agency,2,U.S. Highway,US-160,,2937,2937,37.55114444,37.55114444,-104.965116670,-104.96511667,0,No Special Jurisdiction,12,Motor Vehicle In-Transport,8,Sideswipe - Opposite Direction,0,No,1,Non-Junction,1,Not an Intersection,0,None,,,1,On Roadway,1,Daylight,,,,,10,Cloudy,0,No,0000000,Not Applicable,99,Unknown,99,Unknown,99,Unknown EMS Scene Arrival Hour,99,Unknown EMS Scene Arrival Minutes,99,Unknown,99,Unknown EMS Hospital Arrival Time,,,,,,,2,
2022,8,80535,Colorado,1,1,0,1,1,1,1,123,WELD (123),1070,GREELEY,16,16,10,October,2022,1,Sunday,5,5:00am-5:59am,21,21,1,This section IS ON the NHS,2,Urban,2,Principal Arterial - Other Freeways and Expressways,1,State Highway Agency,2,U.S. Highway,US-34   HWY 34 BYPASS,17TH AVE,1117,1117,40.39209444,40.39209444,-104.706372220,-104.70637222,0,No Special Jurisdiction,8,Pedestrian,0,The First Harmful Event was Not a Collision with a Motor Vehicle in Transport,0,No,3,Intersection-Related,3,T-Intersection,0,None,,,1,On Roadway,2,Dark - Not Lighted,,,,,1,Clear,0,No,0000000,Not Applicable,5,5:00am-5:59am,21,21,5,5:00am-5:59am,28,28,5,5:00am-5:59am,41,41,,,,,,,1,
2022,8,80536,Colorado,1,1,0,0,0,2,2,67,LA PLATA (67),650,DURANGO,17,17,10,October,2022,2,Monday,7,7:00am-7:59am,22,22,1,This section IS ON the NHS,2,Urban,3,Principal Arterial - Other,1,State Highway Agency,2,U.S. Highway,US-160,,859,859,37.23485556,37.23485556,-107.868030560,-107.86803056,0,No Special Jurisdiction,24,Guardrail Face,0,The First Harmful Event was Not a Collision with a Motor Vehicle in Transport,0,No,1,Non-Junction,1,Not an Intersection,0,None,,,4,On Roadside,3,Dark - Lighted,,,,,1,Clear,0,No,0000000,Not Applicable,7,7:00am-7:59am,25,25,7,7:00am-7:59am,30,30,88,"Not Applicable (Not Transported) ",88,Not Applicable (Not Transported),,,,,,,1,
2022,8,80537,Colorado,1,1,0,0,0,3,3,41,EL PASO (41),0,NOT APPLICABLE,13,13,10,October,2022,5,Thursday,3,3:00am-3:59am,40,40,0,This section IS NOT on the NHS,1,Rural,4,Minor Arterial,2,County Highway Agency,4,County Road,CR-JUDGE ORR RD,,0,None,38.95420556,38.95420556,-104.336277780,-104.33627778,0,No Special Jurisdiction,1,Rollover/Overturn,0,The First Harmful Event was Not a Collision with a Motor Vehicle in Transport,0,No,1,Non-Junction,1,Not an Intersection,0,None,,,4,On Roadside,2,Dark - Not Lighted,,,,,1,Clear,0,No,0000000,Not Applicable,3,3:00am-3:59am,47,47,99,Unknown EMS Scene Arrival Hour,99,Unknown EMS Scene Arrival Minutes,99,Unknown,99,Unknown EMS Hospital Arrival Time,,,,,,,1,
2022,8,80538,Colorado,2,2,0,0,0,2,2,35,DOUGLAS (35),1952,PARKER,26,26,10,October,2022,4,Wednesday,16,4:00pm-4:59pm,21,21,0,This section IS NOT on the NHS,2,Urban,5,Major Collector,4,City or Municipal Highway Agency,6,Local Street - Municipality,S DRANSFIELD RD,,0,None,39.52222222,39.52222222,-104.770991670,-104.77099167,0,No Special Jurisdiction,12,Motor Vehicle In-Transport,2,Front-to-Front,0,No,1,Non-Junction,1,Not an Intersection,0,None,,,1,On Roadway,1,Daylight,,,,,1,Clear,0,No,0000000,Not Applicable,99,Unknown,99,Unknown,99,Unknown EMS Scene Arrival Hour,99,Unknown EMS Scene Arrival Minutes,99,Unknown,99,Unknown EMS Hospital Arrival Time,,,,,,,1,
2022,8,80539,Colorado,1,1,0,0,0,1,1,55,HUERFANO (55),0,NOT APPLICABLE,18,18,10,October,2022,3,Tuesday,6,6:00am-6:59am,15,15,0,This section IS NOT on the NHS,1,Rural,4,Minor Arterial,1,State Highway Agency,3,State Highway,SR-69,,14,14,37.64747222,37.64747222,-104.817105560,-104.81710556,0,No Special Jurisdiction,1,Rollover/Overturn,0,The First Harmful Event was Not a Collision with a Motor Vehicle in Transport,0,No,1,Non-Junction,1,Not an Intersection,0,None,,,4,On Roadside,2,Dark - Not Lighted,,,,,1,Clear,0,No,0000000,Not Applicable,99,Unknown,99,Unknown,99,Unknown EMS Scene Arrival Hour,99,Unknown EMS Scene Arrival Minutes,88,"Not Applicable (Not Transported) ",88,Not Applicable (Not Transported),,,,,,,1,
2022,8,80540,Colorado,2,2,0,0,0,2,2,69,LARIMER (69),0,NOT APPLICABLE,18,18,10,October,2022,3,Tuesday,16,4:00pm-4:59pm,44,44,0,This section IS NOT on the NHS,1,Rural,5,Major Collector,2,County Highway Agency,4,County Road,CR-43,,0,None,40.43668889,40.43668889,-105.350936110,-105.35093611,0,No Special Jurisdiction,12,Motor Vehicle In-Transport,8,Sideswipe - Opposite Direction,0,No,1,Non-Junction,1,Not an Intersection,0,None,,,1,On Roadway,1,Daylight,,,,,1,Clear,0,No,0000000,Not Applicable,16,4:00pm-4:59pm,45,45,17,5:00pm-5:59pm,5,5,88,"Not Applicable (Not Transported) ",88,Not Applicable (Not Transported),,,,,,,1,
2022,8,80541,Colorado,1,1,0,0,0,1,1,13,BOULDER (13),0,NOT APPLICABLE,19,19,10,October,2022,4,Wednesday,16,4:00pm-4:59pm,58,58,0,This section IS NOT on the NHS,1,Rural,4,Minor Arterial,1,State Highway Agency,3,State Highway,SR-72,,445,445,40.08055556,40.08055556,-105.498894440,-105.49889444,0,No Special Jurisdiction,1,Rollover/Overturn,0,The First Harmful Event was Not a Collision with a Motor Vehicle in Transport,0,No,1,Non-Junction,1,Not an Intersection,0,None,,,4,On Roadside,1,Daylight,,,,,1,Clear,0,No,0000000,Not Applicable,16,4:00pm-4:59pm,54,54,17,5:00pm-5:59pm,3,3,88,"Not Applicable (Not Transported) ",88,Not Applicable (Not Transported),,,,,,,1,
2022,8,80542,Colorado,2,2,0,0,0,3,3,41,EL PASO (41),0,NOT APPLICABLE,20,20,10,October,2022,5,Thursday,8,8:00am-8:59am,44,44,1,This section IS ON the NHS,1,Rural,1,Interstate,1,State Highway Agency,1,Interstate,I-25,,1219,1219,38.59180000,38.59180000,-104.671833330,-104.67183333,0,No Special Jurisdiction,12,Motor Vehicle In-Transport,1,Front-to-Rear,0,No,1,Non-Junction,1,Not an Intersection,0,None,,,1,On Roadway,1,Daylight,,,,,1,Clear,0,No,0000000,Not Applicable,99,Unknown,99,Unknown,99,Unknown EMS Scene Arrival Hour,99,Unknown EMS Scene Arrival Minutes,88,"Not Applicable (Not Transported) ",88,Not Applicable (Not Transported),,,,,,,1,
2022,8,80543,Colorado,1,1,0,1,1,1,1,1,ADAMS (1),2550,WESTMINSTER,21,21,10,October,2022,6,Friday,0,0:00am-0:59am,0,0,1,This section IS ON the NHS,2,Urban,3,Principal Arterial - Other,1,State Highway Agency,2,U.S. Highway,US-287   FEDERAL BLVD,,2890,2890,39.83015833,39.83015833,-105.025030560,-105.02503056,0,No Special Jurisdiction,8,Pedestrian,0,The First Harmful Event was Not a Collision with a Motor Vehicle in Transport,0,No,1,Non-Junction,1,Not an Intersection,0,None,,,1,On Roadway,3,Dark - Lighted,,,,,1,Clear,0,No,0000000,Not Applicable,0,0:00am-0:59am,1,1,0,0:00am-0:59am,6,6,88,"Not Applicable (Not Transported) ",88,Not Applicable (Not Transported),,,,,,,1,
2022,8,80544,Colorado,1,1,0,0,0,3,3,5,ARAPAHOE (5),740,ENGLEWOOD,20,20,10,October,2022,5,Thursday,22,10:00pm-10:59pm,5,5,1,This section IS ON the NHS,2,Urban,3,Principal Arterial - Other,4,City or Municipal Highway Agency,6,Local Street - Municipality,S BROADWAY ST,CENTENNIAL AVE,0,None,39.62206111,39.62206111,-104.987819440,-104.98781944,0,No Special Jurisdiction,46,Traffic Signal Support,0,The First Harmful Event was Not a Collision with a Motor Vehicle in Transport,0,No,3,Intersection-Related,3,T-Intersection,0,None,,,4,On Roadside,3,Dark - Lighted,,,,,1,Clear,0,No,0000000,Not Applicable,22,10:00pm-10:59pm,9,9,22,10:00pm-10:59pm,12,12,22,10:00pm-10:59pm,23,23,,,,,,,2,
2022,8,80545,Colorado,1,1,0,1,1,1,1,1,ADAMS (1),230,BRIGHTON,21,21,10,October,2022,6,Friday,16,4:00pm-4:59pm,46,46,0,This section IS NOT on the NHS,2,Urban,4,Minor Arterial,4,City or Municipal Highway Agency,6,Local Street - Municipality,E 168TH AVE,N 45TH AVE,0,None,40.00036389,40.00036389,-104.761838890,-104.76183889,0,No Special Jurisdiction,8,Pedestrian,0,The First Harmful Event was Not a Collision with a Motor Vehicle in Transport,0,No,3,Intersection-Related,2,Four-Way Intersection,0,None,,,1,On Roadway,1,Daylight,,,,,1,Clear,0,No,0000000,Not Applicable,16,4:00pm-4:59pm,48,48,16,4:00pm-4:59pm,53,53,17,5:00pm-5:59pm,11,11,,,,,,,1,
2022,8,80546,Colorado,2,2,0,0,0,4,4,13,BOULDER (13),0,NOT APPLICABLE,22,22,10,October,2022,7,Saturday,8,8:00am-8:59am,25,25,1,This section IS ON the NHS,2,Urban,2,Principal Arterial - Other Freeways and Expressways,1,State Highway Agency,3,State Highway,SR-119,CR-N 83RD ST,521,521,40.11642778,40.11642778,-105.159744440,-105.15974444,0,No Special Jurisdiction,12,Motor Vehicle In-Transport,6,Angle,0,No,2,Intersection,2,Four-Way Intersection,0,None,,,1,On Roadway,1,Daylight,,,,,1,Clear,0,No,0000000,Not Applicable,8,8:00am-8:59am,29,29,8,8:00am-8:59am,36,36,9,9:00am-9:59am,17,17,,,,,,,2,
2022,8,80547,Colorado,3,3,0,0,0,6,6,101,PUEBLO (101),0,NOT APPLICABLE,22,22,10,October,2022,7,Saturday,21,9:00pm-9:59pm,19,19,1,This section IS ON the NHS,2,Urban,2,Principal Arterial - Other Freeways and Expressways,1,State Highway Agency,2,U.S. Highway,US-50,,3117,3117,38.31515556,38.31515556,-104.669241670,-104.66924167,0,No Special Jurisdiction,12,Motor Vehicle In-Transport,7,Sideswipe - Same Direction,0,No,1,Non-Junction,1,Not an Intersection,0,None,,,1,On Roadway,2,Dark - Not Lighted,,,,,1,Clear,0,No,0000000,Not Applicable,99,Unknown,99,Unknown,99,Unknown EMS Scene Arrival Hour,99,Unknown EMS Scene Arrival Minutes,88,"Not Applicable (Not Transported) ",88,Not Applicable (Not Transported),,,,,,,1,
2022,8,80548,Colorado,2,2,0,0,0,6,6,83,MONTEZUMA (83),0,NOT APPLICABLE,23,23,10,October,2022,1,Sunday,21,9:00pm-9:59pm,22,22,1,This section IS ON the NHS,1,Rural,3,Principal Arterial - Other,1,State Highway Agency,2,U.S. Highway,US-160,,324,324,37.27558333,37.27558333,-108.631611110,-108.63161111,0,No Special Jurisdiction,11,Live Animal,0,The First Harmful Event was Not a Collision with a Motor Vehicle in Transport,0,No,1,Non-Junction,1,Not an Intersection,0,None,,,1,On Roadway,2,Dark - Not Lighted,,,,,1,Clear,0,No,0000000,Not Applicable,21,9:00pm-9:59pm,22,22,99,Unknown EMS Scene Arrival Hour,99,Unknown EMS Scene Arrival Minutes,99,Unknown,99,Unknown EMS Hospital Arrival Time,,,,,,,2,
2022,8,80549,Colorado,2,2,0,0,0,2,2,41,EL PASO (41),0,NOT APPLICABLE,23,23,10,October,2022,1,Sunday,0,0:00am-0:59am,15,15,1,This section IS ON the NHS,2,Urban,1,Interstate,1,State Highway Agency,1,Interstate,I-25,,1498,1498,38.94676944,38.94676944,-104.813744440,-104.81374444,0,No Special Jurisdiction,12,Motor Vehicle In-Transport,2,Front-to-Front,0,No,1,Non-Junction,1,Not an Intersection,0,None,,,1,On Roadway,3,Dark - Lighted,,,,,1,Clear,0,No,0000000,Not Applicable,99,Unknown,99,Unknown,99,Unknown EMS Scene Arrival Hour,99,Unknown EMS Scene Arrival Minutes,99,Unknown,99,Unknown EMS Hospital Arrival Time,,,,,,,1,
2022,8,80550,Colorado,2,2,0,0,0,3,3,41,EL PASO (41),430,COLORADO SPRINGS,12,12,10,October,2022,4,Wednesday,18,6:00pm-6:59pm,50,50,0,This section IS NOT on the NHS,2,Urban,4,Minor Arterial,4,City or Municipal Highway Agency,6,Local Street - Municipality,E BOULDER ST,PRAIRIE RD,0,None,38.83838333,38.83838333,-104.787366670,-104.78736667,0,No Special Jurisdiction,12,Motor Vehicle In-Transport,2,Front-to-Front,0,No,2,Intersection,2,Four-Way Intersection,0,None,,,1,On Roadway,5,Dusk,,,,,1,Clear,0,No,0000000,Not Applicable,18,6:00pm-6:59pm,50,50,18,6:00pm-6:59pm,57,57,19,7:00pm-7:59pm,8,8,,,,,,,1,
2022,8,80551,Colorado,1,1,0,0,0,1,1,5,ARAPAHOE (5),0,NOT APPLICABLE,16,16,10,October,2022,1,Sunday,19,7:00pm-7:59pm,16,16,1,This section IS ON the NHS,2,Urban,3,Principal Arterial - Other,2,County Highway Agency,4,County Road,CR-S HAVANA ST,,0,None,39.58261111,39.58261111,-104.867016670,-104.86701667,0,No Special Jurisdiction,33,Curb,0,The First Harmful Event was Not a Collision with a Motor Vehicle in Transport,0,No,1,Non-Junction,1,Not an Intersection,0,None,,,3,On Median,3,Dark - Lighted,,,,,1,Clear,0,No,0000000,Not Applicable,19,7:00pm-7:59pm,23,23,19,7:00pm-7:59pm,28,28,19,7:00pm-7:59pm,31,31,,,,,,,1,
2022,8,80552,Colorado,1,1,0,1,1,1,1,41,EL PASO (41),430,COLORADO SPRINGS,11,11,10,October,2022,3,Tuesday,13,1:00pm-1:59pm,0,0,1,This section IS ON the NHS,2,Urban,3,Principal Arterial - Other,4,City or Municipal Highway Agency,6,Local Street - Municipality,UNION BLVD,BIJOU ST,0,None,38.83565833,38.83565833,-104.794622220,-104.79462222,0,No Special Jurisdiction,8,Pedestrian,0,The First Harmful Event was Not a Collision with a Motor Vehicle in Transport,0,No,3,Intersection-Related,2,Four-Way Intersection,0,None,,,1,On Roadway,1,Daylight,,,,,1,Clear,0,No,0000000,Not Applicable,13,1:00pm-1:59pm,3,3,13,1:00pm-1:59pm,6,6,13,1:00pm-1:59pm,23,23,,,,,,,1,
2022,8,80553,Colorado,1,1,0,0,0,1,1,59,JEFFERSON (59),0,NOT APPLICABLE,22,22,10,October,2022,7,Saturday,12,12:00pm-12:59pm,30,30,0,This section IS NOT on the NHS,1,Rural,6,Minor Collector,2,County Highway Agency,4,County Road,CR-HIGH GRADE RD,,0,None,39.50818889,39.50818889,-105.189083330,-105.18908333,0,No Special Jurisdiction,1,Rollover/Overturn,0,The First Harmful Event was Not a Collision with a Motor Vehicle in Transport,0,No,1,Non-Junction,1,Not an Intersection,0,None,,,4,On Roadside,1,Daylight,,,,,1,Clear,0,No,0000000,Not Applicable,88,Not Applicable (Not Notified),88,Not Applicable (Not Notified),88,Not Applicable,88,Not Applicable,88,"Not Applicable (Not Transported) ",88,Not Applicable (Not Transported),,,,,,,1,
2022,8,80554,Colorado,2,2,0,0,0,2,2,35,DOUGLAS (35),1529,LONE TREE,23,23,10,October,2022,1,Sunday,6,6:00am-6:59am,13,13,1,This section IS ON the NHS,2,Urban,3,Principal Arterial - Other,4,City or Municipal Highway Agency,6,Local Street - Municipality,LINCOLN AVE,PARK MEADOWS DR,0,None,39.53633333,39.53633333,-104.873088890,-104.87308889,0,No Special Jurisdiction,12,Motor Vehicle In-Transport,6,Angle,0,No,2,Intersection,2,Four-Way Intersection,0,None,,,1,On Roadway,4,Dawn,,,,,1,Clear,0,No,0000000,Not Applicable,99,Unknown,99,Unknown,6,6:00am-6:59am,20,20,6,6:00am-6:59am,44,44,,,,,,,1,
2022,8,80555,Colorado,1,1,0,0,0,2,2,23,COSTILLA (23),0,NOT APPLICABLE,24,24,10,October,2022,2,Monday,8,8:00am-8:59am,59,59,1,This section IS ON the NHS,1,Rural,3,Principal Arterial - Other,1,State Highway Agency,2,U.S. Highway,US-160,,2553,2553,37.43261111,37.43261111,-105.483761110,-105.48376111,0,No Special Jurisdiction,32,Culvert,0,The First Harmful Event was Not a Collision with a Motor Vehicle in Transport,0,No,1,Non-Junction,1,Not an Intersection,0,None,,,4,On Roadside,1,Daylight,,,,,10,Cloudy,0,No,0000000,Not Applicable,9,9:00am-9:59am,1,1,9,9:00am-9:59am,16,16,10,10:00am-10:59am,11,11,,,,,,,1,
2022,8,80556,Colorado,1,1,0,0,0,1,1,35,DOUGLAS (35),0,NOT APPLICABLE,24,24,10,October,2022,2,Monday,0,0:00am-0:59am,15,15,0,This section IS NOT on the NHS,1,Rural,7,Local,2,County Highway Agency,4,County Road,CR-N CASTLEWOOD CANYON RD,,0,None,39.37266667,39.37266667,-104.761344440,-104.76134444,0,No Special Jurisdiction,31,"Post, Pole or Other Supports",0,The First Harmful Event was Not a Collision with a Motor Vehicle in Transport,0,No,1,Non-Junction,1,Not an Intersection,0,None,,,4,On Roadside,2,Dark - Not Lighted,,,,,2,Rain,0,No,0000000,Not Applicable,7,7:00am-7:59am,13,13,7,7:00am-7:59am,16,16,88,"Not Applicable (Not Transported) ",88,Not Applicable (Not Transported),,,,,,,1,
2022,8,80557,Colorado,2,2,0,0,0,3,3,41,EL PASO (41),0,NOT APPLICABLE,25,25,10,October,2022,3,Tuesday,17,5:00pm-5:59pm,55,55,0,This section IS NOT on the NHS,1,Rural,4,Minor Arterial,2,County Highway Agency,4,County Road,CR-CALHAN HWY,CR-JUDGE ORR RD,0,None,38.95450556,38.95450556,-104.294322220,-104.29432222,0,No Special Jurisdiction,12,Motor Vehicle In-Transport,6,Angle,0,No,2,Intersection,2,Four-Way Intersection,0,None,,,1,On Roadway,1,Daylight,,,,,10,Cloudy,0,No,0000000,Not Applicable,99,Unknown,99,Unknown,99,Unknown EMS Scene Arrival Hour,99,Unknown EMS Scene Arrival Minutes,99,Unknown,99,Unknown EMS Hospital Arrival Time,,,,,,,1,
2022,8,80558,Colorado,1,1,0,0,0,1,1,31,DENVER (31),600,DENVER,12,12,10,October,2022,4,Wednesday,22,10:00pm-10:59pm,31,31,0,This section IS NOT on the NHS,2,Urban,7,Local,4,City or Municipal Highway Agency,6,Local Street - Municipality,19TH ST,,0,None,39.75481111,39.75481111,-104.997477780,-104.99747778,0,No Special Jurisdiction,39,Wall,0,The First Harmful Event was Not a Collision with a Motor Vehicle in Transport,0,No,1,Non-Junction,1,Not an Intersection,0,None,,,4,On Roadside,3,Dark - Lighted,,,,,1,Clear,0,No,0000000,Not Applicable,22,10:00pm-10:59pm,34,34,22,10:00pm-10:59pm,35,35,22,10:00pm-10:59pm,49,49,,,,,,,1,
2022,8,80560,Colorado,2,2,0,2,2,1,1,5,ARAPAHOE (5),0,NOT APPLICABLE,22,22,10,October,2022,7,Saturday,3,3:00am-3:59am,11,11,1,This section IS ON the NHS,2,Urban,1,Interstate,1,State Highway Agency,1,Interstate,I-70,,2883,2883,39.74012222,39.74012222,-104.730430560,-104.73043056,0,No Special Jurisdiction,12,Motor Vehicle In-Transport,6,Angle,1,Yes,18,Through Roadway,1,Not an Intersection,0,None,,,1,On Roadway,3,Dark - Lighted,,,,,1,Clear,0,No,0000000,Not Applicable,99,Unknown,99,Unknown,99,Unknown EMS Scene Arrival Hour,99,Unknown EMS Scene Arrival Minutes,88,"Not Applicable (Not Transported) ",88,Not Applicable (Not Transported),,,,,,,2,
2022,8,80561,Colorado,2,2,0,1,1,2,2,77,MESA (77),1040,GRAND JUNCTION,18,18,10,October,2022,3,Tuesday,23,11:00pm-11:59pm,14,14,0,This section IS NOT on the NHS,2,Urban,4,Minor Arterial,4,City or Municipal Highway Agency,6,Local Street - Municipality,D RD,,0,None,39.06286667,39.06286667,-108.504541670,-108.50454167,0,No Special Jurisdiction,8,Pedestrian,0,The First Harmful Event was Not a Collision with a Motor Vehicle in Transport,0,No,1,Non-Junction,1,Not an Intersection,0,None,,,1,On Roadway,2,Dark - Not Lighted,,,,,1,Clear,0,No,0000000,Not Applicable,23,11:00pm-11:59pm,16,16,23,11:00pm-11:59pm,22,22,88,"Not Applicable (Not Transported) ",88,Not Applicable (Not Transported),,,,,,,1,
2022,8,80562,Colorado,2,2,0,1,1,1,1,19,CLEAR CREEK (19),970,GEORGETOWN,27,27,10,October,2022,5,Thursday,7,7:00am-7:59am,24,24,1,This section IS ON the NHS,1,Rural,1,Interstate,1,State Highway Agency,1,Interstate,I-70,,2287,2287,39.72730278,39.72730278,-105.693988890,-105.69398889,0,No Special Jurisdiction,8,Pedestrian,0,The First Harmful Event was Not a Collision with a Motor Vehicle in Transport,0,No,1,Non-Junction,1,Not an Intersection,0,None,,,2,On Shoulder,1,Daylight,,,,,10,Cloudy,0,No,0000000,Not Applicable,7,7:00am-7:59am,20,20,7,7:00am-7:59am,34,34,8,8:00am-8:59am,47,47,,,,,,,1,
2022,8,80563,Colorado,3,3,0,0,0,6,6,5,ARAPAHOE (5),110,AURORA,22,22,10,October,2022,7,Saturday,16,4:00pm-4:59pm,46,46,1,This section IS ON the NHS,2,Urban,3,Principal Arterial - Other,4,City or Municipal Highway Agency,6,Local Street - Municipality,S PEORIA ST,E WARREN AVE,0,None,39.67665556,39.67665556,-104.847363890,-104.84736389,0,No Special Jurisdiction,12,Motor Vehicle In-Transport,6,Angle,0,No,2,Intersection,3,T-Intersection,0,None,,,1,On Roadway,1,Daylight,,,,,1,Clear,0,No,0000000,Not Applicable,16,4:00pm-4:59pm,46,46,16,4:00pm-4:59pm,50,50,16,4:00pm-4:59pm,58,58,,,,,,,1,
2022,8,80564,Colorado,1,1,0,0,0,1,1,5,ARAPAHOE (5),110,AURORA,12,12,10,October,2022,4,Wednesday,9,9:00am-9:59am,23,23,0,This section IS NOT on the NHS,2,Urban,7,Local,4,City or Municipal Highway Agency,6,Local Street - Municipality,S WACO ST,E GIRARD AVE,0,None,39.65591389,39.65591389,-104.777169440,-104.77716944,0,No Special Jurisdiction,33,Curb,0,The First Harmful Event was Not a Collision with a Motor Vehicle in Transport,0,No,3,Intersection-Related,10,L-Intersection,0,None,,,4,On Roadside,1,Daylight,,,,,1,Clear,0,No,0000000,Not Applicable,9,9:00am-9:59am,23,23,9,9:00am-9:59am,30,30,9,9:00am-9:59am,37,37,,,,,,,1,
2022,8,80565,Colorado,2,2,0,0,0,2,2,59,JEFFERSON (59),2550,WESTMINSTER,28,28,10,October,2022,6,Friday,18,6:00pm-6:59pm,48,48,1,This section IS ON the NHS,2,Urban,3,Principal Arterial - Other,1,State Highway Agency,3,State Highway,SR-95   N SHERIDAN BLVD,W 73RD AVE,122,122,39.82894444,39.82894444,-105.053272220,-105.05327222,0,No Special Jurisdiction,12,Motor Vehicle In-Transport,6,Angle,0,No,2,Intersection,2,Four-Way Intersection,0,None,,,1,On Roadway,3,Dark - Lighted,,,,,1,Clear,0,No,0000000,Not Applicable,18,6:00pm-6:59pm,48,48,18,6:00pm-6:59pm,48,48,19,7:00pm-7:59pm,13,13,,,,,,,1,