caseyear,state,st_case,statename,ve_total,ve_forms,pvh_invl,peds,pernotmvit,permvit,persons,county,countyname,city,cityname,day,dayname,month,monthname,year,day_week,day_weekname,hour,hourname,minute,minutename,nhs,nhsname,rur_urb,rur_urbname,func_sys,func_sysname,rd_owner,rd_ownername,route,routename,tway_id,tway_id2,milept,mileptname,latitude,latitudename,longitud,longitudname,sp_jur,sp_jurname,harm_ev,harm_evname,man_coll,man_collname,reljct1,reljct1name,reljct2,reljct2name,typ_int,typ_intname,wrk_zone,wrk_zonename,road_fnc,road_fncname,rel_road,rel_roadname,lgt_cond,lgt_condname,weather1,weather1name,weather2,weather2name,weather,weathername,sch_bus,sch_busname,rail,railname,not_hour,not_hourname,not_min,not_minname,arr_hour,arr_hourname,arr_min,arr_minname,hosp_hr,hosp_hrname,hosp_mn,hosp_mnname,cf1,cf1name,cf2,cf2name,cf3,cf3name,fatals,drunk_dr
2022,8,80673,Colorado,2,2,0,0,0,3,3,1,ADAMS (1),0,NOT APPLICABLE,25,25,12,December,2022,1,Sunday,10,10:00am-10:59am,6,6,1,This section IS ON the NHS,2,Urban,2,Principal Arterial - Other Freeways and Expressways,1,State Highway Agency,2,U.S. Highway,US-36,,574,574,39.82755556,39.82755556,-104.979250000,-104.97925000,0,No Special Jurisdiction,25,Concrete Traffic Barrier,0,The First Harmful Event was Not a Collision with a Motor Vehicle in Transport,1,Yes,19,Other location within Interchange Area,1,Not an Intersection,0,None,,,3,On Median,1,Daylight,,,,,10,Cloudy,0,No,0000000,Not Applicable,99,Unknown,99,Unknown,99,Unknown EMS Scene Arrival Hour,99,Unknown EMS Scene Arrival Minutes,99,Unknown,99,Unknown EMS Hospital Arrival Time,,,,,,,1,
2022,8,80674,Colorado,4,4,0,0,0,8,8,41,EL PASO (41),0,NOT APPLICABLE,26,26,12,December,2022,2,Monday,18,6:00pm-6:59pm,34,34,0,This section IS NOT on the NHS,1,Rural,4,Minor Arterial,1,State Highway Agency,3,State Highway,SR-115,,369,369,38.67861944,38.67861944,-104.848133330,-104.84813333,0,No Special Jurisdiction,12,Motor Vehicle In-Transport,2,Front-to-Front,0,No,1,Non-Junction,1,Not an Intersection,1,Construction,,,1,On Roadway,2,Dark - Not Lighted,,,,,1,Clear,0,No,0000000,Not Applicable,99,Unknown,99,Unknown,99,Unknown EMS Scene Arrival Hour,99,Unknown EMS Scene Arrival Minutes,99,Unknown,99,Unknown EMS Hospital Arrival Time,,,,,,,1,
2022,8,80675,Colorado,1,1,0,1,1,0,0,31,DENVER (31),600,DENVER,18,18,12,December,2022,1,Sunday,16,4:00pm-4:59pm,39,39,0,This section IS NOT on the NHS,2,Urban,7,Local,4,City or Municipal Highway Agency,6,Local Street - Municipality,N MEADE ST,,0,None,39.72232778,39.72232778,-105.036077780,-105.03607778,0,No Special Jurisdiction,8,Pedestrian,0,The First Harmful Event was Not a Collision with a Motor Vehicle in Transport,0,No,1,Non-Junction,1,Not an Intersection,0,None,,,1,On Roadway,2,Dark - Not Lighted,,,,,1,Clear,0,No,0000000,Not Applicable,16,4:00pm-4:59pm,39,39,16,4:00pm-4:59pm,48,48,88,"Not Applicable (Not Transported) ",88,Not Applicable (Not Transported),,,,,,,1,
2022,8,80676,Colorado,2,2,0,0,0,2,2,59,JEFFERSON (59),1435,LAKEWOOD,24,24,12,December,2022,7,Saturday,13,1:00pm-1:59pm,1,1,1,This section IS ON the NHS,2,Urban,3,Principal Arterial - Other,1,State Highway Agency,2,U.S. Highway,US-40   W COLFAX AVE,DEPEW ST,2940,2940,39.74038333,39.74038333,-105.057922220,-105.05792222,0,No Special Jurisdiction,12,Motor Vehicle In-Transport,6,Angle,0,No,2,Intersection,2,Four-Way Intersection,0,None,,,1,On Roadway,1,Daylight,,,,,1,Clear,0,No,0000000,Not Applicable,13,1:00pm-1:59pm,4,4,13,1:00pm-1:59pm,11,11,13,1:00pm-1:59pm,32,32,,,,,,,1,
2022,8,80677,Colorado,1,1,0,1,1,1,1,59,JEFFERSON (59),1435,LAKEWOOD,24,24,12,December,2022,7,Saturday,19,7:00pm-7:59pm,35,35,0,This section IS NOT on the NHS,2,Urban,5,Major Collector,4,City or Municipal Highway Agency,6,Local Street - Municipality,W FLORIDA AVE,,0,None,39.68948333,39.68948333,-105.059761110,-105.05976111,0,No Special Jurisdiction,8,Pedestrian,0,The First Harmful Event was Not a Collision with a Motor Vehicle in Transport,0,No,1,Non-Junction,1,Not an Intersection,0,None,,,1,On Roadway,2,Dark - Not Lighted,,,,,1,Clear,0,No,0000000,Not Applicable,19,7:00pm-7:59pm,36,36,19,7:00pm-7:59pm,40,40,88,"Not Applicable (Not Transported) ",88,Not Applicable (Not Transported),,,,,,,1,
2022,8,80678,Colorado,2,2,0,0,0,11,11,41,EL PASO (41),0,NOT APPLICABLE,24,24,12,December,2022,7,Saturday,23,11:00pm-11:59pm,26,26,1,This section IS ON the NHS,2,Urban,3,Principal Arterial - Other,1,State Highway Agency,2,U.S. Highway,US-24,CR-CONSTITUTION AVE,3146,3146,38.86397222,38.86397222,-104.663633330,-104.66363333,0,No Special Jurisdiction,12,Motor Vehicle In-Transport,6,Angle,0,No,2,Intersection,3,T-Intersection,0,None,,,1,On Roadway,3,Dark - Lighted,,,,,1,Clear,0,No,0000000,Not Applicable,99,Unknown,99,Unknown,99,Unknown EMS Scene Arrival Hour,99,Unknown EMS Scene Arrival Minutes,99,Unknown,99,Unknown EMS Hospital Arrival Time,,,,,,,1,
2022,8,80679,Colorado,1,1,0,0,0,1,1,1,ADAMS (1),434,COMMERCE CITY,26,26,12,December,2022,2,Monday,0,0:00am-0:59am,49,49,1,This section IS ON the NHS,2,Urban,3,Principal Arterial - Other,4,City or Municipal Highway Agency,6,Local Street - Municipality,E 120TH AVE,E-470 SB ON-RAMP,0,None,39.91416667,39.91416667,-104.783158330,-104.78315833,0,No Special Jurisdiction,46,Traffic Signal Support,0,The First Harmful Event was Not a Collision with a Motor Vehicle in Transport,1,Yes,3,Intersection-Related,2,Four-Way Intersection,0,None,,,4,On Roadside,3,Dark - Lighted,,,,,1,Clear,0,No,0000000,Not Applicable,0,0:00am-0:59am,49,49,0,0:00am-0:59am,54,54,1,1:00am-1:59am,22,22,,,,,,,1,
2022,8,80680,Colorado,1,1,0,0,0,1,1,123,WELD (123),0,NOT APPLICABLE,25,25,12,December,2022,1,Sunday,19,7:00pm-7:59pm,18,18,0,This section IS NOT on the NHS,1,Rural,5,Major Collector,2,County Highway Agency,4,County Road,CR-17,CR-50,0,None,40.34911944,40.34911944,-104.906002780,-104.90600278,0,No Special Jurisdiction,35,Embankment,0,The First Harmful Event was Not a Collision with a Motor Vehicle in Transport,0,No,3,Intersection-Related,3,T-Intersection,0,None,,,5,Outside Trafficway,2,Dark - Not Lighted,,,,,1,Clear,0,No,0000000,Not Applicable,15,3:00pm-3:59pm,55,55,16,4:00pm-4:59pm,2,2,88,"Not Applicable (Not Transported) ",88,Not Applicable (Not Transported),,,,,,,1,
2022,8,80681,Colorado,1,1,0,1,1,1,1,1,ADAMS (1),2550,WESTMINSTER,29,29,12,December,2022,5,Thursday,19,7:00pm-7:59pm,53,53,1,This section IS ON the NHS,2,Urban,3,Principal Arterial - Other,4,City or Municipal Highway Agency,6,Local Street - Municipality,W 92ND AVE,,0,None,39.86345556,39.86345556,-105.045922220,-105.04592222,0,No Special Jurisdiction,8,Pedestrian,0,The First Harmful Event was Not a Collision with a Motor Vehicle in Transport,0,No,1,Non-Junction,1,Not an Intersection,0,None,,,1,On Roadway,3,Dark - Lighted,,,,,1,Clear,0,No,0000000,Not Applicable,19,7:00pm-7:59pm,53,53,19,7:00pm-7:59pm,58,58,88,"Not Applicable (Not Transported) ",88,Not Applicable (Not Transported),,,,,,,1,
2022,8,80682,Colorado,1,1,0,0,0,1,1,1,ADAMS (1),230,BRIGHTON,31,31,12,December,2022,7,Saturday,18,6:00pm-6:59pm,30,30,0,This section IS NOT on the NHS,2,Urban,7,Local,4,City or Municipal Highway Agency,6,Local Street - Municipality,N 18TH AVE,,0,None,39.98704444,39.98704444,-104.800705560,-104.80070556,0,No Special Jurisdiction,42,Tree (Standing Only),0,The First Harmful Event was Not a Collision with a Motor Vehicle in Transport,0,No,1,Non-Junction,1,Not an Intersection,0,None,,,4,On Roadside,3,Dark - Lighted,,,,,1,Clear,0,No,0000000,Not Applicable,18,6:00pm-6:59pm,30,30,18,6:00pm-6:59pm,34,34,18,6:00pm-6:59pm,47,47,,,,,,,1,
2022,8,80683,Colorado,1,1,0,1,1,2,2,5,ARAPAHOE (5),110,AURORA,31,31,12,December,2022,7,Saturday,21,9:00pm-9:59pm,53,53,1,This section IS ON the NHS,2,Urban,1,Interstate,1,State Highway Agency,1,Interstate,I-225,,95,95,39.73336944,39.73336944,-104.825277780,-104.82527778,0,No Special Jurisdiction,8,Pedestrian,0,The First Harmful Event was Not a Collision with a Motor Vehicle in Transport,0,No,1,Non-Junction,1,Not an Intersection,0,None,,,1,On Roadway,3,Dark - Lighted,,,,,1,Clear,0,No,0000000,Not Applicable,21,9:00pm-9:59pm,54,54,21,9:00pm-9:59pm,59,59,22,10:00pm-10:59pm,6,6,,,,,,,1,
2022,8,80684,Colorado,1,1,0,0,0,1,1,101,PUEBLO (101),2052,PUEBLO WEST,31,31,12,December,2022,7,Saturday,1,1:00am-1:59am,30,30,0,This section IS NOT on the NHS,2,Urban,4,Minor Arterial,2,County Highway Agency,4,County Road,CR-S MCCULOCH BLVD W,,0,None,38.31113889,38.31113889,-104.791305560,-104.79130556,0,No Special Jurisdiction,34,Ditch,0,The First Harmful Event was Not a Collision with a Motor Vehicle in Transport,0,No,1,Non-Junction,1,Not an Intersection,0,None,,,4,On Roadside,2,Dark - Not Lighted,,,,,1,Clear,0,No,0000000,Not Applicable,1,1:00am-1:59am,33,33,1,1:00am-1:59am,43,43,88,"Not Applicable (Not Transported) ",88,Not Applicable (Not Transported),,,,,,,1,
2022,8,80685,Colorado,1,1,0,1,1,4,4,41,EL PASO (41),430,COLORADO SPRINGS,23,23,12,December,2022,6,Friday,18,6:00pm-6:59pm,28,28,1,This section IS ON the NHS,2,Urban,3,Principal Arterial - Other,4,City or Municipal Highway Agency,6,Local Street - Municipality,S NEVADA AVE,,0,None,38.81651111,38.81651111,-104.822297220,-104.82229722,0,No Special Jurisdiction,8,Pedestrian,0,The First Harmful Event was Not a Collision with a Motor Vehicle in Transport,0,No,1,Non-Junction,1,Not an Intersection,0,None,,,1,On Roadway,3,Dark - Lighted,,,,,1,Clear,0,No,0000000,Not Applicable,18,6:00pm-6:59pm,31,31,18,6:00pm-6:59pm,34,34,18,6:00pm-6:59pm,44,44,,,,,,,1,
2022,8,80686,Colorado,1,1,0,0,0,1,1,31,DENVER (31),600,DENVER,26,26,12,December,2022,2,Monday,22,10:00pm-10:59pm,21,21,1,This section IS ON the NHS,2,Urban,1,Interstate,1,State Highway Agency,1,Interstate,I-70 RAMP K,,2743,2743,39.77963889,39.77963889,-104.985705560,-104.98570556,0,No Special Jurisdiction,25,Concrete Traffic Barrier,0,The First Harmful Event was Not a Collision with a Motor Vehicle in Transport,1,Yes,5,Entrance/Exit Ramp Related,1,Not an Intersection,0,None,,,10,Separator,3,Dark - Lighted,,,,,1,Clear,0,No,0000000,Not Applicable,22,10:00pm-10:59pm,22,22,22,10:00pm-10:59pm,33,33,22,10:00pm-10:59pm,49,49,,,,,,,1,
2022,8,80687,Colorado,1,1,0,0,0,2,2,41,EL PASO (41),430,COLORADO SPRINGS,28,28,12,December,2022,4,Wednesday,2,2:00am-2:59am,15,15,1,This section IS ON the NHS,2,Urban,3,Principal Arterial - Other,4,City or Municipal Highway Agency,6,Local Street - Municipality,N NEVADA AVE,,0,None,38.85655556,38.85655556,-104.820572220,-104.82057222,0,No Special Jurisdiction,33,Curb,0,The First Harmful Event was Not a Collision with a Motor Vehicle in Transport,0,No,1,Non-Junction,1,Not an Intersection,0,None,,,3,On Median,3,Dark - Lighted,,,,,1,Clear,0,No,0000000,Not Applicable,2,2:00am-2:59am,15,15,2,2:00am-2:59am,24,24,99,Unknown,99,Unknown EMS Hospital Arrival Time,,,,,,,1,
2022,8,80688,Colorado,1,1,0,1,1,1,1,31,DENVER (31),600,DENVER,18,18,12,December,2022,1,Sunday,14,2:00pm-2:59pm,23,23,1,This section IS ON the NHS,2,Urban,3,Principal Arterial - Other,1,State Highway Agency,2,U.S. Highway,US-287   N FEDERAL BLVD,W 35TH AVE,2845,2845,39.76556389,39.76556389,-105.025325000,-105.02532500,0,No Special Jurisdiction,9,Pedalcyclist,0,The First Harmful Event was Not a Collision with a Motor Vehicle in Transport,0,No,2,Intersection,2,Four-Way Intersection,0,None,,,1,On Roadway,1,Daylight,,,,,1,Clear,0,No,0000000,Not Applicable,14,2:00pm-2:59pm,23,23,14,2:00pm-2:59pm,32,32,99,Unknown,99,Unknown EMS Hospital Arrival Time,,,,,,,1,
2022,8,80689,Colorado,1,1,0,0,0,1,1,59,JEFFERSON (59),0,NOT APPLICABLE,20,20,12,December,2022,3,Tuesday,19,7:00pm-7:59pm,18,18,1,This section IS ON the NHS,2,Urban,1,Interstate,1,State Highway Agency,1,Interstate,I-70,,2594,2594,39.70652778,39.70652778,-105.198294440,-105.19829444,0,No Special Jurisdiction,25,Concrete Traffic Barrier,0,The First Harmful Event was Not a Collision with a Motor Vehicle in Transport,1,Yes,19,Other location within Interchange Area,1,Not an Intersection,0,None,,,10,Separator,3,Dark - Lighted,,,,,1,Clear,0,No,0000000,Not Applicable,99,Unknown,99,Unknown,99,Unknown EMS Scene Arrival Hour,99,Unknown EMS Scene Arrival Minutes,99,Unknown,99,Unknown EMS Hospital Arrival Time,,,,,,,1,
2022,8,80690,Colorado,2,2,0,0,0,3,3,5,ARAPAHOE (5),110,AURORA,24,24,12,December,2022,7,Saturday,20,8:00pm-8:59pm,30,30,0,This section IS NOT on the NHS,2,Urban,5,Major Collector,4,City or Municipal Highway Agency,6,Local Street - Municipality,S ABILENE ST,E JEWELL AVE,0,None,39.68200000,39.68200000,-104.828277780,-104.82827778,0,No Special Jurisdiction,12,Motor Vehicle In-Transport,6,Angle,0,No,2,Intersection,3,T-Intersection,0,None,,,1,On Roadway,3,Dark - Lighted,,,,,1,Clear,0,No,0000000,Not Applicable,20,8:00pm-8:59pm,35,35,20,8:00pm-8:59pm,36,36,20,8:00pm-8:59pm,51,51,,,,,,,1,
2022,8,80691,Colorado,1,1,0,1,1,1,1,31,DENVER (31),600,DENVER,9,9,12,December,2022,6,Friday,20,8:00pm-8:59pm,31,31,1,This section IS ON the NHS,2,Urban,3,Principal Arterial - Other,1,State Highway Agency,3,State Highway,SR-95   N SHERIDAN BLVD,W 38TH AVE,80,80,39.76923056,39.76923056,-105.053186110,-105.05318611,0,No Special Jurisdiction,9,Pedalcyclist,0,The First Harmful Event was Not a Collision with a Motor Vehicle in Transport,0,No,3,Intersection-Related,2,Four-Way Intersection,0,None,,,1,On Roadway,3,Dark - Lighted,,,,,1,Clear,0,No,0000000,Not Applicable,20,8:00pm-8:59pm,32,32,20,8:00pm-8:59pm,35,35,88,"Not Applicable (Not Transported) ",88,Not Applicable (Not Transported),,,,,,,1,
2022,8,80692,Colorado,2,2,0,0,0,3,3,5,ARAPAHOE (5),110,AURORA,20,20,6,June,2022,2,Monday,23,11:00pm-11:59pm,24,24,1,This section IS ON the NHS,2,Urban,3,Principal Arterial - Other,4,City or Municipal Highway Agency,6,Local Street - Municipality,S PEORIA ST,E ALAMEDA AVE,0,None,39.71127222,39.71127222,-104.847138890,-104.84713889,0,No Special Jurisdiction,12,Motor Vehicle In-Transport,6,Angle,0,No,2,Intersection,2,Four-Way Intersection,0,None,,,1,On Roadway,3,Dark - Lighted,,,,,1,Clear,0,No,0000000,Not Applicable,23,11:00pm-11:59pm,25,25,23,11:00pm-11:59pm,40,40,99,Unknown,99,Unknown EMS Hospital Arrival Time,,,,,,,1,
2022,8,80693,Colorado,3,3,0,0,0,5,5,1,ADAMS (1),110,AURORA,16,16,7,July,2022,7,Saturday,11,11:00am-11:59am,52,52,1,This section IS ON the NHS,2,Urban,3,Principal Arterial - Other,4,City or Municipal Highway Agency,6,Local Street - Municipality,N AIRPORT RD,E 40TH AVE,0,None,39.77273333,39.77273333,-104.789888890,-104.78988889,0,No Special Jurisdiction,12,Motor Vehicle In-Transport,6,Angle,1,Yes,2,Intersection,2,Four-Way Intersection,0,None,,,1,On Roadway,1,Daylight,,,,,1,Clear,0,No,0000000,Not Applicable,11,11:00am-11:59am,52,52,11,11:00am-11:59am,55,55,99,Unknown,99,Unknown EMS Hospital Arrival Time,,,,,,,1,
2022,8,80694,Colorado,1,1,0,1,1,1,1,5,ARAPAHOE (5),110,AURORA,21,21,9,September,2022,4,Wednesday,20,8:00pm-8:59pm,13,13,1,This section IS ON the NHS,2,Urban,3,Principal Arterial - Other,4,City or Municipal Highway Agency,6,Local Street - Municipality,N CHAMBERS RD,E 12TH AVE,0,None,39.73575556,39.73575556,-104.809972220,-104.80997222,0,No Special Jurisdiction,8,Pedestrian,0,The First Harmful Event was Not a Collision with a Motor Vehicle in Transport,0,No,3,Intersection-Related,2,Four-Way Intersection,0,None,,,1,On Roadway,3,Dark - Lighted,,,,,2,Rain,0,No,0000000,Not Applicable,20,8:00pm-8:59pm,13,13,20,8:00pm-8:59pm,17,17,20,8:00pm-8:59pm,26,26,,,,,,,1,
2022,8,80695,Colorado,2,2,0,0,0,3,3,77,MESA (77),1040,GRAND JUNCTION,23,23,10,October,2022,1,Sunday,18,6:00pm-6:59pm,4,4,1,This section IS ON the NHS,2,Urban,3,Principal Arterial - Other,1,State Highway Agency,2,U.S. Highway,US-50,,331,331,39.04688333,39.04688333,-108.563111110,-108.56311111,0,No Special Jurisdiction,12,Motor Vehicle In-Transport,6,Angle,0,No,8,Driveway Access Related,1,Not an Intersection,0,None,,,1,On Roadway,5,Dusk,,,,,2,Rain,0,No,0000000,Not Applicable,18,6:00pm-6:59pm,4,4,18,6:00pm-6:59pm,12,12,99,Unknown,99,Unknown EMS Hospital Arrival Time,,,,,,,1,
2022,8,80696,Colorado,1,1,0,1,1,1,1,117,SUMMIT (117),930,FRISCO,6,6,12,December,2022,3,Tuesday,20,8:00pm-8:59pm,12,12,1,This section IS ON the NHS,2,Urban,3,Principal Arterial - Other,1,State Highway Agency,3,State Highway,SR-9   N SUMMIT BLVD,,966,966,39.58527778,39.58527778,-106.094444440,-106.09444444,0,No Special Jurisdiction,8,Pedestrian,0,The First Harmful Event was Not a Collision with a Motor Vehicle in Transport,0,No,1,Non-Junction,1,Not an Intersection,0,None,,,1,On Roadway,2,Dark - Not Lighted,,,,,1,Clear,0,No,0000000,Not Applicable,20,8:00pm-8:59pm,12,12,20,8:00pm-8:59pm,14,14,20,8:00pm-8:59pm,30,30,,,,,,,1,
2022,8,80697,Colorado,1,1,0,2,2,1,1,31,DENVER (31),600,DENVER,12,12,11,November,2022,7,Saturday,4,4:00am-4:59am,26,26,0,This section IS NOT on the NHS,2,Urban,4,Minor Arterial,4,City or Municipal Highway Agency,6,Local Street - Municipality,15TH ST,STOUT ST,0,None,39.74496667,39.74496667,-104.994388890,-104.99438889,0,No Special Jurisdiction,8,Pedestrian,0,The First Harmful Event was Not a Collision with a Motor Vehicle in Transport,0,No,3,Intersection-Related,2,Four-Way Intersection,0,None,,,1,On Roadway,3,Dark - Lighted,,,,,1,Clear,0,No,0000000,Not Applicable,4,4:00am-4:59am,26,26,4,4:00am-4:59am,30,30,4,4:00am-4:59am,45,45,,,,,,,1,
2022,8,80698,Colorado,1,1,0,1,1,1,1,31,DENVER (31),600,DENVER,18,18,6,June,2022,7,Saturday,0,0:00am-0:59am,30,30,1,This section IS ON the NHS,2,Urban,3,Principal Arterial - Other,1,State Highway Agency,3,State Highway,SR-2   N COLORADO BLVD,,60,60,39.74033889,39.74033889,-104.940602780,-104.94060278,0,No Special Jurisdiction,8,Pedestrian,0,The First Harmful Event was Not a Collision with a Motor Vehicle in Transport,0,No,1,Non-Junction,1,Not an Intersection,0,None,,,1,On Roadway,3,Dark - Lighted,,,,,1,Clear,0,No,0000000,Not Applicable,0,0:00am-0:59am,30,30,0,0:00am-0:59am,33,33,0,0:00am-0:59am,45,45,,,,,,,1,
2022,8,80699,Colorado,1,1,0,0,0,2,2,9,BACA (9),2350,SPRINGFIELD,29,29,5,May,2022,1,Sunday,5,5:00am-5:59am,41,41,0,This section IS NOT on the NHS,1,Rural,7,Local,3,Town or Township Highway Agency,5,Local Street - Township,TREVOR WAY,TY ROAD,0,None,37.38986111,37.38986111,-102.614138890,-102.61413889,0,No Special Jurisdiction,1,Rollover/Overturn,0,The First Harmful Event was Not a Collision with a Motor Vehicle in Transport,0,No,3,Intersection-Related,10,L-Intersection,0,None,,,4,On Roadside,4,Dawn,,,,,1,Clear,0,No,0000000,Not Applicable,5,5:00am-5:59am,43,43,6,6:00am-6:59am,12,12,99,Unknown,99,Unknown EMS Hospital Arrival Time,,,,,,,1,
2022,8,80700,Colorado,2,2,0,0,0,2,2,69,LARIMER (69),860,FORT COLLINS,26,26,9,September,2022,2,Monday,13,1:00pm-1:59pm,59,59,0,This section IS NOT on the NHS,2,Urban,4,Minor Arterial,4,City or Municipal Highway Agency,6,Local Street - Municipality,E MULBERRY ST,PETERSON ST,0,None,40.58143611,40.58143611,-105.071944440,-105.07194444,0,No Special Jurisdiction,12,Motor Vehicle In-Transport,6,Angle,0,No,2,Intersection,2,Four-Way Intersection,0,None,,,1,On Roadway,1,Daylight,,,,,1,Clear,0,No,0000000,Not Applicable,13,1:00pm-1:59pm,59,59,14,2:00pm-2:59pm,1,1,88,"Not Applicable (Not Transported) ",88,Not Applicable (Not Transported),,,,,,,1,
2022,8,80701,Colorado,1,1,0,0,0,4,4,31,DENVER (31),600,DENVER,13,13,11,November,2022,1,Sunday,4,4:00am-4:59am,51,51,1,This section IS ON the NHS,2,Urban,2,Principal Arterial - Other Freeways and Expressways,1,State Highway Agency,2,U.S. Highway,US-85   S SANTA FE DR,,2095,2095,39.69040000,39.69040000,-104.992327780,-104.99232778,0,No Special Jurisdiction,33,Curb,0,The First Harmful Event was Not a Collision with a Motor Vehicle in Transport,0,No,1,Non-Junction,1,Not an Intersection,0,None,,,4,On Roadside,3,Dark - Lighted,,,,,1,Clear,0,No,0000000,Not Applicable,4,4:00am-4:59am,53,53,5,5:00am-5:59am,6,6,99,Unknown,99,Unknown EMS Hospital Arrival Time,,,,,,,1,
2022,8,80702,Colorado,1,1,0,0,0,1,1,85,MONTROSE (85),1700,MONTROSE,20,20,12,December,2022,3,Tuesday,22,10:00pm-10:59pm,0,0,0,This section IS NOT on the NHS,2,Urban,5,Major Collector,4,City or Municipal Highway Agency,6,Local Street - Municipality,6450 ROAD,,0,None,38.48970000,38.48970000,-107.884558330,-107.88455833,0,No Special Jurisdiction,17,Boulder,0,The First Harmful Event was Not a Collision with a Motor Vehicle in Transport,0,No,1,Non-Junction,1,Not an Intersection,0,None,,,4,On Roadside,2,Dark - Not Lighted,,,,,1,Clear,0,No,0000000,Not Applicable,22,10:00pm-10:59pm,2,2,22,10:00pm-10:59pm,6,6,22,10:00pm-10:59pm,14,14,,,,,,,1,
2023,8,80001,Colorado,1,1,0,1,1,1,1,41,EL PASO (41),0,NOT APPLICABLE,1,1,1,January,2023,1,Sunday,3,3:00am-3:59am,1,1,0,This Section IS NOT on the NHS,2,Urban,4,Minor Arterial,2,County Highway Agency,4,County,CR-FONTAINE BLVD,,0,None,38.73736944,38.73736944,-104.706236110,-104.70623611,0,No Special Jurisdiction,9,Pedalcyclist,0,The First Harmful Event was Not a Collision with a Motor Vehicle in Transport,0,No,1,Non-Junction,1,Not an Intersection,0,None,,,3,On Median,2,Dark - Not Lighted,,,,,1,Clear,0,No,0000000,Not Applicable,99,Unknown,99,Unknown,99,Unknown EMS Scene Arrival Hour,99,Unknown EMS Scene Arrival Minutes,88,"Not Applicable (Not Transported) ",88,Not Applicable (Not Transported),,,,,,,1,
2023,8,80002,Colorado,1,1,0,1,1,3,3,41,EL PASO (41),0,NOT APPLICABLE,2,2,1,January,2023,2,Monday,21,9:00pm-9:59pm,49,49,0,This Section IS NOT on the NHS,2,Urban,4,Minor Arterial,1,State Highway Agency,2,U.S. Highway,US-85,,1355,1355,38.76863333,38.76863333,-104.761583330,-104.76158333,0,No Special Jurisdiction,8,Pedestrian,0,The First Harmful Event was Not a Collision with a Motor Vehicle in Transport,1,Yes,18,Through Roadway,1,Not an Intersection,0,None,,,1,On Roadway,3,Dark - Lighted,,,,,10,Cloudy,0,No,0000000,Not Applicable,99,Unknown,99,Unknown,99,Unknown EMS Scene Arrival Hour,99,Unknown EMS Scene Arrival Minutes,88,"Not Applicable (Not Transported) ",88,Not Applicable (Not Transported),,,,,,,1,
2023,8,80003,Colorado,2,2,0,0,0,1,1,31,DENVER (31),600,DENVER,3,3,1,January,2023,3,Tuesday,1,1:00am-1:59am,28,28,1,This Section IS ON the NHS,2,Urban,1,Interstate,1,State Highway Agency,1,Interstate,I-25,,1999,1999,39.63058611,39.63058611,-104.905233330,-104.90523333,0,No Special Jurisdiction,12,Motor Vehicle In-Transport,9,Rear-to-Side,1,Yes,18,Through Roadway,1,Not an Intersection,0,None,,,1,On Roadway,3,Dark - Lighted,,,,,1,Clear,0,No,0000000,Not Applicable,1,1:00am-1:59am,28,28,1,1:00am-1:59am,35,35,88,"Not Applicable (Not Transported) ",88,Not Applicable (Not Transported),,,,,,,1,
2023,8,80004,Colorado,2,2,0,0,0,4,4,31,DENVER (31),600,DENVER,4,4,1,January,2023,4,Wednesday,19,7:00pm-7:59pm,40,40,1,This Section IS ON the NHS,2,Urban,3,Other Principal Arterial,1,State Highway Agency,3,State Highway,SR-2   N COLORADO BLVD,E 23RD AVE,67,67,39.75107778,39.75107778,-104.940766670,-104.94076667,0,No Special Jurisdiction,12,Motor Vehicle In-Transport,6,Angle,0,No,2,Intersection,2,Four-Way Intersection,0,None,,,1,On Roadway,3,Dark - Lighted,,,,,1,Clear,0,No,0000000,Not Applicable,99,Unknown,99,Unknown,99,Unknown EMS Scene Arrival Hour,99,Unknown EMS Scene Arrival Minutes,99,Unknown,99,Unknown EMS Hospital Arrival Time,,,,,,,1,
2023,8,80005,Colorado,2,2,0,1,1,4,4,1,ADAMS (1),2427,THORNTON,1,1,1,January,2023,1,Sunday,0,0:00am-0:59am,35,35,1,This Section IS ON the NHS,2,Urban,1,Interstate,1,State Highway Agency,1,Interstate,I-25,,2274,2274,39.97580278,39.97580278,-104.988002780,-104.98800278,0,No Special Jurisdiction,8,Pedestrian,0,The First Harmful Event was Not a Collision with a Motor Vehicle in Transport,1,Yes,18,Through Roadway,1,Not an Intersection,0,None,,,1,On Roadway,3,Dark - Lighted,,,,,1,Clear,0,No,0000000,Not Applicable,99,Unknown,99,Unknown,99,Unknown EMS Scene Arrival Hour,99,Unknown EMS Scene Arrival Minutes,88,"Not Applicable (Not Transported) ",88,Not Applicable (Not Transported),,,,,,,1,
2023,8,80006,Colorado,2,2,0,0,0,2,2,1,ADAMS (1),0,NOT APPLICABLE,7,7,1,January,2023,7,Saturday,3,3:00am-3:59am,10,10,1,This Section IS ON the NHS,2,Urban,3,Other Principal Arterial,1,State Highway Agency,3,State Highway,SR-95,I-76 RAMP D,100,100,39.79723333,39.79723333,-105.053088890,-105.05308889,0,No Special Jurisdiction,12,Motor Vehicle In-Transport,6,Angle,1,Yes,2,Intersection,2,Four-Way Intersection,0,None,,,1,On Roadway,3,Dark - Lighted,,,,,1,Clear,0,No,0000000,Not Applicable,99,Unknown,99,Unknown,99,Unknown EMS Scene Arrival Hour,99,Unknown EMS Scene Arrival Minutes,88,"Not Applicable (Not Transported) ",88,Not Applicable (Not Transported),,,,,,,1,