caseyear,state,st_case,statename,ve_total,ve_forms,pvh_invl,peds,pernotmvit,permvit,persons,county,countyname,city,cityname,day,dayname,month,monthname,year,day_week,day_weekname,hour,hourname,minute,minutename,nhs,nhsname,rur_urb,rur_urbname,func_sys,func_sysname,rd_owner,rd_ownername,route,routename,tway_id,tway_id2,milept,mileptname,latitude,latitudename,longitud,longitudname,sp_jur,sp_jurname,harm_ev,harm_evname,man_coll,man_collname,reljct1,reljct1name,reljct2,reljct2name,typ_int,typ_intname,wrk_zone,wrk_zonename,road_fnc,road_fncname,rel_road,rel_roadname,lgt_cond,lgt_condname,weather1,weather1name,weather2,weather2name,weather,weathername,sch_bus,sch_busname,rail,railname,not_hour,not_hourname,not_min,not_minname,arr_hour,arr_hourname,arr_min,arr_minname,hosp_hr,hosp_hrname,hosp_mn,hosp_mnname,cf1,cf1name,cf2,cf2name,cf3,cf3name,fatals,drunk_dr
2023,8,80045,Colorado,1,1,0,0,0,1,1,41,EL PASO (41),0,NOT APPLICABLE,8,8,2,February,2023,4,Wednesday,17,5:00pm-5:59pm,59,59,1,This Section IS ON the NHS,2,Urban,3,Other Principal Arterial,1,State Highway Agency,3,State Highway,SR-115,,418,418,38.73430556,38.73430556,-104.809469440,-104.80946944,0,No Special Jurisdiction,59,"Traffic Sign Support ",0,The First Harmful Event was Not a Collision with a Motor Vehicle in Transport,0,No,1,Non-Junction,1,Not an Intersection,0,None,,,4,On Roadside,5,Dusk,,,,,1,Clear,0,No,0000000,Not Applicable,99,Unknown,99,Unknown,99,Unknown EMS Scene Arrival Hour,99,Unknown EMS Scene Arrival Minutes,88,"Not Applicable (Not Transported) ",88,Not Applicable (Not Transported),,,,,,,1,
2023,8,80046,Colorado,2,1,1,0,0,1,1,95,PHILLIPS (95),0,NOT APPLICABLE,8,8,2,February,2023,4,Wednesday,18,6:00pm-6:59pm,34,34,1,This Section IS ON the NHS,1,Rural,3,Other Principal Arterial,1,State Highway Agency,2,U.S. Highway,US-385,,2825,2825,40.62970000,40.62970000,-102.301508330,-102.30150833,0,No Special Jurisdiction,45,"Working Motor Vehicle ",0,The First Harmful Event was Not a Collision with a Motor Vehicle in Transport,0,No,1,Non-Junction,1,Not an Intersection,0,None,,,1,On Roadway,2,Dark - Not Lighted,,,,,1,Clear,0,No,0000000,Not Applicable,18,6:00pm-6:59pm,41,41,18,6:00pm-6:59pm,56,56,88,"Not Applicable (Not Transported) ",88,Not Applicable (Not Transported),,,,,,,1,
2023,8,80047,Colorado,2,2,0,0,0,5,5,41,EL PASO (41),0,NOT APPLICABLE,9,9,2,February,2023,5,Thursday,18,6:00pm-6:59pm,35,35,1,This Section IS ON the NHS,1,Rural,3,Other Principal Arterial,1,State Highway Agency,2,U.S. Highway,US-24,,3363,3363,39.02626667,39.02626667,-104.358391670,-104.35839167,0,No Special Jurisdiction,12,Motor Vehicle In-Transport,2,Front-to-Front,0,No,1,Non-Junction,1,Not an Intersection,0,None,,,1,On Roadway,2,Dark - Not Lighted,,,,,4,Snow,0,No,0000000,Not Applicable,99,Unknown,99,Unknown,99,Unknown EMS Scene Arrival Hour,99,Unknown EMS Scene Arrival Minutes,99,Unknown,99,Unknown EMS Hospital Arrival Time,,,,,,,1,
2023,8,80048,Colorado,2,2,0,0,0,2,2,69,LARIMER (69),0,NOT APPLICABLE,9,9,2,February,2023,5,Thursday,2,2:00am-2:59am,20,20,1,This Section IS ON the NHS,2,Urban,3,Other Principal Arterial,1,State Highway Agency,2,U.S. Highway,US-287,,3390,3390,40.47754722,40.47754722,-105.077527780,-105.07752778,0,No Special Jurisdiction,12,Motor Vehicle In-Transport,1,Front-to-Rear,0,No,1,Non-Junction,1,Not an Intersection,0,None,,,1,On Roadway,2,Dark - Not Lighted,,,,,1,Clear,0,No,0000000,Not Applicable,2,2:00am-2:59am,20,20,2,2:00am-2:59am,29,29,88,"Not Applicable (Not Transported) ",88,Not Applicable (Not Transported),,,,,,,1,
2023,8,80049,Colorado,2,1,1,0,1,2,3,73,LINCOLN (73),0,NOT APPLICABLE,9,9,2,February,2023,5,Thursday,13,1:00pm-1:59pm,2,2,1,This Section IS ON the NHS,1,Rural,1,Interstate,1,State Highway Agency,1,Interstate,I-70,,3643,3643,39.26703056,39.26703056,-103.622891670,-103.62289167,0,No Special Jurisdiction,14,Parked Motor Vehicle,0,The First Harmful Event was Not a Collision with a Motor Vehicle in Transport,0,No,1,Non-Junction,1,Not an Intersection,0,None,,,3,On Median,1,Daylight,,,,,11,Blowing Snow,0,No,0000000,Not Applicable,13,1:00pm-1:59pm,5,5,13,1:00pm-1:59pm,29,29,14,2:00pm-2:59pm,15,15,,,,,,,1,
2023,8,80050,Colorado,1,1,0,0,0,1,1,41,EL PASO (41),0,NOT APPLICABLE,3,3,2,February,2023,6,Friday,23,11:00pm-11:59pm,7,7,1,This Section IS ON the NHS,2,Urban,3,Other Principal Arterial,2,County Highway Agency,4,County,CR-MARKSHEFFEL RD,,0,None,38.84981944,38.84981944,-104.682363890,-104.68236389,0,No Special Jurisdiction,33,Curb,0,The First Harmful Event was Not a Collision with a Motor Vehicle in Transport,0,No,1,Non-Junction,1,Not an Intersection,0,None,,,4,On Roadside,2,Dark - Not Lighted,,,,,1,Clear,0,No,0000000,Not Applicable,18,6:00pm-6:59pm,39,39,99,Unknown EMS Scene Arrival Hour,99,Unknown EMS Scene Arrival Minutes,88,"Not Applicable (Not Transported) ",88,Not Applicable (Not Transported),,,,,,,1,
2023,8,80051,Colorado,2,2,0,0,0,9,9,41,EL PASO (41),430,COLORADO SPRINGS,5,5,2,February,2023,1,Sunday,1,1:00am-1:59am,23,23,1,This Section IS ON the NHS,2,Urban,3,Other Principal Arterial,4,City or Municipal Highway Agency,6,Municipal,MU-N ACADEMY BLVD,MU-PALMER PARK BLVD,0,None,38.85432500,38.85432500,-104.756491670,-104.75649167,0,No Special Jurisdiction,12,Motor Vehicle In-Transport,6,Angle,0,No,2,Intersection,2,Four-Way Intersection,0,None,,,1,On Roadway,3,Dark - Lighted,,,,,1,Clear,0,No,0000000,Not Applicable,1,1:00am-1:59am,27,27,1,1:00am-1:59am,27,27,99,Unknown,99,Unknown EMS Hospital Arrival Time,,,,,,,1,
2023,8,80052,Colorado,2,2,0,0,0,3,3,107,ROUTT (107),0,NOT APPLICABLE,6,6,2,February,2023,2,Monday,15,3:00pm-3:59pm,5,5,1,This Section IS ON the NHS,1,Rural,3,Other Principal Arterial,1,State Highway Agency,2,U.S. Highway,US-40,,1243,1243,40.48734167,40.48734167,-106.967344440,-106.96734444,0,No Special Jurisdiction,12,Motor Vehicle In-Transport,2,Front-to-Front,0,No,1,Non-Junction,1,Not an Intersection,0,None,,,1,On Roadway,1,Daylight,,,,,10,Cloudy,0,No,0000000,Not Applicable,99,Unknown,99,Unknown,99,Unknown EMS Scene Arrival Hour,99,Unknown EMS Scene Arrival Minutes,99,Unknown,99,Unknown EMS Hospital Arrival Time,,,,,,,1,
2023,8,80053,Colorado,1,1,0,0,0,1,1,41,EL PASO (41),430,COLORADO SPRINGS,6,6,2,February,2023,2,Monday,20,8:00pm-8:59pm,56,56,1,This Section IS ON the NHS,2,Urban,3,Other Principal Arterial,4,City or Municipal Highway Agency,6,Municipal,MU-N ACADEMY BLVD,,0,None,38.90027778,38.90027778,-104.764844440,-104.76484444,0,No Special Jurisdiction,33,Curb,0,The First Harmful Event was Not a Collision with a Motor Vehicle in Transport,0,No,1,Non-Junction,1,Not an Intersection,0,None,,,4,On Roadside,3,Dark - Lighted,,,,,1,Clear,0,No,0000000,Not Applicable,21,9:00pm-9:59pm,0,0,21,9:00pm-9:59pm,8,8,88,"Not Applicable (Not Transported) ",88,Not Applicable (Not Transported),,,,,,,1,
2023,8,80054,Colorado,2,2,0,0,0,3,3,123,WELD (123),0,NOT APPLICABLE,11,11,2,February,2023,7,Saturday,2,2:00am-2:59am,10,10,1,This Section IS ON the NHS,2,Urban,2,Other Freeways and Expressways,1,State Highway Agency,2,U.S. Highway,US-85,,2719,2719,40.47258889,40.47258889,-104.697966670,-104.69796667,0,No Special Jurisdiction,12,Motor Vehicle In-Transport,1,Front-to-Rear,0,No,1,Non-Junction,1,Not an Intersection,0,None,,,1,On Roadway,2,Dark - Not Lighted,,,,,1,Clear,0,No,0000000,Not Applicable,99,Unknown,99,Unknown,99,Unknown EMS Scene Arrival Hour,99,Unknown EMS Scene Arrival Minutes,99,Unknown,99,Unknown EMS Hospital Arrival Time,,,,,,,1,
2023,8,80055,Colorado,1,1,0,0,0,1,1,1,ADAMS (1),434,COMMERCE CITY,13,13,2,February,2023,2,Monday,1,1:00am-1:59am,33,33,1,This Section IS ON the NHS,2,Urban,1,Interstate,1,State Highway Agency,1,Interstate,I-270,,27,27,39.79633333,39.79633333,-104.928088890,-104.92808889,0,No Special Jurisdiction,57,Cable Barrier,0,The First Harmful Event was Not a Collision with a Motor Vehicle in Transport,0,No,1,Non-Junction,1,Not an Intersection,0,None,,,3,On Median,3,Dark - Lighted,,,,,1,Clear,0,No,0000000,Not Applicable,1,1:00am-1:59am,33,33,1,1:00am-1:59am,42,42,88,"Not Applicable (Not Transported) ",88,Not Applicable (Not Transported),,,,,,,1,
2023,8,80056,Colorado,1,1,0,1,1,1,1,41,EL PASO (41),430,COLORADO SPRINGS,4,4,2,February,2023,7,Saturday,7,7:00am-7:59am,56,56,1,This Section IS ON the NHS,2,Urban,3,Other Principal Arterial,1,State Highway Agency,3,State Highway,SR-115   S NEVADA AVE,MU-E CHEYENNE RD,469,469,38.80683333,38.80683333,-104.822205560,-104.82220556,0,No Special Jurisdiction,8,Pedestrian,0,The First Harmful Event was Not a Collision with a Motor Vehicle in Transport,0,No,3,Intersection-Related,2,Four-Way Intersection,0,None,,,1,On Roadway,1,Daylight,,,,,1,Clear,0,No,0000000,Not Applicable,7,7:00am-7:59am,56,56,8,8:00am-8:59am,0,0,8,8:00am-8:59am,15,15,,,,,,,1,
2023,8,80057,Colorado,3,3,0,1,1,3,3,41,EL PASO (41),430,COLORADO SPRINGS,8,8,2,February,2023,4,Wednesday,5,5:00am-5:59am,31,31,1,This Section IS ON the NHS,2,Urban,3,Other Principal Arterial,1,State Highway Agency,2,U.S. Highway,US-24   E FOUNTAIN BLVD,MU-JET WING DR,3076,3076,38.80869167,38.80869167,-104.741494440,-104.74149444,0,No Special Jurisdiction,8,Pedestrian,0,The First Harmful Event was Not a Collision with a Motor Vehicle in Transport,0,No,3,Intersection-Related,2,Four-Way Intersection,0,None,,,1,On Roadway,3,Dark - Lighted,,,,,1,Clear,0,No,0000000,Not Applicable,5,5:00am-5:59am,40,40,5,5:00am-5:59am,42,42,88,"Not Applicable (Not Transported) ",88,Not Applicable (Not Transported),,,,,,,1,
2023,8,80058,Colorado,1,1,0,1,1,0,0,59,JEFFERSON (59),0,NOT APPLICABLE,14,14,2,February,2023,3,Tuesday,17,5:00pm-5:59pm,27,27,1,This Section IS ON the NHS,2,Urban,3,Other Principal Arterial,2,County Highway Agency,4,County,CR-S KIPLING PKWY,,0,None,39.59958889,39.59958889,-105.109966670,-105.10996667,0,No Special Jurisdiction,8,Pedestrian,0,The First Harmful Event was Not a Collision with a Motor Vehicle in Transport,0,No,1,Non-Junction,1,Not an Intersection,0,None,,,1,On Roadway,1,Daylight,,,,,1,Clear,0,No,0000000,Not Applicable,17,5:00pm-5:59pm,27,27,17,5:00pm-5:59pm,31,31,88,"Not Applicable (Not Transported) ",88,Not Applicable (Not Transported),,,,,,,1,
2023,8,80059,Colorado,4,4,0,0,0,5,5,13,BOULDER (13),0,NOT APPLICABLE,14,14,2,February,2023,3,Tuesday,9,9:00am-9:59am,11,11,1,This Section IS ON the NHS,2,Urban,3,Other Principal Arterial,1,State Highway Agency,3,State Highway,SR-93,,149,149,39.97074722,39.97074722,-105.236969440,-105.23696944,0,No Special Jurisdiction,12,Motor Vehicle In-Transport,8,Sideswipe - Opposite Direction,0,No,1,Non-Junction,1,Not an Intersection,0,None,,,1,On Roadway,1,Daylight,,,,,98,Not Reported,0,No,0000000,Not Applicable,9,9:00am-9:59am,11,11,9,9:00am-9:59am,16,16,99,Unknown,99,Unknown EMS Hospital Arrival Time,,,,,,,1,
2023,8,80060,Colorado,2,2,0,0,0,3,3,41,EL PASO (41),430,COLORADO SPRINGS,11,11,2,February,2023,7,Saturday,13,1:00pm-1:59pm,38,38,1,This Section IS ON the NHS,2,Urban,3,Other Principal Arterial,4,City or Municipal Highway Agency,6,Municipal,MU-N CIRCLE DR,MU-PRAIRIE RD,0,None,38.86956667,38.86956667,-104.786555560,-104.78655556,0,No Special Jurisdiction,12,Motor Vehicle In-Transport,6,Angle,0,No,2,Intersection,3,T-Intersection,0,None,,,1,On Roadway,1,Daylight,,,,,10,Cloudy,0,No,0000000,Not Applicable,13,1:00pm-1:59pm,38,38,13,1:00pm-1:59pm,43,43,88,"Not Applicable (Not Transported) ",88,Not Applicable (Not Transported),,,,,,,1,
2023,8,80061,Colorado,1,1,0,1,1,1,1,31,DENVER (31),600,DENVER,8,8,2,February,2023,4,Wednesday,18,6:00pm-6:59pm,13,13,1,This Section IS ON the NHS,2,Urban,3,Other Principal Arterial,1,State Highway Agency,3,State Highway,SR-88   N FEDERAL BLVD,,2,2,39.73750000,39.73750000,-105.025322220,-105.02532222,0,No Special Jurisdiction,8,Pedestrian,0,The First Harmful Event was Not a Collision with a Motor Vehicle in Transport,0,No,1,Non-Junction,1,Not an Intersection,0,None,,,1,On Roadway,3,Dark - Lighted,,,,,1,Clear,0,No,0000000,Not Applicable,18,6:00pm-6:59pm,16,16,18,6:00pm-6:59pm,22,22,18,6:00pm-6:59pm,31,31,,,,,,,1,
2023,8,80062,Colorado,1,1,0,1,1,1,1,5,ARAPAHOE (5),345,CENTENNIAL,14,14,2,February,2023,3,Tuesday,18,6:00pm-6:59pm,49,49,0,This Section IS NOT on the NHS,2,Urban,7,Local,4,City or Municipal Highway Agency,6,Municipal,MU-S PICADILLY RD,MU-S NETHERLAND ST,0,None,39.61666667,39.61666667,-104.740961110,-104.74096111,0,No Special Jurisdiction,8,Pedestrian,0,The First Harmful Event was Not a Collision with a Motor Vehicle in Transport,0,No,3,Intersection-Related,3,T-Intersection,0,None,,,1,On Roadway,2,Dark - Not Lighted,,,,,10,Cloudy,0,No,0000000,Not Applicable,18,6:00pm-6:59pm,50,50,18,6:00pm-6:59pm,55,55,88,"Not Applicable (Not Transported) ",88,Not Applicable (Not Transported),,,,,,,1,
2023,8,80063,Colorado,1,1,0,0,0,1,1,123,WELD (123),0,NOT APPLICABLE,14,14,2,February,2023,3,Tuesday,23,11:00pm-11:59pm,59,59,0,This Section IS NOT on the NHS,1,Rural,5,Major Collector,2,County Highway Agency,4,County,CR-54,,0,None,40.37782222,40.37782222,-104.920405560,-104.92040556,0,No Special Jurisdiction,38,Fence,0,The First Harmful Event was Not a Collision with a Motor Vehicle in Transport,0,No,1,Non-Junction,1,Not an Intersection,0,None,,,5,Outside Trafficway,2,Dark - Not Lighted,,,,,10,Cloudy,0,No,0000000,Not Applicable,14,2:00pm-2:59pm,12,12,14,2:00pm-2:59pm,23,23,88,"Not Applicable (Not Transported) ",88,Not Applicable (Not Transported),,,,,,,1,
2023,8,80064,Colorado,2,2,0,0,0,4,4,39,ELBERT (39),0,NOT APPLICABLE,16,16,2,February,2023,5,Thursday,19,7:00pm-7:59pm,21,21,1,This Section IS ON the NHS,1,Rural,1,Interstate,1,State Highway Agency,1,Interstate,I-70,,3571,3571,39.27712778,39.27712778,-103.751461110,-103.75146111,0,No Special Jurisdiction,12,Motor Vehicle In-Transport,1,Front-to-Rear,0,No,1,Non-Junction,1,Not an Intersection,0,None,,,1,On Roadway,2,Dark - Not Lighted,,,,,1,Clear,0,No,0000000,Not Applicable,99,Unknown,99,Unknown,99,Unknown EMS Scene Arrival Hour,99,Unknown EMS Scene Arrival Minutes,99,Unknown,99,Unknown EMS Hospital Arrival Time,,,,,,,2,
2023,8,80065,Colorado,1,1,0,1,1,1,1,5,ARAPAHOE (5),380,CHERRY HILLS VILLAGE,21,21,2,February,2023,3,Tuesday,23,11:00pm-11:59pm,17,17,1,This Section IS ON the NHS,2,Urban,3,Other Principal Arterial,1,State Highway Agency,2,U.S. Highway,US-285   E HAMPDEN AVE,SR-177   S UNIVERSITY BLVD,2617,2617,39.65293333,39.65293333,-104.959133330,-104.95913333,0,No Special Jurisdiction,8,Pedestrian,0,The First Harmful Event was Not a Collision with a Motor Vehicle in Transport,0,No,3,Intersection-Related,2,Four-Way Intersection,0,None,,,1,On Roadway,3,Dark - Lighted,,,,,10,Cloudy,0,No,0000000,Not Applicable,23,11:00pm-11:59pm,17,17,99,Unknown EMS Scene Arrival Hour,99,Unknown EMS Scene Arrival Minutes,88,"Not Applicable (Not Transported) ",88,Not Applicable (Not Transported),,,,,,,1,
2023,8,80066,Colorado,1,1,0,2,2,4,4,5,ARAPAHOE (5),110,AURORA,1,1,2,February,2023,4,Wednesday,20,8:00pm-8:59pm,29,29,1,This Section IS ON the NHS,2,Urban,3,Other Principal Arterial,1,State Highway Agency,2,U.S. Highway,US-40   E COLFAX AVE,MU-N MOLINE ST,3052,3052,39.74008333,39.74008333,-104.854172220,-104.85417222,0,No Special Jurisdiction,8,Pedestrian,0,The First Harmful Event was Not a Collision with a Motor Vehicle in Transport,0,No,3,Intersection-Related,2,Four-Way Intersection,0,None,,,1,On Roadway,3,Dark - Lighted,,,,,1,Clear,0,No,0000000,Not Applicable,20,8:00pm-8:59pm,29,29,20,8:00pm-8:59pm,34,34,20,8:00pm-8:59pm,38,38,,,,,,,1,
2023,8,80067,Colorado,3,3,0,0,0,4,4,107,ROUTT (107),0,NOT APPLICABLE,21,21,2,February,2023,3,Tuesday,16,4:00pm-4:59pm,47,47,1,This Section IS ON the NHS,1,Rural,3,Other Principal Arterial,1,State Highway Agency,2,U.S. Highway,US-40,,999,999,40.51361111,40.51361111,-107.390055560,-107.39005556,0,No Special Jurisdiction,12,Motor Vehicle In-Transport,2,Front-to-Front,0,No,1,Non-Junction,1,Not an Intersection,0,None,,,1,On Roadway,1,Daylight,,,,,2,Rain,0,No,0000000,Not Applicable,99,Unknown,99,Unknown,99,Unknown EMS Scene Arrival Hour,99,Unknown EMS Scene Arrival Minutes,99,Unknown,99,Unknown EMS Hospital Arrival Time,,,,,,,1,
2023,8,80068,Colorado,2,2,0,0,0,5,5,57,JACKSON (57),0,NOT APPLICABLE,23,23,2,February,2023,5,Thursday,8,8:00am-8:59am,20,20,0,This Section IS NOT on the NHS,1,Rural,4,Minor Arterial,1,State Highway Agency,3,State Highway,SR-127,,81,81,40.98833333,40.98833333,-106.219316670,-106.21931667,0,No Special Jurisdiction,12,Motor Vehicle In-Transport,8,Sideswipe - Opposite Direction,0,No,1,Non-Junction,1,Not an Intersection,0,None,,,1,On Roadway,1,Daylight,,,,,11,Blowing Snow,0,No,0000000,Not Applicable,99,Unknown,99,Unknown,99,Unknown EMS Scene Arrival Hour,99,Unknown EMS Scene Arrival Minutes,99,Unknown,99,Unknown EMS Hospital Arrival Time,,,,,,,2,
2023,8,80069,Colorado,3,3,0,0,0,5,5,41,EL PASO (41),430,COLORADO SPRINGS,11,11,2,February,2023,7,Saturday,17,5:00pm-5:59pm,55,55,1,This Section IS ON the NHS,2,Urban,3,Other Principal Arterial,4,City or Municipal Highway Agency,6,Municipal,MU-BARNES RD,MU-ORO BLANCO DR,0,None,38.89690556,38.89690556,-104.738550000,-104.73855000,0,No Special Jurisdiction,12,Motor Vehicle In-Transport,2,Front-to-Front,0,No,2,Intersection,2,Four-Way Intersection,0,None,,,1,On Roadway,3,Dark - Lighted,,,,,1,Clear,0,No,0000000,Not Applicable,99,Unknown,99,Unknown,99,Unknown EMS Scene Arrival Hour,99,Unknown EMS Scene Arrival Minutes,99,Unknown,99,Unknown EMS Hospital Arrival Time,,,,,,,1,
2023,8,80070,Colorado,1,1,0,0,0,1,1,101,PUEBLO (101),2050,PUEBLO,16,16,2,February,2023,5,Thursday,6,6:00am-6:59am,19,19,1,This Section IS ON the NHS,2,Urban,1,Interstate,1,State Highway Agency,1,Interstate,I-25,,1035,1035,38.33696111,38.33696111,-104.619466670,-104.61946667,0,No Special Jurisdiction,57,Cable Barrier,0,The First Harmful Event was Not a Collision with a Motor Vehicle in Transport,1,Yes,19,Other location within Interchange Area,1,Not an Intersection,0,None,,,3,On Median,4,Dawn,,,,,1,Clear,0,No,0000000,Not Applicable,6,6:00am-6:59am,19,19,6,6:00am-6:59am,25,25,88,"Not Applicable (Not Transported) ",88,Not Applicable (Not Transported),,,,,,,1,
2023,8,80071,Colorado,1,1,0,0,0,1,1,101,PUEBLO (101),2052,PUEBLO WEST,19,19,2,February,2023,1,Sunday,2,2:00am-2:59am,0,0,0,This Section IS NOT on the NHS,2,Urban,4,Minor Arterial,4,City or Municipal Highway Agency,6,Municipal,MU-S MCCULLOCH BLVD W,,0,None,38.31540556,38.31540556,-104.814336110,-104.81433611,0,No Special Jurisdiction,43,Other Fixed Object,0,The First Harmful Event was Not a Collision with a Motor Vehicle in Transport,0,No,1,Non-Junction,1,Not an Intersection,0,None,,,4,On Roadside,2,Dark - Not Lighted,,,,,1,Clear,0,No,0000000,Not Applicable,3,3:00am-3:59am,21,21,3,3:00am-3:59am,26,26,88,"Not Applicable (Not Transported) ",88,Not Applicable (Not Transported),,,,,,,1,
2023,8,80072,Colorado,2,2,0,0,0,3,3,59,JEFFERSON (59),1435,LAKEWOOD,19,19,2,February,2023,1,Sunday,18,6:00pm-6:59pm,43,43,1,This Section IS ON the NHS,2,Urban,2,Other Freeways and Expressways,1,State Highway Agency,2,U.S. Highway,US-6   W 6TH AVE,,2818,2818,39.72554444,39.72554444,-105.065044440,-105.06504444,0,No Special Jurisdiction,12,Motor Vehicle In-Transport,7,Sideswipe - Same Direction,0,No,1,Non-Junction,1,Not an Intersection,0,None,,,1,On Roadway,5,Dusk,,,,,1,Clear,0,No,0000000,Not Applicable,18,6:00pm-6:59pm,45,45,18,6:00pm-6:59pm,51,51,88,"Not Applicable (Not Transported) ",88,Not Applicable (Not Transported),,,,,,,1,
2023,8,80073,Colorado,2,2,0,0,0,2,2,41,EL PASO (41),430,COLORADO SPRINGS,21,21,2,February,2023,3,Tuesday,13,1:00pm-1:59pm,15,15,1,This Section IS ON the NHS,2,Urban,1,Interstate,1,State Highway Agency,1,Interstate,I-25,,1385,1385,38.80472222,38.80472222,-104.802150000,-104.80215000,0,No Special Jurisdiction,12,Motor Vehicle In-Transport,7,Sideswipe - Same Direction,1,Yes,18,Through Roadway,1,Not an Intersection,0,None,,,1,On Roadway,1,Daylight,,,,,1,Clear,0,No,0000000,Not Applicable,99,Unknown,99,Unknown,99,Unknown EMS Scene Arrival Hour,99,Unknown EMS Scene Arrival Minutes,88,"Not Applicable (Not Transported) ",88,Not Applicable (Not Transported),,,,,,,1,
2023,8,80074,Colorado,1,1,0,0,0,2,2,77,MESA (77),1040,GRAND JUNCTION,19,19,2,February,2023,1,Sunday,18,6:00pm-6:59pm,11,11,0,This Section IS NOT on the NHS,2,Urban,7,Local,98,Not Reported,0,Not Signed,I 70 N FRONTAGE RD,,7,7,39.10861111,39.10861111,-108.501436110,-108.50143611,0,No Special Jurisdiction,38,Fence,0,The First Harmful Event was Not a Collision with a Motor Vehicle in Transport,0,No,1,Non-Junction,1,Not an Intersection,0,None,,,10,Separator,2,Dark - Not Lighted,,,,,1,Clear,0,No,0000000,Not Applicable,18,6:00pm-6:59pm,11,11,18,6:00pm-6:59pm,18,18,19,7:00pm-7:59pm,2,2,,,,,,,1,
2023,8,80075,Colorado,1,1,0,0,0,3,3,77,MESA (77),1040,GRAND JUNCTION,28,28,2,February,2023,3,Tuesday,0,0:00am-0:59am,40,40,0,This Section IS NOT on the NHS,2,Urban,5,Major Collector,4,City or Municipal Highway Agency,6,Municipal,MU-E RD,,0,None,39.07728333,39.07728333,-108.492777780,-108.49277778,0,No Special Jurisdiction,38,Fence,0,The First Harmful Event was Not a Collision with a Motor Vehicle in Transport,0,No,1,Non-Junction,1,Not an Intersection,0,None,,,5,Outside Trafficway,2,Dark - Not Lighted,,,,,1,Clear,0,No,0000000,Not Applicable,0,0:00am-0:59am,43,43,0,0:00am-0:59am,52,52,99,Unknown,99,Unknown EMS Hospital Arrival Time,,,,,,,1,
2023,8,80076,Colorado,2,2,0,0,0,3,3,13,BOULDER (13),1390,LAFAYETTE,8,8,2,February,2023,4,Wednesday,23,11:00pm-11:59pm,53,53,1,This Section IS ON the NHS,2,Urban,3,Other Principal Arterial,1,State Highway Agency,3,State Highway,SR-7   ARAPAHOE RD,,596,596,40.01471111,40.01471111,-105.125555560,-105.12555556,0,No Special Jurisdiction,12,Motor Vehicle In-Transport,6,Angle,0,No,1,Non-Junction,1,Not an Intersection,0,None,,,1,On Roadway,2,Dark - Not Lighted,,,,,98,Not Reported,0,No,0000000,Not Applicable,99,Unknown,99,Unknown,99,Unknown EMS Scene Arrival Hour,99,Unknown EMS Scene Arrival Minutes,99,Unknown,99,Unknown EMS Hospital Arrival Time,,,,,,,1,
2023,8,80077,Colorado,1,1,0,1,1,1,1,123,WELD (123),1070,GREELEY,25,25,2,February,2023,7,Saturday,18,6:00pm-6:59pm,38,38,1,This Section IS ON the NHS,2,Urban,3,Other Principal Arterial,1,State Highway Agency,2,U.S. Highway,US-34 BUSN RT    10TH ST,MU-26TH AVE,84,84,40.42298056,40.42298056,-104.722288890,-104.72228889,0,No Special Jurisdiction,8,Pedestrian,0,The First Harmful Event was Not a Collision with a Motor Vehicle in Transport,0,No,3,Intersection-Related,2,Four-Way Intersection,0,None,,,1,On Roadway,3,Dark - Lighted,,,,,1,Clear,0,No,0000000,Not Applicable,18,6:00pm-6:59pm,39,39,99,Unknown EMS Scene Arrival Hour,99,Unknown EMS Scene Arrival Minutes,99,Unknown,99,Unknown EMS Hospital Arrival Time,,,,,,,1,
2023,8,80078,Colorado,1,1,0,0,0,1,1,13,BOULDER (13),1530,LONGMONT,5,5,2,February,2023,1,Sunday,16,4:00pm-4:59pm,15,15,0,This Section IS NOT on the NHS,2,Urban,4,Minor Arterial,4,City or Municipal Highway Agency,6,Municipal,MU-FRANCIS ST,,0,None,40.18040000,40.18040000,-105.116541670,-105.11654167,0,No Special Jurisdiction,1,Rollover/Overturn,0,The First Harmful Event was Not a Collision with a Motor Vehicle in Transport,0,No,1,Non-Junction,1,Not an Intersection,0,None,,,1,On Roadway,1,Daylight,,,,,1,Clear,0,No,0000000,Not Applicable,16,4:00pm-4:59pm,15,15,16,4:00pm-4:59pm,18,18,16,4:00pm-4:59pm,26,26,,,,,,,1,
2023,8,80079,Colorado,1,1,0,0,0,4,4,41,EL PASO (41),430,COLORADO SPRINGS,24,24,2,February,2023,6,Friday,18,6:00pm-6:59pm,49,49,1,This Section IS ON the NHS,2,Urban,2,Other Freeways and Expressways,1,State Highway Agency,3,State Highway,SR-21   N POWERS BLVD,,1471,1471,38.91702778,38.91702778,-104.719847220,-104.71984722,0,No Special Jurisdiction,1,Rollover/Overturn,0,The First Harmful Event was Not a Collision with a Motor Vehicle in Transport,0,No,1,Non-Junction,1,Not an Intersection,0,None,,,4,On Roadside,3,Dark - Lighted,,,,,1,Clear,0,No,0000000,Not Applicable,99,Unknown,99,Unknown,99,Unknown EMS Scene Arrival Hour,99,Unknown EMS Scene Arrival Minutes,88,"Not Applicable (Not Transported) ",88,Not Applicable (Not Transported),,,,,,,1,