caseyear,state,st_case,statename,ve_total,ve_forms,pvh_invl,peds,pernotmvit,permvit,persons,county,countyname,city,cityname,day,dayname,month,monthname,year,day_week,day_weekname,hour,hourname,minute,minutename,nhs,nhsname,rur_urb,rur_urbname,func_sys,func_sysname,rd_owner,rd_ownername,route,routename,tway_id,tway_id2,milept,mileptname,latitude,latitudename,longitud,longitudname,sp_jur,sp_jurname,harm_ev,harm_evname,man_coll,man_collname,reljct1,reljct1name,reljct2,reljct2name,typ_int,typ_intname,wrk_zone,wrk_zonename,road_fnc,road_fncname,rel_road,rel_roadname,lgt_cond,lgt_condname,weather1,weather1name,weather2,weather2name,weather,weathername,sch_bus,sch_busname,rail,railname,not_hour,not_hourname,not_min,not_minname,arr_hour,arr_hourname,arr_min,arr_minname,hosp_hr,hosp_hrname,hosp_mn,hosp_mnname,cf1,cf1name,cf2,cf2name,cf3,cf3name,fatals,drunk_dr
2023,8,80191,Colorado,1,1,0,1,1,3,3,31,DENVER (31),600,DENVER,7,7,1,January,2023,7,Saturday,22,10:00pm-10:59pm,51,51,1,This Section IS ON the NHS,2,Urban,3,Other Principal Arterial,1,State Highway Agency,3,State Highway,SR-88   N FEDERAL BLVD,,13,13,39.72152778,39.72152778,-105.025213890,-105.02521389,0,No Special Jurisdiction,8,Pedestrian,0,The First Harmful Event was Not a Collision with a Motor Vehicle in Transport,0,No,1,Non-Junction,1,Not an Intersection,0,None,,,1,On Roadway,3,Dark - Lighted,,,,,1,Clear,0,No,0000000,Not Applicable,22,10:00pm-10:59pm,51,51,22,10:00pm-10:59pm,55,55,23,11:00pm-11:59pm,1,1,,,,,,,1,
2023,8,80192,Colorado,1,1,0,1,1,1,1,69,LARIMER (69),860,FORT COLLINS,12,12,2,February,2023,1,Sunday,12,12:00pm-12:59pm,51,51,0,This Section IS NOT on the NHS,2,Urban,4,Minor Arterial,4,City or Municipal Highway Agency,6,Municipal,MU-S LEMAY AVE,MU-CENTENNIAL RD,0,None,40.54696111,40.54696111,-105.057983330,-105.05798333,0,No Special Jurisdiction,9,Pedalcyclist,0,The First Harmful Event was Not a Collision with a Motor Vehicle in Transport,0,No,2,Intersection,3,T-Intersection,0,None,,,1,On Roadway,1,Daylight,,,,,1,Clear,0,No,0000000,Not Applicable,12,12:00pm-12:59pm,51,51,12,12:00pm-12:59pm,54,54,13,1:00pm-1:59pm,8,8,,,,,,,1,
2023,8,80193,Colorado,1,1,0,0,0,2,2,123,WELD (123),1220,HUDSON,9,9,4,April,2023,1,Sunday,5,5:00am-5:59am,0,0,1,This Section IS ON the NHS,1,Rural,1,Interstate,1,State Highway Agency,1,Interstate,I-76,,309,309,40.06615556,40.06615556,-104.650761110,-104.65076111,0,No Special Jurisdiction,1,Rollover/Overturn,0,The First Harmful Event was Not a Collision with a Motor Vehicle in Transport,0,No,1,Non-Junction,1,Not an Intersection,0,None,,,4,On Roadside,2,Dark - Not Lighted,,,,,1,Clear,0,No,0000000,Not Applicable,5,5:00am-5:59am,0,0,5,5:00am-5:59am,3,3,99,Unknown,99,Unknown EMS Hospital Arrival Time,,,,,,,1,
2023,8,80194,Colorado,1,1,0,0,0,5,5,13,BOULDER (13),0,NOT APPLICABLE,2,2,5,May,2023,3,Tuesday,1,1:00am-1:59am,33,33,0,This Section IS NOT on the NHS,1,Rural,4,Minor Arterial,1,State Highway Agency,3,State Highway,SR-119,,335,335,40.00355556,40.00355556,-105.401616670,-105.40161667,0,No Special Jurisdiction,17,Boulder,0,The First Harmful Event was Not a Collision with a Motor Vehicle in Transport,0,No,1,Non-Junction,1,Not an Intersection,0,None,,,4,On Roadside,2,Dark - Not Lighted,,,,,1,Clear,0,No,0000000,Not Applicable,1,1:00am-1:59am,31,31,1,1:00am-1:59am,41,41,2,2:00am-2:59am,12,12,,,,,,,1,
2023,8,80195,Colorado,1,1,0,0,0,3,3,13,BOULDER (13),0,NOT APPLICABLE,4,4,5,May,2023,5,Thursday,22,10:00pm-10:59pm,1,1,0,This Section IS NOT on the NHS,1,Rural,4,Minor Arterial,1,State Highway Agency,2,U.S. Highway,US-36,,317,317,40.07552500,40.07552500,-105.284361110,-105.28436111,0,No Special Jurisdiction,1,Rollover/Overturn,0,The First Harmful Event was Not a Collision with a Motor Vehicle in Transport,0,No,1,Non-Junction,1,Not an Intersection,0,None,,,4,On Roadside,2,Dark - Not Lighted,,,,,1,Clear,0,No,0000000,Not Applicable,22,10:00pm-10:59pm,3,3,22,10:00pm-10:59pm,12,12,22,10:00pm-10:59pm,35,35,,,,,,,2,
2023,8,80196,Colorado,1,1,0,1,1,4,4,101,PUEBLO (101),0,NOT APPLICABLE,4,4,5,May,2023,5,Thursday,21,9:00pm-9:59pm,12,12,1,This Section IS ON the NHS,2,Urban,3,Other Principal Arterial,1,State Highway Agency,2,U.S. Highway,US-50 BUSN RT,CR-30TH LN,69,69,38.24489167,38.24489167,-104.506000000,-104.50600000,0,No Special Jurisdiction,8,Pedestrian,0,The First Harmful Event was Not a Collision with a Motor Vehicle in Transport,0,No,3,Intersection-Related,2,Four-Way Intersection,0,None,,,1,On Roadway,3,Dark - Lighted,,,,,1,Clear,0,No,0000000,Not Applicable,99,Unknown,99,Unknown,99,Unknown EMS Scene Arrival Hour,99,Unknown EMS Scene Arrival Minutes,88,"Not Applicable (Not Transported) ",88,Not Applicable (Not Transported),,,,,,,1,
2023,8,80197,Colorado,2,2,0,0,0,2,2,103,RIO BLANCO (103),0,NOT APPLICABLE,4,4,5,May,2023,5,Thursday,6,6:00am-6:59am,20,20,1,This Section IS ON the NHS,1,Rural,3,Other Principal Arterial,1,State Highway Agency,3,State Highway,SR-13,,243,243,39.81597778,39.81597778,-107.956177780,-107.95617778,0,No Special Jurisdiction,12,Motor Vehicle In-Transport,2,Front-to-Front,0,No,1,Non-Junction,1,Not an Intersection,0,None,,,1,On Roadway,1,Daylight,,,,,1,Clear,0,No,0000000,Not Applicable,99,Unknown,99,Unknown,99,Unknown EMS Scene Arrival Hour,99,Unknown EMS Scene Arrival Minutes,99,Unknown,99,Unknown EMS Hospital Arrival Time,,,,,,,1,
2023,8,80198,Colorado,1,1,0,1,1,1,1,5,ARAPAHOE (5),110,AURORA,4,4,5,May,2023,5,Thursday,23,11:00pm-11:59pm,13,13,0,This Section IS NOT on the NHS,2,Urban,4,Minor Arterial,4,City or Municipal Highway Agency,6,Municipal,MU-N HAVANA ST,MU-N DEL MAR PKWY,0,None,39.73424444,39.73424444,-104.865905560,-104.86590556,0,No Special Jurisdiction,9,Pedalcyclist,0,The First Harmful Event was Not a Collision with a Motor Vehicle in Transport,0,No,2,Intersection,2,Four-Way Intersection,0,None,,,1,On Roadway,3,Dark - Lighted,,,,,1,Clear,0,No,0000000,Not Applicable,23,11:00pm-11:59pm,13,13,23,11:00pm-11:59pm,18,18,23,11:00pm-11:59pm,24,24,,,,,,,1,
2023,8,80199,Colorado,2,2,0,0,0,2,2,35,DOUGLAS (35),0,NOT APPLICABLE,5,5,5,May,2023,6,Friday,12,12:00pm-12:59pm,43,43,0,This Section IS NOT on the NHS,1,Rural,7,Local,2,County Highway Agency,4,County,CR-HESS RD,,0,None,39.47388889,39.47388889,-104.860661110,-104.86066111,0,No Special Jurisdiction,12,Motor Vehicle In-Transport,2,Front-to-Front,0,No,1,Non-Junction,1,Not an Intersection,0,None,,,1,On Roadway,1,Daylight,,,,,1,Clear,0,No,0000000,Not Applicable,12,12:00pm-12:59pm,51,51,12,12:00pm-12:59pm,54,54,99,Unknown,99,Unknown EMS Hospital Arrival Time,,,,,,,1,
2023,8,80200,Colorado,3,3,0,0,0,5,5,33,DOLORES (33),0,NOT APPLICABLE,8,8,5,May,2023,2,Monday,13,1:00pm-1:59pm,16,16,1,This Section IS ON the NHS,1,Rural,3,Other Principal Arterial,1,State Highway Agency,2,U.S. Highway,US-491,,589,589,37.74325000,37.74325000,-108.874550000,-108.87455000,0,No Special Jurisdiction,12,Motor Vehicle In-Transport,1,Front-to-Rear,0,No,1,Non-Junction,1,Not an Intersection,0,None,,,1,On Roadway,1,Daylight,,,,,1,Clear,0,No,0000000,Not Applicable,99,Unknown,99,Unknown,99,Unknown EMS Scene Arrival Hour,99,Unknown EMS Scene Arrival Minutes,99,Unknown,99,Unknown EMS Hospital Arrival Time,,,,,,,1,
2023,8,80201,Colorado,2,2,0,1,1,3,3,59,JEFFERSON (59),1435,LAKEWOOD,4,4,5,May,2023,5,Thursday,20,8:00pm-8:59pm,34,34,1,This Section IS ON the NHS,2,Urban,3,Other Principal Arterial,1,State Highway Agency,3,State Highway,SR-121   WADSWORTH BLVD,,123,123,39.72288889,39.72288889,-105.081505560,-105.08150556,0,No Special Jurisdiction,8,Pedestrian,0,The First Harmful Event was Not a Collision with a Motor Vehicle in Transport,0,No,1,Non-Junction,1,Not an Intersection,0,None,,,1,On Roadway,3,Dark - Lighted,,,,,1,Clear,0,No,0000000,Not Applicable,20,8:00pm-8:59pm,34,34,20,8:00pm-8:59pm,39,39,88,"Not Applicable (Not Transported) ",88,Not Applicable (Not Transported),,,,,,,1,
2023,8,80202,Colorado,3,3,0,0,0,5,5,1,ADAMS (1),2427,THORNTON,8,8,5,May,2023,2,Monday,20,8:00pm-8:59pm,29,29,1,This Section IS ON the NHS,2,Urban,3,Other Principal Arterial,4,City or Municipal Highway Agency,6,Municipal,MU-W THORNTON PKWY,MU-PECOS ST,0,None,39.86346111,39.86346111,-105.006072220,-105.00607222,0,No Special Jurisdiction,12,Motor Vehicle In-Transport,6,Angle,0,No,2,Intersection,2,Four-Way Intersection,0,None,,,1,On Roadway,3,Dark - Lighted,,,,,1,Clear,0,No,0000000,Not Applicable,20,8:00pm-8:59pm,34,34,20,8:00pm-8:59pm,38,38,20,8:00pm-8:59pm,51,51,,,,,,,1,
2023,8,80203,Colorado,1,1,0,0,0,1,1,13,BOULDER (13),0,NOT APPLICABLE,8,8,5,May,2023,2,Monday,3,3:00am-3:59am,0,0,0,This Section IS NOT on the NHS,1,Rural,4,Minor Arterial,1,State Highway Agency,3,State Highway,SR-119,,291,291,39.97777778,39.97777778,-105.458138890,-105.45813889,0,No Special Jurisdiction,35,Embankment,0,The First Harmful Event was Not a Collision with a Motor Vehicle in Transport,0,No,1,Non-Junction,1,Not an Intersection,0,None,,,4,On Roadside,2,Dark - Not Lighted,,,,,1,Clear,0,No,0000000,Not Applicable,6,6:00am-6:59am,28,28,6,6:00am-6:59am,50,50,88,"Not Applicable (Not Transported) ",88,Not Applicable (Not Transported),,,,,,,1,
2023,8,80204,Colorado,2,2,0,0,0,2,2,1,ADAMS (1),230,BRIGHTON,13,13,5,May,2023,7,Saturday,4,4:00am-4:59am,47,47,1,This Section IS ON the NHS,2,Urban,2,Other Freeways and Expressways,1,State Highway Agency,2,U.S. Highway,US-85,,2306,2306,39.92488333,39.92488333,-104.851180560,-104.85118056,0,No Special Jurisdiction,12,Motor Vehicle In-Transport,1,Front-to-Rear,0,No,1,Non-Junction,1,Not an Intersection,0,None,,,1,On Roadway,2,Dark - Not Lighted,,,,,1,Clear,0,No,0000000,Not Applicable,4,4:00am-4:59am,47,47,4,4:00am-4:59am,54,54,88,"Not Applicable (Not Transported) ",88,Not Applicable (Not Transported),,,,,,,1,
2023,8,80205,Colorado,2,2,0,0,0,2,2,5,ARAPAHOE (5),110,AURORA,13,13,5,May,2023,7,Saturday,4,4:00am-4:59am,29,29,1,This Section IS ON the NHS,2,Urban,3,Other Principal Arterial,4,City or Municipal Highway Agency,6,Municipal,MU-N AIRPORT BLVD,,0,None,39.73790833,39.73790833,-104.791300000,-104.79130000,0,No Special Jurisdiction,12,Motor Vehicle In-Transport,2,Front-to-Front,0,No,1,Non-Junction,1,Not an Intersection,0,None,,,1,On Roadway,3,Dark - Lighted,,,,,1,Clear,0,No,0000000,Not Applicable,4,4:00am-4:59am,29,29,4,4:00am-4:59am,35,35,4,4:00am-4:59am,55,55,,,,,,,1,
2023,8,80206,Colorado,1,1,0,1,1,1,1,101,PUEBLO (101),2050,PUEBLO,8,8,5,May,2023,2,Monday,22,10:00pm-10:59pm,1,1,1,This Section IS ON the NHS,2,Urban,3,Other Principal Arterial,1,State Highway Agency,3,State Highway,SR-96   W 4TH ST,,549,549,38.26669722,38.26669722,-104.627458330,-104.62745833,0,No Special Jurisdiction,8,Pedestrian,0,The First Harmful Event was Not a Collision with a Motor Vehicle in Transport,0,No,1,Non-Junction,1,Not an Intersection,0,None,,,1,On Roadway,3,Dark - Lighted,,,,,1,Clear,0,No,0000000,Not Applicable,22,10:00pm-10:59pm,9,9,22,10:00pm-10:59pm,13,13,88,"Not Applicable (Not Transported) ",88,Not Applicable (Not Transported),,,,,,,1,
2023,8,80207,Colorado,1,1,0,0,0,4,4,35,DOUGLAS (35),0,NOT APPLICABLE,5,5,5,May,2023,6,Friday,16,4:00pm-4:59pm,20,20,0,This Section IS NOT on the NHS,2,Urban,7,Local,2,County Highway Agency,4,County,CR-QUARRY RD,,0,None,39.52108333,39.52108333,-104.900000000,-104.90000000,0,No Special Jurisdiction,1,Rollover/Overturn,0,The First Harmful Event was Not a Collision with a Motor Vehicle in Transport,0,No,1,Non-Junction,1,Not an Intersection,0,None,,,4,On Roadside,1,Daylight,,,,,1,Clear,0,No,0000000,Not Applicable,99,Unknown,99,Unknown,99,Unknown EMS Scene Arrival Hour,99,Unknown EMS Scene Arrival Minutes,99,Unknown,99,Unknown EMS Hospital Arrival Time,,,,,,,1,
2023,8,80208,Colorado,2,2,0,0,0,3,3,1,ADAMS (1),110,AURORA,14,14,5,May,2023,1,Sunday,1,1:00am-1:59am,28,28,1,This Section IS ON the NHS,2,Urban,3,Other Principal Arterial,4,City or Municipal Highway Agency,6,Municipal,MU-N CHAMBERS RD,I-70 EB OFF-RAMP,0,None,39.77032222,39.77032222,-104.810005560,-104.81000556,0,No Special Jurisdiction,12,Motor Vehicle In-Transport,6,Angle,1,Yes,2,Intersection,2,Four-Way Intersection,0,None,,,1,On Roadway,3,Dark - Lighted,,,,,2,Rain,0,No,0000000,Not Applicable,1,1:00am-1:59am,30,30,1,1:00am-1:59am,40,40,99,Unknown,99,Unknown EMS Hospital Arrival Time,,,,,,,1,
2023,8,80209,Colorado,1,1,0,0,0,1,1,123,WELD (123),1070,GREELEY,21,21,5,May,2023,1,Sunday,20,8:00pm-8:59pm,11,11,1,This Section IS ON the NHS,2,Urban,2,Other Freeways and Expressways,1,State Highway Agency,2,U.S. Highway,US-34 BYPASS,,1051,1051,40.40644444,40.40644444,-104.826527780,-104.82652778,0,No Special Jurisdiction,1,Rollover/Overturn,0,The First Harmful Event was Not a Collision with a Motor Vehicle in Transport,0,No,1,Non-Junction,1,Not an Intersection,0,None,,,3,On Median,2,Dark - Not Lighted,,,,,1,Clear,0,No,0000000,Not Applicable,20,8:00pm-8:59pm,11,11,20,8:00pm-8:59pm,16,16,88,"Not Applicable (Not Transported) ",88,Not Applicable (Not Transported),,,,,,,1,
2023,8,80210,Colorado,2,2,0,0,0,2,2,14,BROOMFIELD (14),253,BROOMFIELD,17,17,5,May,2023,4,Wednesday,8,8:00am-8:59am,8,8,1,This Section IS ON the NHS,2,Urban,3,Other Principal Arterial,1,State Highway Agency,2,U.S. Highway,US-287   W 120TH AVE,MU-EMERALD ST,2974,2974,39.91434444,39.91434444,-105.077233330,-105.07723333,0,No Special Jurisdiction,12,Motor Vehicle In-Transport,6,Angle,0,No,2,Intersection,3,T-Intersection,0,None,,,1,On Roadway,1,Daylight,,,,,1,Clear,0,No,0000000,Not Applicable,8,8:00am-8:59am,12,12,8,8:00am-8:59am,13,13,8,8:00am-8:59am,37,37,,,,,,,1,
2023,8,80211,Colorado,2,2,0,0,0,2,2,69,LARIMER (69),860,FORT COLLINS,16,16,5,May,2023,3,Tuesday,11,11:00am-11:59am,39,39,0,This Section IS NOT on the NHS,2,Urban,4,Minor Arterial,4,City or Municipal Highway Agency,6,Municipal,MU-S LEMAY AVE,MU-COLUMBIA RD,0,None,40.55643889,40.55643889,-105.057936110,-105.05793611,0,No Special Jurisdiction,12,Motor Vehicle In-Transport,6,Angle,0,No,2,Intersection,2,Four-Way Intersection,0,None,,,1,On Roadway,1,Daylight,,,,,1,Clear,0,No,0000000,Not Applicable,11,11:00am-11:59am,39,39,11,11:00am-11:59am,43,43,12,12:00pm-12:59pm,10,10,,,,,,,1,
2023,8,80212,Colorado,4,4,0,0,0,5,5,13,BOULDER (13),0,NOT APPLICABLE,19,19,5,May,2023,6,Friday,16,4:00pm-4:59pm,58,58,1,This Section IS ON the NHS,1,Rural,2,Other Freeways and Expressways,1,State Highway Agency,2,U.S. Highway,US-287,,3220,3220,40.25640833,40.25640833,-105.102805560,-105.10280556,0,No Special Jurisdiction,12,Motor Vehicle In-Transport,7,Sideswipe - Same Direction,0,No,1,Non-Junction,1,Not an Intersection,0,None,,,1,On Roadway,1,Daylight,,,,,1,Clear,0,No,0000000,Not Applicable,16,4:00pm-4:59pm,58,58,17,5:00pm-5:59pm,4,4,17,5:00pm-5:59pm,43,43,,,,,,,2,
2023,8,80213,Colorado,1,1,0,0,0,1,1,21,CONEJOS (21),0,NOT APPLICABLE,19,19,5,May,2023,6,Friday,12,12:00pm-12:59pm,25,25,0,This Section IS NOT on the NHS,1,Rural,4,Minor Arterial,1,State Highway Agency,3,State Highway,SR-142,,68,68,37.17535556,37.17535556,-105.865105560,-105.86510556,0,No Special Jurisdiction,31,"Post, Pole or Other Supports",0,The First Harmful Event was Not a Collision with a Motor Vehicle in Transport,0,No,1,Non-Junction,1,Not an Intersection,0,None,,,4,On Roadside,1,Daylight,,,,,10,Cloudy,0,No,0000000,Not Applicable,99,Unknown,99,Unknown,99,Unknown EMS Scene Arrival Hour,99,Unknown EMS Scene Arrival Minutes,88,"Not Applicable (Not Transported) ",88,Not Applicable (Not Transported),,,,,,,1,
2023,8,80214,Colorado,1,1,0,0,0,1,1,5,ARAPAHOE (5),110,AURORA,19,19,5,May,2023,6,Friday,23,11:00pm-11:59pm,58,58,0,This Section IS NOT on the NHS,2,Urban,7,Local,4,City or Municipal Highway Agency,6,Municipal,MU-CENTRETECH PKWY,,0,None,39.71738889,39.71738889,-104.798388890,-104.79838889,0,No Special Jurisdiction,1,Rollover/Overturn,0,The First Harmful Event was Not a Collision with a Motor Vehicle in Transport,0,No,1,Non-Junction,1,Not an Intersection,0,None,,,4,On Roadside,2,Dark - Not Lighted,,,,,10,Cloudy,0,No,0000000,Not Applicable,23,11:00pm-11:59pm,58,58,0,0:00am-0:59am,4,4,88,"Not Applicable (Not Transported) ",88,Not Applicable (Not Transported),,,,,,,1,
2023,8,80215,Colorado,1,1,0,0,0,1,1,73,LINCOLN (73),0,NOT APPLICABLE,20,20,5,May,2023,7,Saturday,12,12:00pm-12:59pm,26,26,1,This Section IS ON the NHS,1,Rural,3,Other Principal Arterial,1,State Highway Agency,3,State Highway,SR-71,,1245,1245,39.55027778,39.55027778,-103.612288890,-103.61228889,0,No Special Jurisdiction,1,Rollover/Overturn,0,The First Harmful Event was Not a Collision with a Motor Vehicle in Transport,0,No,1,Non-Junction,1,Not an Intersection,0,None,,,4,On Roadside,1,Daylight,,,,,1,Clear,0,No,0000000,Not Applicable,12,12:00pm-12:59pm,27,27,12,12:00pm-12:59pm,47,47,88,"Not Applicable (Not Transported) ",88,Not Applicable (Not Transported),,,,,,,1,
2023,8,80216,Colorado,1,1,0,0,0,4,4,5,ARAPAHOE (5),345,CENTENNIAL,23,23,5,May,2023,3,Tuesday,0,0:00am-0:59am,34,34,1,This Section IS ON the NHS,2,Urban,1,Interstate,1,State Highway Agency,1,Interstate,I-25 RAMP G,,1951,1951,39.56617222,39.56617222,-104.870716670,-104.87071667,0,No Special Jurisdiction,52,Guardrail End,0,The First Harmful Event was Not a Collision with a Motor Vehicle in Transport,1,Yes,5,Entrance/Exit Ramp Related,1,Not an Intersection,0,None,,,8,Gore,3,Dark - Lighted,,,,,1,Clear,0,No,0000000,Not Applicable,0,0:00am-0:59am,37,37,0,0:00am-0:59am,47,47,1,1:00am-1:59am,0,0,,,,,,,1,
2023,8,80217,Colorado,1,1,0,0,0,1,1,59,JEFFERSON (59),1435,LAKEWOOD,14,14,5,May,2023,1,Sunday,20,8:00pm-8:59pm,34,34,0,This Section IS NOT on the NHS,2,Urban,4,Minor Arterial,4,City or Municipal Highway Agency,6,Municipal,MU-W MISSISSIPPI AVE,,0,None,39.69647778,39.69647778,-105.106111110,-105.10611111,0,No Special Jurisdiction,30,Utility Pole/Light Support,0,The First Harmful Event was Not a Collision with a Motor Vehicle in Transport,0,No,1,Non-Junction,1,Not an Intersection,0,None,,,4,On Roadside,5,Dusk,,,,,1,Clear,0,No,0000000,Not Applicable,20,8:00pm-8:59pm,34,34,20,8:00pm-8:59pm,39,39,99,Unknown,99,Unknown EMS Hospital Arrival Time,,,,,,,1,
2023,8,80218,Colorado,2,2,0,0,0,2,2,77,MESA (77),1040,GRAND JUNCTION,20,20,5,May,2023,7,Saturday,21,9:00pm-9:59pm,19,19,0,This Section IS NOT on the NHS,2,Urban,4,Minor Arterial,4,City or Municipal Highway Agency,6,Municipal,MU-PATTERSON RD,MU-29 RD,0,None,39.09175556,39.09175556,-108.515200000,-108.51520000,0,No Special Jurisdiction,12,Motor Vehicle In-Transport,6,Angle,0,No,2,Intersection,2,Four-Way Intersection,0,None,,,1,On Roadway,3,Dark - Lighted,,,,,1,Clear,0,No,0000000,Not Applicable,21,9:00pm-9:59pm,19,19,21,9:00pm-9:59pm,22,22,21,9:00pm-9:59pm,29,29,,,,,,,1,
2023,8,80219,Colorado,1,1,0,1,1,1,1,1,ADAMS (1),110,AURORA,24,24,5,May,2023,4,Wednesday,23,11:00pm-11:59pm,10,10,1,This Section IS ON the NHS,2,Urban,1,Interstate,1,State Highway Agency,1,Interstate,I-70,,2834,2834,39.77127222,39.77127222,-104.812955560,-104.81295556,0,No Special Jurisdiction,8,Pedestrian,0,The First Harmful Event was Not a Collision with a Motor Vehicle in Transport,1,Yes,18,Through Roadway,1,Not an Intersection,0,None,,,1,On Roadway,3,Dark - Lighted,,,,,10,Cloudy,0,No,0000000,Not Applicable,23,11:00pm-11:59pm,12,12,23,11:00pm-11:59pm,12,12,23,11:00pm-11:59pm,25,25,,,,,,,1,
2023,8,80220,Colorado,2,2,0,0,0,5,5,59,JEFFERSON (59),1435,LAKEWOOD,24,24,5,May,2023,4,Wednesday,18,6:00pm-6:59pm,40,40,1,This Section IS ON the NHS,2,Urban,3,Other Principal Arterial,4,City or Municipal Highway Agency,6,Municipal,MU-W ALAMEDA PKWY,,0,None,39.68322222,39.68322222,-105.158966670,-105.15896667,0,No Special Jurisdiction,12,Motor Vehicle In-Transport,2,Front-to-Front,0,No,1,Non-Junction,1,Not an Intersection,0,None,,,1,On Roadway,1,Daylight,,,,,10,Cloudy,0,No,0000000,Not Applicable,18,6:00pm-6:59pm,41,41,99,Unknown EMS Scene Arrival Hour,99,Unknown EMS Scene Arrival Minutes,99,Unknown,99,Unknown EMS Hospital Arrival Time,,,,,,,1,
2023,8,80221,Colorado,1,1,0,0,0,1,1,87,MORGAN (87),0,NOT APPLICABLE,25,25,5,May,2023,5,Thursday,11,11:00am-11:59am,25,25,1,This Section IS ON the NHS,2,Urban,3,Other Principal Arterial,1,State Highway Agency,3,State Highway,SR-71,,1735,1735,40.24853333,40.24853333,-103.603961110,-103.60396111,0,No Special Jurisdiction,1,Rollover/Overturn,0,The First Harmful Event was Not a Collision with a Motor Vehicle in Transport,0,No,1,Non-Junction,1,Not an Intersection,0,None,,,4,On Roadside,1,Daylight,,,,,1,Clear,0,No,0000000,Not Applicable,11,11:00am-11:59am,26,26,11,11:00am-11:59am,31,31,12,12:00pm-12:59pm,16,16,,,,,,,1,
2023,8,80222,Colorado,1,1,0,0,0,1,1,79,MINERAL (79),0,NOT APPLICABLE,25,25,5,May,2023,5,Thursday,15,3:00pm-3:59pm,18,18,1,This Section IS ON the NHS,1,Rural,3,Other Principal Arterial,1,State Highway Agency,2,U.S. Highway,US-160,,1598,1598,37.45686111,37.45686111,-106.882972220,-106.88297222,0,No Special Jurisdiction,1,Rollover/Overturn,0,The First Harmful Event was Not a Collision with a Motor Vehicle in Transport,0,No,1,Non-Junction,1,Not an Intersection,0,None,,,1,On Roadway,1,Daylight,,,,,1,Clear,0,No,0000000,Not Applicable,99,Unknown,99,Unknown,99,Unknown EMS Scene Arrival Hour,99,Unknown EMS Scene Arrival Minutes,88,"Not Applicable (Not Transported) ",88,Not Applicable (Not Transported),,,,,,,1,
2023,8,80223,Colorado,1,1,0,1,1,1,1,5,ARAPAHOE (5),110,AURORA,25,25,5,May,2023,5,Thursday,1,1:00am-1:59am,48,48,1,This Section IS ON the NHS,2,Urban,3,Other Principal Arterial,4,City or Municipal Highway Agency,6,Municipal,MU-E ALAMEDA AVE,,0,None,39.71123056,39.71123056,-104.827897220,-104.82789722,0,No Special Jurisdiction,8,Pedestrian,0,The First Harmful Event was Not a Collision with a Motor Vehicle in Transport,0,No,1,Non-Junction,1,Not an Intersection,0,None,,,1,On Roadway,3,Dark - Lighted,,,,,1,Clear,0,No,0000000,Not Applicable,1,1:00am-1:59am,49,49,1,1:00am-1:59am,54,54,2,2:00am-2:59am,0,0,,,,,,,1,
2023,8,80224,Colorado,1,1,0,1,1,1,1,5,ARAPAHOE (5),110,AURORA,25,25,5,May,2023,5,Thursday,23,11:00pm-11:59pm,12,12,1,This Section IS ON the NHS,2,Urban,3,Other Principal Arterial,1,State Highway Agency,2,U.S. Highway,US-40   E COLFAX AVE,,3049,3049,39.74008611,39.74008611,-104.860972220,-104.86097222,0,No Special Jurisdiction,9,Pedalcyclist,0,The First Harmful Event was Not a Collision with a Motor Vehicle in Transport,0,No,1,Non-Junction,1,Not an Intersection,0,None,,,1,On Roadway,3,Dark - Lighted,,,,,1,Clear,0,No,0000000,Not Applicable,23,11:00pm-11:59pm,12,12,23,11:00pm-11:59pm,15,15,88,"Not Applicable (Not Transported) ",88,Not Applicable (Not Transported),,,,,,,1,
2023,8,80225,Colorado,2,2,0,0,0,3,3,59,JEFFERSON (59),0,NOT APPLICABLE,27,27,5,May,2023,7,Saturday,21,9:00pm-9:59pm,40,40,1,This Section IS ON the NHS,2,Urban,3,Other Principal Arterial,2,County Highway Agency,4,County,CR-W BOWLES AVE,CR-GRANT RANCH BLVD,0,None,39.60983333,39.60983333,-105.056988890,-105.05698889,0,No Special Jurisdiction,12,Motor Vehicle In-Transport,6,Angle,0,No,2,Intersection,2,Four-Way Intersection,0,None,,,1,On Roadway,3,Dark - Lighted,,,,,1,Clear,0,No,0000000,Not Applicable,21,9:00pm-9:59pm,42,42,21,9:00pm-9:59pm,49,49,22,10:00pm-10:59pm,14,14,,,,,,,1,
2023,8,80226,Colorado,2,2,0,0,0,2,2,59,JEFFERSON (59),0,NOT APPLICABLE,27,27,5,May,2023,7,Saturday,23,11:00pm-11:59pm,27,27,1,This Section IS ON the NHS,2,Urban,3,Other Principal Arterial,1,State Highway Agency,3,State Highway,SR-121   S WADSWORTH BLVD,,35,35,39.59751389,39.59751389,-105.091527780,-105.09152778,0,No Special Jurisdiction,12,Motor Vehicle In-Transport,1,Front-to-Rear,0,No,1,Non-Junction,1,Not an Intersection,0,None,,,1,On Roadway,2,Dark - Not Lighted,,,,,1,Clear,0,No,0000000,Not Applicable,23,11:00pm-11:59pm,32,32,23,11:00pm-11:59pm,41,41,88,"Not Applicable (Not Transported) ",88,Not Applicable (Not Transported),,,,,,,1,
2023,8,80227,Colorado,2,2,0,0,0,2,2,1,ADAMS (1),110,AURORA,27,27,5,May,2023,7,Saturday,10,10:00am-10:59am,14,14,0,This Section IS NOT on the NHS,2,Urban,4,Minor Arterial,4,City or Municipal Highway Agency,6,Municipal,MU-E SMITH RD,,0,None,39.75893333,39.75893333,-104.808366670,-104.80836667,0,No Special Jurisdiction,12,Motor Vehicle In-Transport,6,Angle,0,No,8,Driveway Access Related,1,Not an Intersection,0,None,,,1,On Roadway,1,Daylight,,,,,1,Clear,0,No,0000000,Not Applicable,10,10:00am-10:59am,14,14,10,10:00am-10:59am,18,18,88,"Not Applicable (Not Transported) ",88,Not Applicable (Not Transported),,,,,,,1,
2023,8,80228,Colorado,1,1,0,0,0,1,1,5,ARAPAHOE (5),110,AURORA,28,28,5,May,2023,1,Sunday,21,9:00pm-9:59pm,6,6,0,This Section IS NOT on the NHS,1,Rural,7,Local,4,City or Municipal Highway Agency,6,Municipal,MU-N POWHATON RD,,0,None,39.72652778,39.72652778,-104.678472220,-104.67847222,0,No Special Jurisdiction,1,Rollover/Overturn,0,The First Harmful Event was Not a Collision with a Motor Vehicle in Transport,0,No,1,Non-Junction,1,Not an Intersection,0,None,,,4,On Roadside,2,Dark - Not Lighted,,,,,1,Clear,0,No,0000000,Not Applicable,21,9:00pm-9:59pm,6,6,21,9:00pm-9:59pm,13,13,88,"Not Applicable (Not Transported) ",88,Not Applicable (Not Transported),,,,,,,1,