caseyear,state,st_case,statename,ve_total,ve_forms,pvh_invl,peds,pernotmvit,permvit,persons,county,countyname,city,cityname,day,dayname,month,monthname,year,day_week,day_weekname,hour,hourname,minute,minutename,nhs,nhsname,rur_urb,rur_urbname,func_sys,func_sysname,rd_owner,rd_ownername,route,routename,tway_id,tway_id2,milept,mileptname,latitude,latitudename,longitud,longitudname,sp_jur,sp_jurname,harm_ev,harm_evname,man_coll,man_collname,reljct1,reljct1name,reljct2,reljct2name,typ_int,typ_intname,wrk_zone,wrk_zonename,road_fnc,road_fncname,rel_road,rel_roadname,lgt_cond,lgt_condname,weather1,weather1name,weather2,weather2name,weather,weathername,sch_bus,sch_busname,rail,railname,not_hour,not_hourname,not_min,not_minname,arr_hour,arr_hourname,arr_min,arr_minname,hosp_hr,hosp_hrname,hosp_mn,hosp_mnname,cf1,cf1name,cf2,cf2name,cf3,cf3name,fatals,drunk_dr
2023,8,80266,Colorado,1,1,0,1,1,3,3,5,ARAPAHOE (5),110,AURORA,16,16,6,June,2023,6,Friday,21,9:00pm-9:59pm,53,53,1,This Section IS ON the NHS,2,Urban,3,Other Principal Arterial,1,State Highway Agency,3,State Highway,SR-30   S HAVANA ST,,59,59,39.69820556,39.69820556,-104.865844440,-104.86584444,0,No Special Jurisdiction,8,Pedestrian,0,The First Harmful Event was Not a Collision with a Motor Vehicle in Transport,0,No,1,Non-Junction,1,Not an Intersection,0,None,,,1,On Roadway,3,Dark - Lighted,,,,,10,Cloudy,0,No,0000000,Not Applicable,21,9:00pm-9:59pm,53,53,22,10:00pm-10:59pm,1,1,88,"Not Applicable (Not Transported) ",88,Not Applicable (Not Transported),,,,,,,1,
2023,8,80267,Colorado,1,1,0,0,0,2,2,5,ARAPAHOE (5),345,CENTENNIAL,18,18,6,June,2023,1,Sunday,13,1:00pm-1:59pm,26,26,1,This Section IS ON the NHS,2,Urban,3,Other Principal Arterial,4,City or Municipal Highway Agency,6,Municipal,MU-E DRY CREEK RD,,0,None,39.58047222,39.58047222,-104.884594440,-104.88459444,0,No Special Jurisdiction,58,Ground,0,The First Harmful Event was Not a Collision with a Motor Vehicle in Transport,0,No,1,Non-Junction,1,Not an Intersection,0,None,,,1,On Roadway,1,Daylight,,,,,1,Clear,0,No,0000000,Not Applicable,13,1:00pm-1:59pm,27,27,13,1:00pm-1:59pm,32,32,13,1:00pm-1:59pm,55,55,,,,,,,2,
2023,8,80268,Colorado,1,1,0,0,0,1,1,59,JEFFERSON (59),0,NOT APPLICABLE,18,18,6,June,2023,1,Sunday,18,6:00pm-6:59pm,40,40,0,This Section IS NOT on the NHS,2,Urban,4,Minor Arterial,2,County Highway Agency,4,County,CR-W COAL MINE AVE,,0,None,39.60175000,39.60175000,-105.150533330,-105.15053333,0,No Special Jurisdiction,38,Fence,0,The First Harmful Event was Not a Collision with a Motor Vehicle in Transport,0,No,1,Non-Junction,1,Not an Intersection,2,Maintenance,,,5,Outside Trafficway,1,Daylight,,,,,1,Clear,0,No,0000000,Not Applicable,18,6:00pm-6:59pm,40,40,18,6:00pm-6:59pm,43,43,88,"Not Applicable (Not Transported) ",88,Not Applicable (Not Transported),,,,,,,1,
2023,8,80269,Colorado,1,1,0,0,0,1,1,59,JEFFERSON (59),0,NOT APPLICABLE,18,18,6,June,2023,1,Sunday,21,9:00pm-9:59pm,33,33,1,This Section IS ON the NHS,2,Urban,3,Other Principal Arterial,2,County Highway Agency,4,County,CR-W KEN CARYL AVE,,0,None,39.58075000,39.58075000,-105.092700000,-105.09270000,0,No Special Jurisdiction,33,Curb,0,The First Harmful Event was Not a Collision with a Motor Vehicle in Transport,0,No,1,Non-Junction,1,Not an Intersection,0,None,,,3,On Median,2,Dark - Not Lighted,,,,,1,Clear,0,No,0000000,Not Applicable,21,9:00pm-9:59pm,34,34,21,9:00pm-9:59pm,37,37,99,Unknown,99,Unknown EMS Hospital Arrival Time,,,,,,,1,
2023,8,80270,Colorado,2,2,0,0,0,2,2,123,WELD (123),0,NOT APPLICABLE,18,18,6,June,2023,1,Sunday,3,3:00am-3:59am,30,30,0,This Section IS NOT on the NHS,1,Rural,5,Major Collector,2,County Highway Agency,4,County,CR-39,CR-42,0,None,40.29060556,40.29060556,-104.696633330,-104.69663333,0,No Special Jurisdiction,12,Motor Vehicle In-Transport,6,Angle,0,No,2,Intersection,2,Four-Way Intersection,0,None,,,1,On Roadway,2,Dark - Not Lighted,,,,,1,Clear,0,No,0000000,Not Applicable,3,3:00am-3:59am,35,35,3,3:00am-3:59am,42,42,88,"Not Applicable (Not Transported) ",88,Not Applicable (Not Transported),,,,,,,1,
2023,8,80271,Colorado,1,1,0,0,0,1,1,41,EL PASO (41),0,NOT APPLICABLE,6,6,6,June,2023,3,Tuesday,21,9:00pm-9:59pm,39,39,0,This Section IS NOT on the NHS,1,Rural,6,Minor Collector,2,County Highway Agency,4,County,CR-SWEET RD,,0,None,39.07018333,39.07018333,-104.417650000,-104.41765000,0,No Special Jurisdiction,38,Fence,0,The First Harmful Event was Not a Collision with a Motor Vehicle in Transport,0,No,1,Non-Junction,1,Not an Intersection,0,None,,,5,Outside Trafficway,2,Dark - Not Lighted,,,,,2,Rain,0,No,0000000,Not Applicable,21,9:00pm-9:59pm,38,38,21,9:00pm-9:59pm,52,52,22,10:00pm-10:59pm,58,58,,,,,,,1,
2023,8,80272,Colorado,2,2,0,0,0,2,2,43,FREMONT (43),0,NOT APPLICABLE,20,20,6,June,2023,3,Tuesday,5,5:00am-5:59am,21,21,1,This Section IS ON the NHS,1,Rural,3,Other Principal Arterial,1,State Highway Agency,2,U.S. Highway,US-50,,2326,2326,38.45966667,38.45966667,-105.844338890,-105.84433889,0,No Special Jurisdiction,12,Motor Vehicle In-Transport,6,Angle,0,No,1,Non-Junction,1,Not an Intersection,0,None,,,4,On Roadside,4,Dawn,,,,,1,Clear,0,No,0000000,Not Applicable,99,Unknown,99,Unknown,99,Unknown EMS Scene Arrival Hour,99,Unknown EMS Scene Arrival Minutes,99,Unknown,99,Unknown EMS Hospital Arrival Time,,,,,,,1,
2023,8,80273,Colorado,2,2,0,0,0,3,3,7,ARCHULETA (7),0,NOT APPLICABLE,21,21,6,June,2023,4,Wednesday,10,10:00am-10:59am,50,50,1,This Section IS ON the NHS,1,Rural,3,Other Principal Arterial,1,State Highway Agency,2,U.S. Highway,US-160,SR-151,1270,1270,37.21032222,37.21032222,-107.263430560,-107.26343056,0,No Special Jurisdiction,1,Rollover/Overturn,0,The First Harmful Event was Not a Collision with a Motor Vehicle in Transport,0,No,2,Intersection,3,T-Intersection,0,None,,,1,On Roadway,1,Daylight,,,,,1,Clear,0,No,0000000,Not Applicable,10,10:00am-10:59am,53,53,11,11:00am-11:59am,6,6,88,"Not Applicable (Not Transported) ",88,Not Applicable (Not Transported),,,,,,,2,
2023,8,80274,Colorado,2,2,0,0,0,2,2,31,DENVER (31),600,DENVER,17,17,6,June,2023,7,Saturday,18,6:00pm-6:59pm,43,43,1,This Section IS ON the NHS,2,Urban,3,Other Principal Arterial,1,State Highway Agency,3,State Highway,SR-95   N SHERIDAN BLVD,MU-W 35TH AVE,78,78,39.76568889,39.76568889,-105.053188890,-105.05318889,0,No Special Jurisdiction,12,Motor Vehicle In-Transport,6,Angle,0,No,2,Intersection,2,Four-Way Intersection,0,None,,,1,On Roadway,1,Daylight,,,,,1,Clear,0,No,0000000,Not Applicable,18,6:00pm-6:59pm,45,45,18,6:00pm-6:59pm,47,47,19,7:00pm-7:59pm,6,6,,,,,,,1,
2023,8,80275,Colorado,1,1,0,0,0,1,1,109,SAGUACHE (109),0,NOT APPLICABLE,23,23,6,June,2023,6,Friday,1,1:00am-1:59am,15,15,0,This Section IS NOT on the NHS,1,Rural,7,Local,2,County Highway Agency,4,County,CR-CAMINO BACA GRANDE,,0,None,37.98727222,37.98727222,-105.701711110,-105.70171111,0,No Special Jurisdiction,31,"Post, Pole or Other Supports",0,The First Harmful Event was Not a Collision with a Motor Vehicle in Transport,0,No,1,Non-Junction,1,Not an Intersection,0,None,,,4,On Roadside,2,Dark - Not Lighted,,,,,1,Clear,0,No,0000000,Not Applicable,99,Unknown,99,Unknown,99,Unknown EMS Scene Arrival Hour,99,Unknown EMS Scene Arrival Minutes,88,"Not Applicable (Not Transported) ",88,Not Applicable (Not Transported),,,,,,,1,
2023,8,80276,Colorado,1,1,0,0,0,2,2,41,EL PASO (41),430,COLORADO SPRINGS,12,12,6,June,2023,2,Monday,11,11:00am-11:59am,51,51,1,This Section IS ON the NHS,2,Urban,1,Interstate,1,State Highway Agency,1,Interstate,I-25,,1419,1419,38.83750000,38.83750000,-104.830180560,-104.83018056,0,No Special Jurisdiction,24,Guardrail Face,0,The First Harmful Event was Not a Collision with a Motor Vehicle in Transport,1,Yes,19,Other location within Interchange Area,1,Not an Intersection,0,None,,,3,On Median,1,Daylight,,,,,2,Rain,0,No,0000000,Not Applicable,11,11:00am-11:59am,51,51,11,11:00am-11:59am,53,53,12,12:00pm-12:59pm,13,13,,,,,,,1,
2023,8,80277,Colorado,4,1,3,1,1,1,1,101,PUEBLO (101),2050,PUEBLO,13,13,6,June,2023,3,Tuesday,16,4:00pm-4:59pm,10,10,0,This Section IS NOT on the NHS,2,Urban,4,Minor Arterial,4,City or Municipal Highway Agency,6,Municipal,MU-BROADWAY AVE,,0,None,38.25725000,38.25725000,-104.622041670,-104.62204167,0,No Special Jurisdiction,14,Parked Motor Vehicle,0,The First Harmful Event was Not a Collision with a Motor Vehicle in Transport,0,No,1,Non-Junction,1,Not an Intersection,0,None,,,7,In Parking Lane/Zone,1,Daylight,,,,,1,Clear,0,No,0000000,Not Applicable,16,4:00pm-4:59pm,11,11,16,4:00pm-4:59pm,14,14,88,"Not Applicable (Not Transported) ",88,Not Applicable (Not Transported),,,,,,,1,
2023,8,80278,Colorado,1,1,0,1,1,1,1,101,PUEBLO (101),2050,PUEBLO,15,15,6,June,2023,5,Thursday,3,3:00am-3:59am,41,41,0,This Section IS NOT on the NHS,2,Urban,5,Major Collector,4,City or Municipal Highway Agency,6,Municipal,MU-W ARROYO AVE,MU-ALLEY,0,None,38.24781111,38.24781111,-104.621302780,-104.62130278,0,No Special Jurisdiction,8,Pedestrian,0,The First Harmful Event was Not a Collision with a Motor Vehicle in Transport,0,No,3,Intersection-Related,2,Four-Way Intersection,0,None,,,1,On Roadway,3,Dark - Lighted,,,,,1,Clear,0,No,0000000,Not Applicable,3,3:00am-3:59am,42,42,3,3:00am-3:59am,45,45,3,3:00am-3:59am,54,54,,,,,,,1,
2023,8,80279,Colorado,1,1,0,0,0,1,1,29,DELTA (29),0,NOT APPLICABLE,18,18,6,June,2023,1,Sunday,6,6:00am-6:59am,15,15,1,This Section IS ON the NHS,1,Rural,3,Other Principal Arterial,1,State Highway Agency,3,State Highway,SR-92,,24,24,38.75663611,38.75663611,-108.029936110,-108.02993611,0,No Special Jurisdiction,59,"Traffic Sign Support ",0,The First Harmful Event was Not a Collision with a Motor Vehicle in Transport,0,No,1,Non-Junction,1,Not an Intersection,0,None,,,3,On Median,4,Dawn,,,,,1,Clear,0,No,0000000,Not Applicable,99,Unknown,99,Unknown,99,Unknown EMS Scene Arrival Hour,99,Unknown EMS Scene Arrival Minutes,99,Unknown,99,Unknown EMS Hospital Arrival Time,,,,,,,1,
2023,8,80280,Colorado,1,1,0,0,0,1,1,41,EL PASO (41),430,COLORADO SPRINGS,20,20,6,June,2023,3,Tuesday,21,9:00pm-9:59pm,52,52,1,This Section IS ON the NHS,2,Urban,3,Other Principal Arterial,4,City or Municipal Highway Agency,6,Municipal,MU-DUBLIN BLVD,,0,None,38.92605556,38.92605556,-104.704783330,-104.70478333,0,No Special Jurisdiction,33,Curb,0,The First Harmful Event was Not a Collision with a Motor Vehicle in Transport,0,No,1,Non-Junction,1,Not an Intersection,0,None,,,3,On Median,3,Dark - Lighted,,,,,1,Clear,0,No,0000000,Not Applicable,21,9:00pm-9:59pm,52,52,21,9:00pm-9:59pm,58,58,88,"Not Applicable (Not Transported) ",88,Not Applicable (Not Transported),,,,,,,1,
2023,8,80281,Colorado,2,2,0,0,0,6,6,109,SAGUACHE (109),0,NOT APPLICABLE,26,26,6,June,2023,2,Monday,15,3:00pm-3:59pm,49,49,1,This Section IS ON the NHS,1,Rural,3,Other Principal Arterial,1,State Highway Agency,2,U.S. Highway,US-285,,666,666,37.80205000,37.80205000,-106.148166670,-106.14816667,0,No Special Jurisdiction,31,"Post, Pole or Other Supports",0,The First Harmful Event was Not a Collision with a Motor Vehicle in Transport,0,No,1,Non-Junction,1,Not an Intersection,0,None,,,4,On Roadside,1,Daylight,,,,,1,Clear,0,No,0000000,Not Applicable,99,Unknown,99,Unknown,99,Unknown EMS Scene Arrival Hour,99,Unknown EMS Scene Arrival Minutes,99,Unknown,99,Unknown EMS Hospital Arrival Time,,,,,,,2,
2023,8,80282,Colorado,1,1,0,0,0,1,1,69,LARIMER (69),0,NOT APPLICABLE,27,27,6,June,2023,3,Tuesday,20,8:00pm-8:59pm,48,48,0,This Section IS NOT on the NHS,1,Rural,5,Major Collector,2,County Highway Agency,4,County,CR-38E,,0,None,40.49010278,40.49010278,-105.199338890,-105.19933889,0,No Special Jurisdiction,1,Rollover/Overturn,0,The First Harmful Event was Not a Collision with a Motor Vehicle in Transport,0,No,1,Non-Junction,1,Not an Intersection,0,None,,,2,On Shoulder,2,Dark - Not Lighted,,,,,1,Clear,0,No,0000000,Not Applicable,20,8:00pm-8:59pm,48,48,21,9:00pm-9:59pm,0,0,21,9:00pm-9:59pm,40,40,,,,,,,1,
2023,8,80283,Colorado,1,1,0,1,1,1,1,31,DENVER (31),600,DENVER,15,15,6,June,2023,5,Thursday,21,9:00pm-9:59pm,31,31,0,This Section IS NOT on the NHS,2,Urban,4,Minor Arterial,4,City or Municipal Highway Agency,6,Municipal,MU-S QUEBEC WAY,,0,None,39.69505556,39.69505556,-104.903461110,-104.90346111,0,No Special Jurisdiction,8,Pedestrian,0,The First Harmful Event was Not a Collision with a Motor Vehicle in Transport,0,No,1,Non-Junction,1,Not an Intersection,0,None,,,1,On Roadway,3,Dark - Lighted,,,,,2,Rain,0,No,0000000,Not Applicable,21,9:00pm-9:59pm,31,31,21,9:00pm-9:59pm,39,39,88,"Not Applicable (Not Transported) ",88,Not Applicable (Not Transported),,,,,,,1,
2023,8,80284,Colorado,1,1,0,0,0,1,1,31,DENVER (31),600,DENVER,14,14,6,June,2023,4,Wednesday,14,2:00pm-2:59pm,43,43,1,This Section IS ON the NHS,2,Urban,1,Interstate,1,State Highway Agency,1,Interstate,I-25 RAMP G,,2093,2093,39.72625000,39.72625000,-105.012836110,-105.01283611,0,No Special Jurisdiction,25,Concrete Traffic Barrier,0,The First Harmful Event was Not a Collision with a Motor Vehicle in Transport,1,Yes,5,Entrance/Exit Ramp Related,1,Not an Intersection,0,None,,,4,On Roadside,1,Daylight,,,,,1,Clear,0,No,0000000,Not Applicable,14,2:00pm-2:59pm,44,44,14,2:00pm-2:59pm,55,55,88,"Not Applicable (Not Transported) ",88,Not Applicable (Not Transported),,,,,,,1,
2023,8,80285,Colorado,1,1,0,1,1,3,3,101,PUEBLO (101),2050,PUEBLO,21,21,6,June,2023,4,Wednesday,21,9:00pm-9:59pm,56,56,1,This Section IS ON the NHS,2,Urban,3,Other Principal Arterial,1,State Highway Agency,3,State Highway,SR-96   THATCHER BLVD,,538,538,38.25846111,38.25846111,-104.643044440,-104.64304444,0,No Special Jurisdiction,38,Fence,0,The First Harmful Event was Not a Collision with a Motor Vehicle in Transport,0,No,1,Non-Junction,1,Not an Intersection,0,None,,,5,Outside Trafficway,3,Dark - Lighted,,,,,1,Clear,0,No,0000000,Not Applicable,21,9:00pm-9:59pm,57,57,21,9:00pm-9:59pm,58,58,22,10:00pm-10:59pm,16,16,,,,,,,1,
2023,8,80286,Colorado,1,1,0,0,0,1,1,41,EL PASO (41),430,COLORADO SPRINGS,25,25,6,June,2023,1,Sunday,14,2:00pm-2:59pm,38,38,1,This Section IS ON the NHS,2,Urban,1,Interstate,1,State Highway Agency,1,Interstate,I-25,,1411,1411,38.82750000,38.82750000,-104.835161110,-104.83516111,0,No Special Jurisdiction,25,Concrete Traffic Barrier,0,The First Harmful Event was Not a Collision with a Motor Vehicle in Transport,1,Yes,19,Other location within Interchange Area,1,Not an Intersection,0,None,,,3,On Median,1,Daylight,,,,,1,Clear,0,No,0000000,Not Applicable,14,2:00pm-2:59pm,38,38,15,3:00pm-3:59pm,3,3,15,3:00pm-3:59pm,10,10,,,,,,,1,
2023,8,80287,Colorado,2,2,0,0,0,3,3,123,WELD (123),1070,GREELEY,11,11,6,June,2023,1,Sunday,1,1:00am-1:59am,33,33,1,This Section IS ON the NHS,2,Urban,3,Other Principal Arterial,1,State Highway Agency,2,U.S. Highway,US-34 BYPASS,MU-47TH AVE,1091,1091,40.39210556,40.39210556,-104.756188890,-104.75618889,0,No Special Jurisdiction,12,Motor Vehicle In-Transport,6,Angle,0,No,2,Intersection,2,Four-Way Intersection,0,None,,,1,On Roadway,3,Dark - Lighted,,,,,1,Clear,0,No,0000000,Not Applicable,1,1:00am-1:59am,33,33,1,1:00am-1:59am,44,44,1,1:00am-1:59am,56,56,,,,,,,1,
2023,8,80288,Colorado,1,1,0,0,0,1,1,109,SAGUACHE (109),0,NOT APPLICABLE,30,30,6,June,2023,6,Friday,14,2:00pm-2:59pm,46,46,0,This Section IS NOT on the NHS,1,Rural,5,Major Collector,1,State Highway Agency,3,State Highway,SR-114,,353,353,38.19006667,38.19006667,-106.511338890,-106.51133889,0,No Special Jurisdiction,17,Boulder,0,The First Harmful Event was Not a Collision with a Motor Vehicle in Transport,0,No,1,Non-Junction,1,Not an Intersection,0,None,,,4,On Roadside,1,Daylight,,,,,1,Clear,0,No,0000000,Not Applicable,99,Unknown,99,Unknown,99,Unknown EMS Scene Arrival Hour,99,Unknown EMS Scene Arrival Minutes,88,"Not Applicable (Not Transported) ",88,Not Applicable (Not Transported),,,,,,,1,
2023,8,80289,Colorado,1,1,0,0,0,3,3,35,DOUGLAS (35),0,NOT APPLICABLE,30,30,6,June,2023,6,Friday,20,8:00pm-8:59pm,44,44,1,This Section IS ON the NHS,2,Urban,3,Other Principal Arterial,2,County Highway Agency,4,County,CR-S UNIVERSITY BLVD,,0,None,39.54429444,39.54429444,-104.921111110,-104.92111111,0,No Special Jurisdiction,33,Curb,0,The First Harmful Event was Not a Collision with a Motor Vehicle in Transport,0,No,1,Non-Junction,1,Not an Intersection,0,None,,,4,On Roadside,5,Dusk,,,,,1,Clear,0,No,0000000,Not Applicable,20,8:00pm-8:59pm,45,45,20,8:00pm-8:59pm,50,50,99,Unknown,99,Unknown EMS Hospital Arrival Time,,,,,,,2,
2023,8,80290,Colorado,2,2,0,0,0,2,2,123,WELD (123),100,AULT,19,19,6,June,2023,2,Monday,16,4:00pm-4:59pm,7,7,1,This Section IS ON the NHS,1,Rural,3,Other Principal Arterial,1,State Highway Agency,3,State Highway,SR-14,,1519,1519,40.58254444,40.58254444,-104.758933330,-104.75893333,0,No Special Jurisdiction,12,Motor Vehicle In-Transport,2,Front-to-Front,0,No,1,Non-Junction,1,Not an Intersection,0,None,,,1,On Roadway,1,Daylight,,,,,1,Clear,0,No,0000000,Not Applicable,16,4:00pm-4:59pm,11,11,16,4:00pm-4:59pm,22,22,17,5:00pm-5:59pm,16,16,,,,,,,1,
2023,8,80291,Colorado,2,2,0,0,0,4,4,31,DENVER (31),600,DENVER,9,9,6,June,2023,6,Friday,22,10:00pm-10:59pm,12,12,1,This Section IS ON the NHS,2,Urban,3,Other Principal Arterial,1,State Highway Agency,2,U.S. Highway,US-40   E COLFAX AVE,MU-N QUEBEC ST,3026,3026,39.74022778,39.74022778,-104.903405560,-104.90340556,0,No Special Jurisdiction,12,Motor Vehicle In-Transport,6,Angle,0,No,2,Intersection,2,Four-Way Intersection,0,None,,,1,On Roadway,3,Dark - Lighted,,,,,1,Clear,0,No,0000000,Not Applicable,22,10:00pm-10:59pm,12,12,22,10:00pm-10:59pm,15,15,22,10:00pm-10:59pm,24,24,,,,,,,1,
2023,8,80292,Colorado,1,1,0,0,0,1,1,31,DENVER (31),600,DENVER,17,17,6,June,2023,7,Saturday,20,8:00pm-8:59pm,7,7,1,This Section IS ON the NHS,2,Urban,1,Interstate,1,State Highway Agency,1,Interstate,I-70,,2710,2710,39.78402222,39.78402222,-105.045527780,-105.04552778,0,No Special Jurisdiction,25,Concrete Traffic Barrier,0,The First Harmful Event was Not a Collision with a Motor Vehicle in Transport,0,No,1,Non-Junction,1,Not an Intersection,0,None,,,3,On Median,1,Daylight,,,,,1,Clear,0,No,0000000,Not Applicable,19,7:00pm-7:59pm,58,58,20,8:00pm-8:59pm,6,6,88,"Not Applicable (Not Transported) ",88,Not Applicable (Not Transported),,,,,,,1,
2023,8,80293,Colorado,1,1,0,1,1,1,1,31,DENVER (31),600,DENVER,8,8,6,June,2023,5,Thursday,12,12:00pm-12:59pm,51,51,1,This Section IS ON the NHS,2,Urban,3,Other Principal Arterial,1,State Highway Agency,3,State Highway,SR-30   S HAVANA ST,MU-E ALAMEDA AVE,67,67,39.71091111,39.71091111,-104.866077780,-104.86607778,0,No Special Jurisdiction,8,Pedestrian,0,The First Harmful Event was Not a Collision with a Motor Vehicle in Transport,0,No,3,Intersection-Related,2,Four-Way Intersection,0,None,,,1,On Roadway,1,Daylight,,,,,1,Clear,0,No,0000000,Not Applicable,12,12:00pm-12:59pm,51,51,12,12:00pm-12:59pm,57,57,13,1:00pm-1:59pm,8,8,,,,,,,1,
2023,8,80294,Colorado,2,2,0,0,0,2,2,77,MESA (77),940,FRUITA,23,23,6,June,2023,6,Friday,1,1:00am-1:59am,15,15,1,This Section IS ON the NHS,2,Urban,1,Interstate,1,State Highway Agency,1,Interstate,I-70,,209,209,39.14441389,39.14441389,-108.714041670,-108.71404167,0,No Special Jurisdiction,12,Motor Vehicle In-Transport,2,Front-to-Front,0,No,1,Non-Junction,1,Not an Intersection,0,None,,,1,On Roadway,2,Dark - Not Lighted,,,,,1,Clear,0,No,0000000,Not Applicable,1,1:00am-1:59am,15,15,1,1:00am-1:59am,19,19,99,Unknown,99,Unknown EMS Hospital Arrival Time,,,,,,,1,
2023,8,80295,Colorado,1,1,0,0,0,2,2,31,DENVER (31),600,DENVER,29,29,6,June,2023,5,Thursday,2,2:00am-2:59am,17,17,1,This Section IS ON the NHS,2,Urban,1,Interstate,1,State Highway Agency,1,Interstate,I-225 RAMP G,,3,3,39.63388889,39.63388889,-104.903888890,-104.90388889,0,No Special Jurisdiction,58,Ground,0,The First Harmful Event was Not a Collision with a Motor Vehicle in Transport,1,Yes,5,Entrance/Exit Ramp Related,1,Not an Intersection,0,None,,,4,On Roadside,3,Dark - Lighted,,,,,1,Clear,0,No,0000000,Not Applicable,2,2:00am-2:59am,20,20,2,2:00am-2:59am,44,44,3,3:00am-3:59am,4,4,,,,,,,1,
2023,8,80296,Colorado,1,1,0,1,1,1,1,13,BOULDER (13),1530,LONGMONT,24,24,6,June,2023,7,Saturday,10,10:00am-10:59am,45,45,0,This Section IS NOT on the NHS,2,Urban,7,Local,4,City or Municipal Highway Agency,6,Municipal,MU-S BOWEN ST,SR-119  KEN PRATT BLVD,0,None,40.15273889,40.15273889,-105.112008330,-105.11200833,0,No Special Jurisdiction,8,Pedestrian,0,The First Harmful Event was Not a Collision with a Motor Vehicle in Transport,0,No,3,Intersection-Related,2,Four-Way Intersection,0,None,,,1,On Roadway,1,Daylight,,,,,1,Clear,0,No,0000000,Not Applicable,10,10:00am-10:59am,44,44,10,10:00am-10:59am,49,49,11,11:00am-11:59am,0,0,,,,,,,1,
2023,8,80297,Colorado,3,3,0,0,0,5,5,85,MONTROSE (85),1700,MONTROSE,29,29,6,June,2023,5,Thursday,13,1:00pm-1:59pm,20,20,1,This Section IS ON the NHS,2,Urban,3,Other Principal Arterial,1,State Highway Agency,2,U.S. Highway,US-50   N TOWNSEND AVE,MU-LASALLE RD,905,905,38.50404444,38.50404444,-107.905580560,-107.90558056,0,No Special Jurisdiction,12,Motor Vehicle In-Transport,1,Front-to-Rear,0,No,3,Intersection-Related,2,Four-Way Intersection,0,None,,,1,On Roadway,1,Daylight,,,,,1,Clear,0,No,0000000,Not Applicable,13,1:00pm-1:59pm,20,20,13,1:00pm-1:59pm,27,27,13,1:00pm-1:59pm,43,43,,,,,,,1,
2023,8,80298,Colorado,2,2,0,0,0,2,2,123,WELD (123),1522,LOCHBUIE,24,24,6,June,2023,7,Saturday,10,10:00am-10:59am,28,28,0,This Section IS NOT on the NHS,1,Rural,7,Local,3,Town or Township Highway Agency,5,Township,TS-4,,0,None,40.01503333,40.01503333,-104.732444440,-104.73244444,0,No Special Jurisdiction,12,Motor Vehicle In-Transport,7,Sideswipe - Same Direction,0,No,1,Non-Junction,1,Not an Intersection,0,None,,,1,On Roadway,1,Daylight,,,,,1,Clear,0,No,0000000,Not Applicable,10,10:00am-10:59am,29,29,10,10:00am-10:59am,31,31,88,"Not Applicable (Not Transported) ",88,Not Applicable (Not Transported),,,,,,,1,
2023,8,80299,Colorado,2,2,0,0,0,4,4,29,DELTA (29),590,DELTA,10,10,6,June,2023,7,Saturday,9,9:00am-9:59am,16,16,0,This Section IS NOT on the NHS,2,Urban,5,Major Collector,4,City or Municipal Highway Agency,6,Municipal,MU-E 3RD ST,MU-RICH ST,0,None,38.74310833,38.74310833,-108.059111110,-108.05911111,0,No Special Jurisdiction,1,Rollover/Overturn,0,The First Harmful Event was Not a Collision with a Motor Vehicle in Transport,0,No,3,Intersection-Related,3,T-Intersection,0,None,,,1,On Roadway,1,Daylight,,,,,1,Clear,0,No,0000000,Not Applicable,9,9:00am-9:59am,17,17,9,9:00am-9:59am,22,22,9,9:00am-9:59am,39,39,,,,,,,1,
2023,8,80300,Colorado,1,1,0,0,0,2,2,31,DENVER (31),600,DENVER,5,5,6,June,2023,2,Monday,2,2:00am-2:59am,49,49,1,This Section IS ON the NHS,2,Urban,3,Other Principal Arterial,1,State Highway Agency,3,State Highway,SR-95   N SHERIDAN BLVD,,95,95,39.79055556,39.79055556,-105.053355560,-105.05335556,0,No Special Jurisdiction,33,Curb,0,The First Harmful Event was Not a Collision with a Motor Vehicle in Transport,0,No,1,Non-Junction,1,Not an Intersection,0,None,,,4,On Roadside,2,Dark - Not Lighted,,,,,1,Clear,0,No,0000000,Not Applicable,2,2:00am-2:59am,52,52,3,3:00am-3:59am,6,6,99,Unknown,99,Unknown EMS Hospital Arrival Time,,,,,,,1,
2023,8,80301,Colorado,1,1,0,0,0,1,1,33,DOLORES (33),0,NOT APPLICABLE,4,4,6,June,2023,1,Sunday,3,3:00am-3:59am,33,33,1,This Section IS ON the NHS,1,Rural,3,Other Principal Arterial,1,State Highway Agency,3,State Highway,SR-145,,492,492,37.72133333,37.72133333,-108.030966670,-108.03096667,0,No Special Jurisdiction,24,Guardrail Face,0,The First Harmful Event was Not a Collision with a Motor Vehicle in Transport,0,No,1,Non-Junction,1,Not an Intersection,0,None,,,4,On Roadside,2,Dark - Not Lighted,,,,,1,Clear,0,No,0000000,Not Applicable,99,Unknown,99,Unknown,99,Unknown EMS Scene Arrival Hour,99,Unknown EMS Scene Arrival Minutes,88,"Not Applicable (Not Transported) ",88,Not Applicable (Not Transported),,,,,,,1,
2023,8,80302,Colorado,2,2,0,0,0,5,5,43,FREMONT (43),0,NOT APPLICABLE,21,21,6,June,2023,4,Wednesday,15,3:00pm-3:59pm,12,12,1,This Section IS ON the NHS,1,Rural,3,Other Principal Arterial,1,State Highway Agency,2,U.S. Highway,US-50,CR-ZIP LINE RD,2678,2678,38.48701111,38.48701111,-105.371533330,-105.37153333,0,No Special Jurisdiction,12,Motor Vehicle In-Transport,6,Angle,0,No,2,Intersection,3,T-Intersection,0,None,,,1,On Roadway,1,Daylight,,,,,1,Clear,0,No,0000000,Not Applicable,99,Unknown,99,Unknown,99,Unknown EMS Scene Arrival Hour,99,Unknown EMS Scene Arrival Minutes,88,"Not Applicable (Not Transported) ",88,Not Applicable (Not Transported),,,,,,,1,