caseyear,state,st_case,statename,ve_total,ve_forms,pvh_invl,peds,pernotmvit,permvit,persons,county,countyname,city,cityname,day,dayname,month,monthname,year,day_week,day_weekname,hour,hourname,minute,minutename,nhs,nhsname,rur_urb,rur_urbname,func_sys,func_sysname,rd_owner,rd_ownername,route,routename,tway_id,tway_id2,milept,mileptname,latitude,latitudename,longitud,longitudname,sp_jur,sp_jurname,harm_ev,harm_evname,man_coll,man_collname,reljct1,reljct1name,reljct2,reljct2name,typ_int,typ_intname,wrk_zone,wrk_zonename,road_fnc,road_fncname,rel_road,rel_roadname,lgt_cond,lgt_condname,weather1,weather1name,weather2,weather2name,weather,weathername,sch_bus,sch_busname,rail,railname,not_hour,not_hourname,not_min,not_minname,arr_hour,arr_hourname,arr_min,arr_minname,hosp_hr,hosp_hrname,hosp_mn,hosp_mnname,cf1,cf1name,cf2,cf2name,cf3,cf3name,fatals,drunk_dr
2023,8,80303,Colorado,4,4,0,0,0,9,9,123,WELD (123),0,NOT APPLICABLE,2,2,7,July,2023,1,Sunday,16,4:00pm-4:59pm,29,29,1,This Section IS ON the NHS,2,Urban,3,Other Principal Arterial,1,State Highway Agency,2,U.S. Highway,US-85,CR-52,2634,2634,40.35989444,40.35989444,-104.696686110,-104.69668611,0,No Special Jurisdiction,12,Motor Vehicle In-Transport,6,Angle,0,No,2,Intersection,2,Four-Way Intersection,0,None,,,1,On Roadway,1,Daylight,,,,,1,Clear,0,No,0000000,Not Applicable,99,Unknown,99,Unknown,99,Unknown EMS Scene Arrival Hour,99,Unknown EMS Scene Arrival Minutes,99,Unknown,99,Unknown EMS Hospital Arrival Time,,,,,,,1,
2023,8,80304,Colorado,1,1,0,0,0,1,1,69,LARIMER (69),860,FORT COLLINS,2,2,7,July,2023,1,Sunday,7,7:00am-7:59am,48,48,1,This Section IS ON the NHS,2,Urban,1,Interstate,1,State Highway Agency,1,Interstate,I-25,,2678,2678,40.55736111,40.55736111,-105.001416670,-105.00141667,0,No Special Jurisdiction,1,Rollover/Overturn,0,The First Harmful Event was Not a Collision with a Motor Vehicle in Transport,0,No,1,Non-Junction,1,Not an Intersection,0,None,,,10,Separator,1,Daylight,,,,,1,Clear,0,No,0000000,Not Applicable,7,7:00am-7:59am,48,48,7,7:00am-7:59am,55,55,88,"Not Applicable (Not Transported) ",88,Not Applicable (Not Transported),,,,,,,1,
2023,8,80305,Colorado,1,1,0,1,1,1,1,1,ADAMS (1),800,FEDERAL HEIGHTS,2,2,7,July,2023,1,Sunday,21,9:00pm-9:59pm,23,23,0,This Section IS NOT on the NHS,2,Urban,7,Local,4,City or Municipal Highway Agency,6,Municipal,MU-ELM CT,,0,None,39.86535278,39.86535278,-105.022683330,-105.02268333,0,No Special Jurisdiction,8,Pedestrian,0,The First Harmful Event was Not a Collision with a Motor Vehicle in Transport,0,No,1,Non-Junction,1,Not an Intersection,0,None,,,1,On Roadway,3,Dark - Lighted,,,,,1,Clear,0,No,0000000,Not Applicable,99,Unknown,99,Unknown,99,Unknown EMS Scene Arrival Hour,99,Unknown EMS Scene Arrival Minutes,99,Unknown,99,Unknown EMS Hospital Arrival Time,,,,,,,1,
2023,8,80306,Colorado,3,3,0,0,0,4,4,13,BOULDER (13),0,NOT APPLICABLE,3,3,7,July,2023,2,Monday,11,11:00am-11:59am,47,47,0,This Section IS NOT on the NHS,1,Rural,4,Minor Arterial,1,State Highway Agency,3,State Highway,SR-72,SR-119,294,294,39.94007222,39.94007222,-105.503861110,-105.50386111,0,No Special Jurisdiction,12,Motor Vehicle In-Transport,6,Angle,0,No,2,Intersection,3,T-Intersection,0,None,,,1,On Roadway,1,Daylight,,,,,1,Clear,0,No,0000000,Not Applicable,11,11:00am-11:59am,49,49,11,11:00am-11:59am,56,56,88,"Not Applicable (Not Transported) ",88,Not Applicable (Not Transported),,,,,,,1,
2023,8,80307,Colorado,2,2,0,0,0,2,2,1,ADAMS (1),110,AURORA,3,3,7,July,2023,2,Monday,21,9:00pm-9:59pm,13,13,1,This Section IS ON the NHS,2,Urban,3,Other Principal Arterial,1,State Highway Agency,2,U.S. Highway,US-40   E COLFAX AVE,MU-N ROOSEVELT WAY,3087,3087,39.74029444,39.74029444,-104.786863890,-104.78686389,0,No Special Jurisdiction,12,Motor Vehicle In-Transport,6,Angle,0,No,2,Intersection,3,T-Intersection,0,None,,,1,On Roadway,3,Dark - Lighted,,,,,2,Rain,0,No,0000000,Not Applicable,21,9:00pm-9:59pm,13,13,21,9:00pm-9:59pm,15,15,88,"Not Applicable (Not Transported) ",88,Not Applicable (Not Transported),,,,,,,1,
2023,8,80308,Colorado,1,1,0,0,0,4,4,75,LOGAN (75),0,NOT APPLICABLE,4,4,7,July,2023,3,Tuesday,5,5:00am-5:59am,56,56,0,This Section IS NOT on the NHS,1,Rural,5,Major Collector,1,State Highway Agency,3,State Highway,SR-61,,223,223,40.44941667,40.44941667,-103.007722220,-103.00772222,0,No Special Jurisdiction,1,Rollover/Overturn,0,The First Harmful Event was Not a Collision with a Motor Vehicle in Transport,0,No,1,Non-Junction,1,Not an Intersection,0,None,,,4,On Roadside,1,Daylight,,,,,1,Clear,0,No,0000000,Not Applicable,5,5:00am-5:59am,57,57,6,6:00am-6:59am,18,18,6,6:00am-6:59am,58,58,,,,,,,2,
2023,8,80309,Colorado,1,1,0,0,0,2,2,1,ADAMS (1),2427,THORNTON,2,2,7,July,2023,1,Sunday,1,1:00am-1:59am,51,51,0,This Section IS NOT on the NHS,2,Urban,7,Local,4,City or Municipal Highway Agency,6,Municipal,MU-STEELE ST,,0,None,39.92022222,39.92022222,-104.949613890,-104.94961389,0,No Special Jurisdiction,33,Curb,0,The First Harmful Event was Not a Collision with a Motor Vehicle in Transport,0,No,1,Non-Junction,1,Not an Intersection,0,None,,,4,On Roadside,3,Dark - Lighted,,,,,1,Clear,0,No,0000000,Not Applicable,1,1:00am-1:59am,58,58,2,2:00am-2:59am,1,1,99,Unknown,99,Unknown EMS Hospital Arrival Time,,,,,,,1,
2023,8,80310,Colorado,2,2,0,0,0,3,3,5,ARAPAHOE (5),110,AURORA,6,6,7,July,2023,5,Thursday,13,1:00pm-1:59pm,21,21,1,This Section IS ON the NHS,2,Urban,3,Other Principal Arterial,4,City or Municipal Highway Agency,6,Municipal,MU-E QUINCY AVE,MU-S JASPER ST,0,None,39.63842778,39.63842778,-104.804513890,-104.80451389,0,No Special Jurisdiction,12,Motor Vehicle In-Transport,6,Angle,0,No,2,Intersection,3,T-Intersection,0,None,,,1,On Roadway,1,Daylight,,,,,1,Clear,0,No,0000000,Not Applicable,13,1:00pm-1:59pm,21,21,13,1:00pm-1:59pm,24,24,13,1:00pm-1:59pm,40,40,,,,,,,1,
2023,8,80311,Colorado,1,1,0,0,0,1,1,59,JEFFERSON (59),0,NOT APPLICABLE,8,8,7,July,2023,7,Saturday,14,2:00pm-2:59pm,2,2,0,This Section IS NOT on the NHS,1,Rural,5,Major Collector,2,County Highway Agency,4,County,CR-LOOKOUT MTN RD,,0,None,39.73589167,39.73589167,-105.244380560,-105.24438056,0,No Special Jurisdiction,24,Guardrail Face,0,The First Harmful Event was Not a Collision with a Motor Vehicle in Transport,0,No,1,Non-Junction,1,Not an Intersection,0,None,,,4,On Roadside,1,Daylight,,,,,10,Cloudy,0,No,0000000,Not Applicable,14,2:00pm-2:59pm,2,2,14,2:00pm-2:59pm,9,9,88,"Not Applicable (Not Transported) ",88,Not Applicable (Not Transported),,,,,,,1,
2023,8,80312,Colorado,1,1,0,0,0,1,1,93,PARK (93),0,NOT APPLICABLE,8,8,7,July,2023,7,Saturday,13,1:00pm-1:59pm,36,36,0,This Section IS NOT on the NHS,1,Rural,5,Major Collector,2,County Highway Agency,4,County,CR-77,,236,236,39.18430833,39.18430833,-105.535219440,-105.53521944,0,No Special Jurisdiction,38,Fence,0,The First Harmful Event was Not a Collision with a Motor Vehicle in Transport,0,No,1,Non-Junction,1,Not an Intersection,0,None,,,5,Outside Trafficway,1,Daylight,,,,,1,Clear,0,No,0000000,Not Applicable,99,Unknown,99,Unknown,99,Unknown EMS Scene Arrival Hour,99,Unknown EMS Scene Arrival Minutes,88,"Not Applicable (Not Transported) ",88,Not Applicable (Not Transported),,,,,,,1,
2023,8,80313,Colorado,2,2,0,0,0,2,2,69,LARIMER (69),0,NOT APPLICABLE,8,8,7,July,2023,7,Saturday,10,10:00am-10:59am,45,45,1,This Section IS ON the NHS,1,Rural,3,Other Principal Arterial,1,State Highway Agency,2,U.S. Highway,US-287,,3836,3836,40.98170000,40.98170000,-105.394022220,-105.39402222,0,No Special Jurisdiction,12,Motor Vehicle In-Transport,1,Front-to-Rear,0,No,8,Driveway Access Related,1,Not an Intersection,0,None,,,1,On Roadway,1,Daylight,,,,,10,Cloudy,0,No,0000000,Not Applicable,10,10:00am-10:59am,46,46,11,11:00am-11:59am,9,9,99,Unknown,99,Unknown EMS Hospital Arrival Time,,,,,,,1,
2023,8,80314,Colorado,1,1,0,0,0,1,1,77,MESA (77),0,NOT APPLICABLE,8,8,7,July,2023,7,Saturday,10,10:00am-10:59am,20,20,1,This Section IS ON the NHS,1,Rural,1,Interstate,1,State Highway Agency,1,Interstate,I-70,,58,58,39.22018056,39.22018056,-108.958213890,-108.95821389,0,No Special Jurisdiction,31,"Post, Pole or Other Supports",0,The First Harmful Event was Not a Collision with a Motor Vehicle in Transport,0,No,1,Non-Junction,1,Not an Intersection,0,None,,,3,On Median,1,Daylight,,,,,1,Clear,0,No,0000000,Not Applicable,10,10:00am-10:59am,21,21,99,Unknown EMS Scene Arrival Hour,99,Unknown EMS Scene Arrival Minutes,88,"Not Applicable (Not Transported) ",88,Not Applicable (Not Transported),,,,,,,1,
2023,8,80315,Colorado,1,1,0,0,0,1,1,105,RIO GRANDE (105),0,NOT APPLICABLE,8,8,7,July,2023,7,Saturday,22,10:00pm-10:59pm,38,38,1,This Section IS ON the NHS,1,Rural,3,Other Principal Arterial,1,State Highway Agency,2,U.S. Highway,US-160,,2185,2185,37.56391667,37.56391667,-106.103938890,-106.10393889,0,No Special Jurisdiction,38,Fence,0,The First Harmful Event was Not a Collision with a Motor Vehicle in Transport,0,No,1,Non-Junction,1,Not an Intersection,0,None,,,5,Outside Trafficway,2,Dark - Not Lighted,,,,,1,Clear,0,No,0000000,Not Applicable,99,Unknown,99,Unknown,99,Unknown EMS Scene Arrival Hour,99,Unknown EMS Scene Arrival Minutes,88,"Not Applicable (Not Transported) ",88,Not Applicable (Not Transported),,,,,,,1,
2023,8,80316,Colorado,2,2,0,0,0,2,2,29,DELTA (29),1862,ORCHARD CITY,8,8,7,July,2023,7,Saturday,10,10:00am-10:59am,4,4,0,This Section IS NOT on the NHS,1,Rural,4,Minor Arterial,1,State Highway Agency,3,State Highway,SR-65,CR-2100,52,52,38.82927778,38.82927778,-107.971202780,-107.97120278,0,No Special Jurisdiction,12,Motor Vehicle In-Transport,2,Front-to-Front,0,No,2,Intersection,3,T-Intersection,0,None,,,1,On Roadway,1,Daylight,,,,,1,Clear,0,No,0000000,Not Applicable,99,Unknown,99,Unknown,99,Unknown EMS Scene Arrival Hour,99,Unknown EMS Scene Arrival Minutes,99,Unknown,99,Unknown EMS Hospital Arrival Time,,,,,,,1,
2023,8,80317,Colorado,2,2,0,0,0,6,6,31,DENVER (31),600,DENVER,8,8,7,July,2023,7,Saturday,23,11:00pm-11:59pm,52,52,1,This Section IS ON the NHS,2,Urban,3,Other Principal Arterial,4,City or Municipal Highway Agency,6,Municipal,MU-E 56TH AVE,MU-N JOLIET ST,0,None,39.79835278,39.79835278,-104.861361110,-104.86136111,0,No Special Jurisdiction,12,Motor Vehicle In-Transport,6,Angle,0,No,2,Intersection,3,T-Intersection,0,None,,,1,On Roadway,2,Dark - Not Lighted,,,,,2,Rain,0,No,0000000,Not Applicable,99,Unknown,99,Unknown,99,Unknown EMS Scene Arrival Hour,99,Unknown EMS Scene Arrival Minutes,99,Unknown,99,Unknown EMS Hospital Arrival Time,,,,,,,1,
2023,8,80318,Colorado,3,3,0,0,0,5,5,35,DOUGLAS (35),0,NOT APPLICABLE,9,9,7,July,2023,1,Sunday,15,3:00pm-3:59pm,9,9,0,This Section IS NOT on the NHS,1,Rural,6,Minor Collector,2,County Highway Agency,4,County,CR-S PERRY PARK RD,,0,None,39.13361111,39.13361111,-104.909705560,-104.90970556,0,No Special Jurisdiction,12,Motor Vehicle In-Transport,2,Front-to-Front,0,No,1,Non-Junction,1,Not an Intersection,0,None,,,1,On Roadway,1,Daylight,,,,,1,Clear,0,No,0000000,Not Applicable,15,3:00pm-3:59pm,9,9,15,3:00pm-3:59pm,30,30,99,Unknown,99,Unknown EMS Hospital Arrival Time,,,,,,,1,
2023,8,80319,Colorado,1,1,0,0,0,1,1,123,WELD (123),1620,MEAD,3,3,7,July,2023,2,Monday,19,7:00pm-7:59pm,1,1,0,This Section IS NOT on the NHS,1,Rural,5,Major Collector,3,Town or Township Highway Agency,5,Township,TS-COLORADO BLVD,,0,None,40.21878611,40.21878611,-104.941833330,-104.94183333,0,No Special Jurisdiction,33,Curb,0,The First Harmful Event was Not a Collision with a Motor Vehicle in Transport,0,No,1,Non-Junction,1,Not an Intersection,1,Construction,,,4,On Roadside,1,Daylight,,,,,1,Clear,0,No,0000000,Not Applicable,19,7:00pm-7:59pm,5,5,19,7:00pm-7:59pm,10,10,88,"Not Applicable (Not Transported) ",88,Not Applicable (Not Transported),,,,,,,1,
2023,8,80320,Colorado,2,2,0,0,0,3,3,1,ADAMS (1),110,AURORA,10,10,7,July,2023,2,Monday,2,2:00am-2:59am,3,3,1,This Section IS ON the NHS,2,Urban,3,Other Principal Arterial,4,City or Municipal Highway Agency,6,Municipal,MU-N CHAMBERS RD,I-70 RAMPS,0,None,39.77008889,39.77008889,-104.809772220,-104.80977222,0,No Special Jurisdiction,12,Motor Vehicle In-Transport,1,Front-to-Rear,1,Yes,3,Intersection-Related,2,Four-Way Intersection,0,None,,,1,On Roadway,3,Dark - Lighted,,,,,1,Clear,0,No,0000000,Not Applicable,2,2:00am-2:59am,3,3,2,2:00am-2:59am,9,9,99,Unknown,99,Unknown EMS Hospital Arrival Time,,,,,,,1,
2023,8,80321,Colorado,1,1,0,1,1,1,1,59,JEFFERSON (59),2550,WESTMINSTER,4,4,7,July,2023,3,Tuesday,22,10:00pm-10:59pm,37,37,1,This Section IS ON the NHS,2,Urban,3,Other Principal Arterial,4,City or Municipal Highway Agency,6,Municipal,MU-SHERIDAN BLVD,,0,None,39.89089444,39.89089444,-105.053152780,-105.05315278,0,No Special Jurisdiction,8,Pedestrian,0,The First Harmful Event was Not a Collision with a Motor Vehicle in Transport,0,No,1,Non-Junction,1,Not an Intersection,0,None,,,1,On Roadway,3,Dark - Lighted,,,,,10,Cloudy,0,No,0000000,Not Applicable,22,10:00pm-10:59pm,37,37,22,10:00pm-10:59pm,37,37,88,"Not Applicable (Not Transported) ",88,Not Applicable (Not Transported),,,,,,,1,
2023,8,80322,Colorado,1,1,0,0,0,3,3,77,MESA (77),0,NOT APPLICABLE,10,10,7,July,2023,2,Monday,17,5:00pm-5:59pm,28,28,1,This Section IS ON the NHS,2,Urban,1,Interstate,1,State Highway Agency,1,Interstate,I-70,,413,413,39.11955556,39.11955556,-108.364800000,-108.36480000,0,No Special Jurisdiction,31,"Post, Pole or Other Supports",0,The First Harmful Event was Not a Collision with a Motor Vehicle in Transport,1,Yes,19,Other location within Interchange Area,1,Not an Intersection,0,None,,,3,On Median,1,Daylight,,,,,10,Cloudy,0,No,0000000,Not Applicable,99,Unknown,99,Unknown,99,Unknown EMS Scene Arrival Hour,99,Unknown EMS Scene Arrival Minutes,99,Unknown,99,Unknown EMS Hospital Arrival Time,,,,,,,1,
2023,8,80323,Colorado,2,2,0,0,0,2,2,123,WELD (123),0,NOT APPLICABLE,11,11,7,July,2023,3,Tuesday,5,5:00am-5:59am,24,24,1,This Section IS ON the NHS,1,Rural,2,Other Freeways and Expressways,1,State Highway Agency,2,U.S. Highway,US-85,,2540,2540,40.25387500,40.25387500,-104.808469440,-104.80846944,0,No Special Jurisdiction,12,Motor Vehicle In-Transport,2,Front-to-Front,0,No,1,Non-Junction,1,Not an Intersection,0,None,,,1,On Roadway,4,Dawn,,,,,1,Clear,0,No,0000000,Not Applicable,5,5:00am-5:59am,26,26,5,5:00am-5:59am,31,31,6,6:00am-6:59am,13,13,,,,,,,1,
2023,8,80324,Colorado,1,1,0,0,0,1,1,1,ADAMS (1),0,NOT APPLICABLE,9,9,7,July,2023,1,Sunday,1,1:00am-1:59am,50,50,1,This Section IS ON the NHS,2,Urban,1,Interstate,1,State Highway Agency,1,Interstate,I-25 RAMP G,,2161,2161,39.81426667,39.81426667,-104.982447220,-104.98244722,0,No Special Jurisdiction,25,Concrete Traffic Barrier,0,The First Harmful Event was Not a Collision with a Motor Vehicle in Transport,1,Yes,5,Entrance/Exit Ramp Related,1,Not an Intersection,0,None,,,4,On Roadside,3,Dark - Lighted,,,,,10,Cloudy,0,No,0000000,Not Applicable,99,Unknown,99,Unknown,99,Unknown EMS Scene Arrival Hour,99,Unknown EMS Scene Arrival Minutes,99,Unknown,99,Unknown EMS Hospital Arrival Time,,,,,,,1,
2023,8,80325,Colorado,1,1,0,0,0,1,1,91,OURAY (91),0,NOT APPLICABLE,13,13,7,July,2023,5,Thursday,13,1:00pm-1:59pm,5,5,1,This Section IS ON the NHS,1,Rural,3,Other Principal Arterial,1,State Highway Agency,2,U.S. Highway,US-550,,815,815,37.91199167,37.91199167,-107.702480560,-107.70248056,0,No Special Jurisdiction,1,Rollover/Overturn,0,The First Harmful Event was Not a Collision with a Motor Vehicle in Transport,0,No,1,Non-Junction,1,Not an Intersection,0,None,,,5,Outside Trafficway,1,Daylight,,,,,1,Clear,0,No,0000000,Not Applicable,99,Unknown,99,Unknown,99,Unknown EMS Scene Arrival Hour,99,Unknown EMS Scene Arrival Minutes,88,"Not Applicable (Not Transported) ",88,Not Applicable (Not Transported),,,,,,,1,
2023,8,80326,Colorado,2,2,0,0,0,3,3,17,CHEYENNE (17),0,NOT APPLICABLE,13,13,7,July,2023,5,Thursday,1,1:00am-1:59am,20,20,1,This Section IS ON the NHS,1,Rural,3,Other Principal Arterial,1,State Highway Agency,2,U.S. Highway,US-287,,1282,1282,38.68991111,38.68991111,-102.775816670,-102.77581667,0,No Special Jurisdiction,12,Motor Vehicle In-Transport,2,Front-to-Front,0,No,1,Non-Junction,1,Not an Intersection,0,None,,,1,On Roadway,2,Dark - Not Lighted,,,,,10,Cloudy,0,No,0000000,Not Applicable,99,Unknown,99,Unknown,99,Unknown EMS Scene Arrival Hour,99,Unknown EMS Scene Arrival Minutes,88,"Not Applicable (Not Transported) ",88,Not Applicable (Not Transported),,,,,,,3,
2023,8,80327,Colorado,1,1,0,0,0,2,2,55,HUERFANO (55),0,NOT APPLICABLE,13,13,7,July,2023,5,Thursday,15,3:00pm-3:59pm,15,15,0,This Section IS NOT on the NHS,1,Rural,4,Minor Arterial,1,State Highway Agency,3,State Highway,SR-69,,263,263,37.78602778,37.78602778,-105.178233330,-105.17823333,0,No Special Jurisdiction,1,Rollover/Overturn,0,The First Harmful Event was Not a Collision with a Motor Vehicle in Transport,0,No,1,Non-Junction,1,Not an Intersection,0,None,,,1,On Roadway,1,Daylight,,,,,1,Clear,0,No,0000000,Not Applicable,99,Unknown,99,Unknown,99,Unknown EMS Scene Arrival Hour,99,Unknown EMS Scene Arrival Minutes,99,Unknown,99,Unknown EMS Hospital Arrival Time,,,,,,,1,
2023,8,80328,Colorado,3,3,0,0,0,4,4,35,DOUGLAS (35),0,NOT APPLICABLE,13,13,7,July,2023,5,Thursday,17,5:00pm-5:59pm,47,47,1,This Section IS ON the NHS,2,Urban,3,Other Principal Arterial,2,County Highway Agency,4,County,CR-S UNIVERSITY BLVD,,0,None,39.55756667,39.55756667,-104.957800000,-104.95780000,0,No Special Jurisdiction,12,Motor Vehicle In-Transport,6,Angle,0,No,8,Driveway Access Related,1,Not an Intersection,0,None,,,1,On Roadway,1,Daylight,,,,,1,Clear,0,No,0000000,Not Applicable,17,5:00pm-5:59pm,57,57,18,6:00pm-6:59pm,20,20,88,"Not Applicable (Not Transported) ",88,Not Applicable (Not Transported),,,,,,,1,
2023,8,80329,Colorado,2,2,0,0,0,4,4,1,ADAMS (1),2550,WESTMINSTER,7,7,7,July,2023,6,Friday,16,4:00pm-4:59pm,8,8,0,This Section IS NOT on the NHS,2,Urban,4,Minor Arterial,4,City or Municipal Highway Agency,6,Municipal,MU-W 136TH AVE,MU-N ORCHARD PKWY,0,None,39.94320278,39.94320278,-104.992986110,-104.99298611,0,No Special Jurisdiction,12,Motor Vehicle In-Transport,6,Angle,0,No,2,Intersection,2,Four-Way Intersection,0,None,,,1,On Roadway,1,Daylight,,,,,10,Cloudy,0,No,0000000,Not Applicable,16,4:00pm-4:59pm,17,17,16,4:00pm-4:59pm,34,34,17,5:00pm-5:59pm,3,3,,,,,,,1,
2023,8,80330,Colorado,2,2,0,0,0,2,2,1,ADAMS (1),0,NOT APPLICABLE,14,14,7,July,2023,6,Friday,16,4:00pm-4:59pm,34,34,0,This Section IS NOT on the NHS,2,Urban,4,Minor Arterial,2,County Highway Agency,4,County,CR-E 58TH AVE,CR-OGDEN ST,0,None,39.80195000,39.80195000,-104.975055560,-104.97505556,0,No Special Jurisdiction,1,Rollover/Overturn,0,The First Harmful Event was Not a Collision with a Motor Vehicle in Transport,0,No,3,Intersection-Related,2,Four-Way Intersection,0,None,,,1,On Roadway,1,Daylight,,,,,1,Clear,0,No,0000000,Not Applicable,99,Unknown,99,Unknown,99,Unknown EMS Scene Arrival Hour,99,Unknown EMS Scene Arrival Minutes,88,"Not Applicable (Not Transported) ",88,Not Applicable (Not Transported),,,,,,,1,
2023,8,80331,Colorado,1,1,0,0,0,2,2,113,SAN MIGUEL (113),0,NOT APPLICABLE,15,15,7,July,2023,7,Saturday,15,3:00pm-3:59pm,36,36,0,This Section IS NOT on the NHS,1,Rural,5,Major Collector,1,State Highway Agency,3,State Highway,SR-141,,214,214,38.03077222,38.03077222,-108.884861110,-108.88486111,0,No Special Jurisdiction,24,Guardrail Face,0,The First Harmful Event was Not a Collision with a Motor Vehicle in Transport,0,No,1,Non-Junction,1,Not an Intersection,0,None,,,4,On Roadside,1,Daylight,,,,,1,Clear,0,No,0000000,Not Applicable,99,Unknown,99,Unknown,99,Unknown EMS Scene Arrival Hour,99,Unknown EMS Scene Arrival Minutes,99,Unknown,99,Unknown EMS Hospital Arrival Time,,,,,,,1,
2023,8,80332,Colorado,1,1,0,0,0,1,1,41,EL PASO (41),0,NOT APPLICABLE,16,16,7,July,2023,1,Sunday,16,4:00pm-4:59pm,55,55,0,This Section IS NOT on the NHS,1,Rural,4,Minor Arterial,2,County Highway Agency,4,County,CR-N ELLICOTT HWY,,0,None,38.91011667,38.91011667,-104.387027780,-104.38702778,0,No Special Jurisdiction,1,Rollover/Overturn,0,The First Harmful Event was Not a Collision with a Motor Vehicle in Transport,0,No,1,Non-Junction,1,Not an Intersection,0,None,,,4,On Roadside,1,Daylight,,,,,1,Clear,0,No,0000000,Not Applicable,99,Unknown,99,Unknown,99,Unknown EMS Scene Arrival Hour,99,Unknown EMS Scene Arrival Minutes,88,"Not Applicable (Not Transported) ",88,Not Applicable (Not Transported),,,,,,,1,
2023,8,80333,Colorado,2,2,0,0,0,2,2,77,MESA (77),0,NOT APPLICABLE,13,13,7,July,2023,5,Thursday,10,10:00am-10:59am,30,30,0,This Section IS NOT on the NHS,1,Rural,6,Minor Collector,2,County Highway Agency,4,County,CR-J,CR-20,0,None,39.14981111,39.14981111,-108.682500000,-108.68250000,0,No Special Jurisdiction,12,Motor Vehicle In-Transport,6,Angle,0,No,2,Intersection,2,Four-Way Intersection,0,None,,,1,On Roadway,1,Daylight,,,,,1,Clear,0,No,0000000,Not Applicable,10,10:00am-10:59am,35,35,10,10:00am-10:59am,38,38,88,"Not Applicable (Not Transported) ",88,Not Applicable (Not Transported),,,,,,,1,
2023,8,80334,Colorado,3,3,0,0,0,3,3,5,ARAPAHOE (5),110,AURORA,13,13,7,July,2023,5,Thursday,7,7:00am-7:59am,29,29,0,This Section IS NOT on the NHS,2,Urban,4,Minor Arterial,4,City or Municipal Highway Agency,6,Municipal,MU-N PICADILLY RD,MU-E 11TH AVE,0,None,39.73286111,39.73286111,-104.734941670,-104.73494167,0,No Special Jurisdiction,12,Motor Vehicle In-Transport,2,Front-to-Front,0,No,3,Intersection-Related,3,T-Intersection,0,None,,,1,On Roadway,1,Daylight,,,,,1,Clear,0,No,0000000,Not Applicable,7,7:00am-7:59am,33,33,7,7:00am-7:59am,40,40,99,Unknown,99,Unknown EMS Hospital Arrival Time,,,,,,,1,
2023,8,80335,Colorado,1,1,0,0,0,3,3,5,ARAPAHOE (5),110,AURORA,16,16,7,July,2023,1,Sunday,3,3:00am-3:59am,30,30,1,This Section IS ON the NHS,2,Urban,1,Interstate,1,State Highway Agency,1,Interstate,I-225,,86,86,39.71986111,39.71986111,-104.826475000,-104.82647500,0,No Special Jurisdiction,25,Concrete Traffic Barrier,0,The First Harmful Event was Not a Collision with a Motor Vehicle in Transport,0,No,1,Non-Junction,1,Not an Intersection,0,None,,,3,On Median,3,Dark - Lighted,,,,,1,Clear,0,No,0000000,Not Applicable,3,3:00am-3:59am,35,35,3,3:00am-3:59am,42,42,3,3:00am-3:59am,48,48,,,,,,,2,
2023,8,80336,Colorado,2,1,1,0,0,3,3,69,LARIMER (69),0,NOT APPLICABLE,18,18,7,July,2023,3,Tuesday,14,2:00pm-2:59pm,8,8,1,This Section IS ON the NHS,1,Rural,1,Interstate,1,State Highway Agency,1,Interstate,I-25,,2898,2898,40.87273056,40.87273056,-104.956022220,-104.95602222,0,No Special Jurisdiction,14,Parked Motor Vehicle,0,The First Harmful Event was Not a Collision with a Motor Vehicle in Transport,0,No,1,Non-Junction,1,Not an Intersection,0,None,,,2,On Shoulder,1,Daylight,,,,,1,Clear,0,No,0000000,Not Applicable,14,2:00pm-2:59pm,11,11,14,2:00pm-2:59pm,27,27,88,"Not Applicable (Not Transported) ",88,Not Applicable (Not Transported),,,,,,,3,
2023,8,80337,Colorado,2,2,0,0,0,2,2,87,MORGAN (87),0,NOT APPLICABLE,17,17,7,July,2023,2,Monday,10,10:00am-10:59am,15,15,1,This Section IS ON the NHS,1,Rural,3,Other Principal Arterial,1,State Highway Agency,3,State Highway,SR-71,,1842,1842,40.35712778,40.35712778,-103.597450000,-103.59745000,0,No Special Jurisdiction,12,Motor Vehicle In-Transport,6,Angle,0,No,4,Driveway Access,1,Not an Intersection,0,None,,,1,On Roadway,1,Daylight,,,,,1,Clear,0,No,0000000,Not Applicable,10,10:00am-10:59am,16,16,10,10:00am-10:59am,22,22,11,11:00am-11:59am,23,23,,,,,,,1,
2023,8,80338,Colorado,2,2,0,0,0,3,3,45,GARFIELD (45),0,NOT APPLICABLE,13,13,7,July,2023,5,Thursday,20,8:00pm-8:59pm,44,44,1,This Section IS ON the NHS,2,Urban,3,Other Principal Arterial,1,State Highway Agency,3,State Highway,SR-82,,71,71,39.46846111,39.46846111,-107.265433330,-107.26543333,0,No Special Jurisdiction,12,Motor Vehicle In-Transport,6,Angle,0,No,8,Driveway Access Related,1,Not an Intersection,0,None,,,1,On Roadway,2,Dark - Not Lighted,,,,,1,Clear,0,No,0000000,Not Applicable,99,Unknown,99,Unknown,99,Unknown EMS Scene Arrival Hour,99,Unknown EMS Scene Arrival Minutes,99,Unknown,99,Unknown EMS Hospital Arrival Time,,,,,,,1,
2023,8,80339,Colorado,1,1,0,1,1,1,1,41,EL PASO (41),430,COLORADO SPRINGS,12,12,7,July,2023,4,Wednesday,4,4:00am-4:59am,7,7,1,This Section IS ON the NHS,2,Urban,3,Other Principal Arterial,4,City or Municipal Highway Agency,6,Municipal,MU-N ACADEMY BLVD,,0,None,38.83777778,38.83777778,-104.757266670,-104.75726667,0,No Special Jurisdiction,8,Pedestrian,0,The First Harmful Event was Not a Collision with a Motor Vehicle in Transport,0,No,1,Non-Junction,1,Not an Intersection,1,Construction,,,4,On Roadside,3,Dark - Lighted,,,,,1,Clear,0,No,0000000,Not Applicable,99,Unknown,99,Unknown,99,Unknown EMS Scene Arrival Hour,99,Unknown EMS Scene Arrival Minutes,88,"Not Applicable (Not Transported) ",88,Not Applicable (Not Transported),,,,,,,1,