caseyear,state,st_case,statename,ve_total,ve_forms,pvh_invl,peds,pernotmvit,permvit,persons,county,countyname,city,cityname,day,dayname,month,monthname,year,day_week,day_weekname,hour,hourname,minute,minutename,nhs,nhsname,rur_urb,rur_urbname,func_sys,func_sysname,rd_owner,rd_ownername,route,routename,tway_id,tway_id2,milept,mileptname,latitude,latitudename,longitud,longitudname,sp_jur,sp_jurname,harm_ev,harm_evname,man_coll,man_collname,reljct1,reljct1name,reljct2,reljct2name,typ_int,typ_intname,wrk_zone,wrk_zonename,road_fnc,road_fncname,rel_road,rel_roadname,lgt_cond,lgt_condname,weather1,weather1name,weather2,weather2name,weather,weathername,sch_bus,sch_busname,rail,railname,not_hour,not_hourname,not_min,not_minname,arr_hour,arr_hourname,arr_min,arr_minname,hosp_hr,hosp_hrname,hosp_mn,hosp_mnname,cf1,cf1name,cf2,cf2name,cf3,cf3name,fatals,drunk_dr
2023,8,80522,Colorado,2,2,0,0,0,2,2,31,DENVER (31),600,DENVER,8,8,10,October,2023,1,Sunday,19,7:00pm-7:59pm,9,9,0,This Section IS NOT on the NHS,2,Urban,4,Minor Arterial,4,City or Municipal Highway Agency,6,Municipal,MU-N YORK ST,MU-E 23RD AVE,0,None,39.75068333,39.75068333,-104.959713890,-104.95971389,0,No Special Jurisdiction,12,Motor Vehicle In-Transport,6,Angle,0,No,2,Intersection,2,Four-Way Intersection,0,None,,,1,On Roadway,3,Dark - Lighted,,,,,1,Clear,0,No,0000000,Not Applicable,19,7:00pm-7:59pm,10,10,19,7:00pm-7:59pm,18,18,88,"Not Applicable (Not Transported) ",88,Not Applicable (Not Transported),,,,,,,1,
2023,8,80523,Colorado,1,1,0,0,0,1,1,123,WELD (123),0,NOT APPLICABLE,9,9,10,October,2023,2,Monday,7,7:00am-7:59am,28,28,0,This Section IS NOT on the NHS,1,Rural,7,Local,2,County Highway Agency,4,County,CR-100,,0,None,40.71178333,40.71178333,-104.306933330,-104.30693333,0,No Special Jurisdiction,1,Rollover/Overturn,0,The First Harmful Event was Not a Collision with a Motor Vehicle in Transport,0,No,1,Non-Junction,1,Not an Intersection,0,None,,,1,On Roadway,1,Daylight,,,,,1,Clear,0,No,0000000,Not Applicable,7,7:00am-7:59am,29,29,8,8:00am-8:59am,0,0,88,"Not Applicable (Not Transported) ",88,Not Applicable (Not Transported),,,,,,,1,
2023,8,80524,Colorado,2,2,0,0,0,2,2,63,KIT CARSON (63),0,NOT APPLICABLE,9,9,10,October,2023,2,Monday,18,6:00pm-6:59pm,1,1,0,This Section IS NOT on the NHS,1,Rural,5,Major Collector,1,State Highway Agency,2,U.S. Highway,US-24,CR-31,4377,4377,39.30126389,39.30126389,-102.595472220,-102.59547222,0,No Special Jurisdiction,12,Motor Vehicle In-Transport,2,Front-to-Front,0,No,2,Intersection,3,T-Intersection,0,None,,,1,On Roadway,5,Dusk,,,,,1,Clear,0,No,0000000,Not Applicable,99,Unknown,99,Unknown,99,Unknown EMS Scene Arrival Hour,99,Unknown EMS Scene Arrival Minutes,88,"Not Applicable (Not Transported) ",88,Not Applicable (Not Transported),,,,,,,1,
2023,8,80525,Colorado,1,1,0,1,1,1,1,101,PUEBLO (101),2050,PUEBLO,6,6,10,October,2023,6,Friday,9,9:00am-9:59am,16,16,1,This Section IS ON the NHS,2,Urban,2,Other Freeways and Expressways,1,State Highway Agency,2,U.S. Highway,US-50,,3143,3143,38.30786944,38.30786944,-104.618761110,-104.61876111,0,No Special Jurisdiction,15,Non-Motorist on Personal Conveyance,0,The First Harmful Event was Not a Collision with a Motor Vehicle in Transport,0,No,1,Non-Junction,1,Not an Intersection,0,None,,,1,On Roadway,1,Daylight,,,,,1,Clear,0,No,0000000,Not Applicable,9,9:00am-9:59am,17,17,9,9:00am-9:59am,22,22,9,9:00am-9:59am,35,35,,,,,,,1,
2023,8,80526,Colorado,1,1,0,1,1,2,2,13,BOULDER (13),0,NOT APPLICABLE,13,13,10,October,2023,6,Friday,0,0:00am-0:59am,26,26,1,This Section IS ON the NHS,2,Urban,2,Other Freeways and Expressways,1,State Highway Agency,2,U.S. Highway,US-36,,395,395,39.98358889,39.98358889,-105.228375000,-105.22837500,0,No Special Jurisdiction,8,Pedestrian,0,The First Harmful Event was Not a Collision with a Motor Vehicle in Transport,1,Yes,18,Through Roadway,1,Not an Intersection,0,None,,,1,On Roadway,3,Dark - Lighted,,,,,1,Clear,0,No,0000000,Not Applicable,0,0:00am-0:59am,29,29,0,0:00am-0:59am,32,32,88,"Not Applicable (Not Transported) ",88,Not Applicable (Not Transported),,,,,,,1,
2023,8,80527,Colorado,2,2,0,0,0,2,2,105,RIO GRANDE (105),0,NOT APPLICABLE,11,11,10,October,2023,4,Wednesday,8,8:00am-8:59am,14,14,1,This Section IS ON the NHS,1,Rural,3,Other Principal Arterial,1,State Highway Agency,2,U.S. Highway,US-285,,545,545,37.62744167,37.62744167,-106.149277780,-106.14927778,0,No Special Jurisdiction,12,Motor Vehicle In-Transport,2,Front-to-Front,0,No,1,Non-Junction,1,Not an Intersection,0,None,,,2,On Shoulder,1,Daylight,,,,,1,Clear,0,No,0000000,Not Applicable,99,Unknown,99,Unknown,99,Unknown EMS Scene Arrival Hour,99,Unknown EMS Scene Arrival Minutes,99,Unknown,99,Unknown EMS Hospital Arrival Time,,,,,,,1,
2023,8,80528,Colorado,1,1,0,1,1,1,1,59,JEFFERSON (59),1435,LAKEWOOD,11,11,10,October,2023,4,Wednesday,1,1:00am-1:59am,28,28,1,This Section IS ON the NHS,2,Urban,3,Other Principal Arterial,4,City or Municipal Highway Agency,6,Municipal,MU-W ALAMEDA AVE,,0,None,39.71111944,39.71111944,-105.088055560,-105.08805556,0,No Special Jurisdiction,8,Pedestrian,0,The First Harmful Event was Not a Collision with a Motor Vehicle in Transport,0,No,1,Non-Junction,1,Not an Intersection,0,None,,,1,On Roadway,2,Dark - Not Lighted,,,,,1,Clear,0,No,0000000,Not Applicable,1,1:00am-1:59am,28,28,1,1:00am-1:59am,33,33,88,"Not Applicable (Not Transported) ",88,Not Applicable (Not Transported),,,,,,,1,
2023,8,80529,Colorado,2,2,0,0,0,3,3,41,EL PASO (41),430,COLORADO SPRINGS,5,5,10,October,2023,5,Thursday,16,4:00pm-4:59pm,12,12,1,This Section IS ON the NHS,2,Urban,3,Other Principal Arterial,4,City or Municipal Highway Agency,6,Municipal,MU-S ACADEMY BLVD,MU-DRENNAN RD,0,None,38.78175556,38.78175556,-104.757600000,-104.75760000,0,No Special Jurisdiction,12,Motor Vehicle In-Transport,6,Angle,1,Yes,2,Intersection,2,Four-Way Intersection,0,None,,,1,On Roadway,1,Daylight,,,,,1,Clear,0,No,0000000,Not Applicable,16,4:00pm-4:59pm,12,12,16,4:00pm-4:59pm,20,20,16,4:00pm-4:59pm,58,58,,,,,,,1,
2023,8,80530,Colorado,2,2,0,0,0,2,2,41,EL PASO (41),430,COLORADO SPRINGS,5,5,10,October,2023,5,Thursday,7,7:00am-7:59am,11,11,1,This Section IS ON the NHS,2,Urban,3,Other Principal Arterial,4,City or Municipal Highway Agency,6,Municipal,MU-E WOODMAN RD,MU-MARKSHEFFEL RD,0,None,38.94078889,38.94078889,-104.679944440,-104.67994444,0,No Special Jurisdiction,12,Motor Vehicle In-Transport,1,Front-to-Rear,0,No,3,Intersection-Related,2,Four-Way Intersection,0,None,,,1,On Roadway,1,Daylight,,,,,1,Clear,0,No,0000000,Not Applicable,7,7:00am-7:59am,12,12,7,7:00am-7:59am,21,21,7,7:00am-7:59am,47,47,,,,,,,1,
2023,8,80531,Colorado,1,1,0,0,0,1,1,25,CROWLEY (25),0,NOT APPLICABLE,11,11,10,October,2023,4,Wednesday,9,9:00am-9:59am,40,40,0,This Section IS NOT on the NHS,1,Rural,5,Major Collector,1,State Highway Agency,3,State Highway,SR-207,CR-C 1/2,40,40,38.16319444,38.16319444,-103.856977780,-103.85697778,0,No Special Jurisdiction,35,Embankment,0,The First Harmful Event was Not a Collision with a Motor Vehicle in Transport,0,No,3,Intersection-Related,3,T-Intersection,0,None,,,4,On Roadside,1,Daylight,,,,,1,Clear,0,No,0000000,Not Applicable,99,Unknown,99,Unknown,99,Unknown EMS Scene Arrival Hour,99,Unknown EMS Scene Arrival Minutes,99,Unknown,99,Unknown EMS Hospital Arrival Time,,,,,,,1,
2023,8,80532,Colorado,1,1,0,0,0,2,2,55,HUERFANO (55),0,NOT APPLICABLE,14,14,10,October,2023,7,Saturday,10,10:00am-10:59am,20,20,1,This Section IS ON the NHS,1,Rural,1,Interstate,1,State Highway Agency,1,Interstate,I-25,,590,590,37.74907222,37.74907222,-104.834277780,-104.83427778,0,No Special Jurisdiction,1,Rollover/Overturn,0,The First Harmful Event was Not a Collision with a Motor Vehicle in Transport,0,No,1,Non-Junction,1,Not an Intersection,0,None,,,3,On Median,1,Daylight,,,,,1,Clear,0,No,0000000,Not Applicable,99,Unknown,99,Unknown,99,Unknown EMS Scene Arrival Hour,99,Unknown EMS Scene Arrival Minutes,99,Unknown,99,Unknown EMS Hospital Arrival Time,,,,,,,1,
2023,8,80533,Colorado,2,2,0,0,0,3,3,115,SEDGWICK (115),0,NOT APPLICABLE,14,14,10,October,2023,7,Saturday,8,8:00am-8:59am,47,47,0,This Section IS NOT on the NHS,1,Rural,4,Minor Arterial,1,State Highway Agency,2,U.S. Highway,US-138,,564,564,40.98256667,40.98256667,-102.290111110,-102.29011111,0,No Special Jurisdiction,12,Motor Vehicle In-Transport,2,Front-to-Front,0,No,1,Non-Junction,1,Not an Intersection,0,None,,,1,On Roadway,1,Daylight,,,,,10,Cloudy,0,No,0000000,Not Applicable,8,8:00am-8:59am,50,50,8,8:00am-8:59am,53,53,9,9:00am-9:59am,19,19,,,,,,,1,
2023,8,80534,Colorado,1,1,0,0,0,1,1,67,LA PLATA (67),0,NOT APPLICABLE,19,19,10,October,2023,5,Thursday,18,6:00pm-6:59pm,0,0,0,This Section IS NOT on the NHS,1,Rural,6,Minor Collector,2,County Highway Agency,4,County,CR-253,,10,10,37.42451111,37.42451111,-107.793161110,-107.79316111,0,No Special Jurisdiction,1,Rollover/Overturn,0,The First Harmful Event was Not a Collision with a Motor Vehicle in Transport,0,No,1,Non-Junction,1,Not an Intersection,0,None,,,4,On Roadside,5,Dusk,,,,,1,Clear,0,No,0000000,Not Applicable,99,Unknown,99,Unknown,99,Unknown EMS Scene Arrival Hour,99,Unknown EMS Scene Arrival Minutes,99,Unknown,99,Unknown EMS Hospital Arrival Time,,,,,,,1,
2023,8,80535,Colorado,1,1,0,0,0,2,2,103,RIO BLANCO (103),0,NOT APPLICABLE,14,14,10,October,2023,7,Saturday,21,9:00pm-9:59pm,20,20,0,This Section IS NOT on the NHS,1,Rural,5,Major Collector,2,County Highway Agency,4,County,CR-8,,42,42,40.01832222,40.01832222,-107.818369440,-107.81836944,0,No Special Jurisdiction,38,Fence,0,The First Harmful Event was Not a Collision with a Motor Vehicle in Transport,0,No,1,Non-Junction,1,Not an Intersection,0,None,,,5,Outside Trafficway,2,Dark - Not Lighted,,,,,1,Clear,0,No,0000000,Not Applicable,99,Unknown,99,Unknown,99,Unknown EMS Scene Arrival Hour,99,Unknown EMS Scene Arrival Minutes,99,Unknown,99,Unknown EMS Hospital Arrival Time,,,,,,,1,
2023,8,80536,Colorado,1,1,0,0,0,1,1,25,CROWLEY (25),0,NOT APPLICABLE,15,15,10,October,2023,1,Sunday,13,1:00pm-1:59pm,0,0,0,This Section IS NOT on the NHS,1,Rural,4,Minor Arterial,1,State Highway Agency,3,State Highway,SR-96,,1124,1124,38.23911111,38.23911111,-103.637094440,-103.63709444,0,No Special Jurisdiction,1,Rollover/Overturn,0,The First Harmful Event was Not a Collision with a Motor Vehicle in Transport,0,No,1,Non-Junction,1,Not an Intersection,0,None,,,4,On Roadside,1,Daylight,,,,,1,Clear,0,No,0000000,Not Applicable,99,Unknown,99,Unknown,99,Unknown EMS Scene Arrival Hour,99,Unknown EMS Scene Arrival Minutes,88,"Not Applicable (Not Transported) ",88,Not Applicable (Not Transported),,,,,,,1,
2023,8,80537,Colorado,2,2,0,0,0,3,3,77,MESA (77),0,NOT APPLICABLE,13,13,10,October,2023,6,Friday,1,1:00am-1:59am,50,50,0,This Section IS NOT on the NHS,2,Urban,4,Minor Arterial,2,County Highway Agency,4,County,CR-PATTERSON RD,CR-ORCHARD RUN,0,None,39.09174722,39.09174722,-108.471777780,-108.47177778,0,No Special Jurisdiction,12,Motor Vehicle In-Transport,1,Front-to-Rear,0,No,2,Intersection,3,T-Intersection,0,None,,,1,On Roadway,3,Dark - Lighted,,,,,1,Clear,0,No,0000000,Not Applicable,99,Unknown,99,Unknown,99,Unknown EMS Scene Arrival Hour,99,Unknown EMS Scene Arrival Minutes,99,Unknown,99,Unknown EMS Hospital Arrival Time,,,,,,,1,
2023,8,80538,Colorado,2,2,0,0,0,2,2,69,LARIMER (69),860,FORT COLLINS,10,10,10,October,2023,3,Tuesday,19,7:00pm-7:59pm,45,45,0,This Section IS NOT on the NHS,2,Urban,4,Minor Arterial,4,City or Municipal Highway Agency,6,Municipal,MU-HORSETOOTH RD,MU-WINDMILL DR,0,None,40.53818056,40.53818056,-105.091411110,-105.09141111,0,No Special Jurisdiction,12,Motor Vehicle In-Transport,6,Angle,0,No,2,Intersection,3,T-Intersection,0,None,,,1,On Roadway,3,Dark - Lighted,,,,,1,Clear,0,No,0000000,Not Applicable,19,7:00pm-7:59pm,45,45,19,7:00pm-7:59pm,46,46,88,"Not Applicable (Not Transported) ",88,Not Applicable (Not Transported),,,,,,,1,
2023,8,80539,Colorado,2,2,0,0,0,2,2,35,DOUGLAS (35),0,NOT APPLICABLE,16,16,10,October,2023,2,Monday,1,1:00am-1:59am,10,10,1,This Section IS ON the NHS,1,Rural,1,Interstate,1,State Highway Agency,1,Interstate,I-25 RAMP B,,1673,1673,39.18588333,39.18588333,-104.850072220,-104.85007222,0,No Special Jurisdiction,12,Motor Vehicle In-Transport,1,Front-to-Rear,1,Yes,20,Entrance/Exit Ramp,1,Not an Intersection,0,None,,,1,On Roadway,3,Dark - Lighted,,,,,1,Clear,0,No,0000000,Not Applicable,99,Unknown,99,Unknown,99,Unknown EMS Scene Arrival Hour,99,Unknown EMS Scene Arrival Minutes,88,"Not Applicable (Not Transported) ",88,Not Applicable (Not Transported),,,,,,,1,
2023,8,80540,Colorado,3,3,0,1,1,1,1,59,JEFFERSON (59),2555,WHEAT RIDGE,29,29,10,October,2023,1,Sunday,21,9:00pm-9:59pm,25,25,1,This Section IS ON the NHS,2,Urban,1,Interstate,1,State Highway Agency,1,Interstate,I-70,,2684,2684,39.78371389,39.78371389,-105.090816670,-105.09081667,0,No Special Jurisdiction,12,Motor Vehicle In-Transport,1,Front-to-Rear,0,No,1,Non-Junction,1,Not an Intersection,0,None,,,1,On Roadway,3,Dark - Lighted,,,,,10,Cloudy,0,No,0000000,Not Applicable,21,9:00pm-9:59pm,25,25,21,9:00pm-9:59pm,32,32,88,"Not Applicable (Not Transported) ",88,Not Applicable (Not Transported),,,,,,,1,
2023,8,80541,Colorado,2,2,0,0,0,2,2,65,LAKE (65),0,NOT APPLICABLE,17,17,10,October,2023,3,Tuesday,7,7:00am-7:59am,55,55,0,This Section IS NOT on the NHS,1,Rural,4,Minor Arterial,1,State Highway Agency,2,U.S. Highway,US-24,,1691,1691,39.32527778,39.32527778,-106.335855560,-106.33585556,0,No Special Jurisdiction,12,Motor Vehicle In-Transport,8,Sideswipe - Opposite Direction,0,No,1,Non-Junction,1,Not an Intersection,0,None,,,1,On Roadway,1,Daylight,,,,,1,Clear,0,No,0000000,Not Applicable,7,7:00am-7:59am,56,56,8,8:00am-8:59am,13,13,99,Unknown,99,Unknown EMS Hospital Arrival Time,,,,,,,1,
2023,8,80542,Colorado,1,1,0,0,0,1,1,69,LARIMER (69),860,FORT COLLINS,14,14,10,October,2023,7,Saturday,0,0:00am-0:59am,40,40,0,This Section IS NOT on the NHS,2,Urban,4,Minor Arterial,4,City or Municipal Highway Agency,6,Municipal,MU-E HARMONY RD,MU-S LEMAY AVE,0,None,40.52384444,40.52384444,-105.058275000,-105.05827500,0,No Special Jurisdiction,46,Traffic Signal Support,0,The First Harmful Event was Not a Collision with a Motor Vehicle in Transport,0,No,3,Intersection-Related,2,Four-Way Intersection,0,None,,,4,On Roadside,3,Dark - Lighted,,,,,1,Clear,0,No,0000000,Not Applicable,0,0:00am-0:59am,40,40,0,0:00am-0:59am,44,44,88,"Not Applicable (Not Transported) ",88,Not Applicable (Not Transported),,,,,,,1,
2023,8,80543,Colorado,1,1,0,1,1,1,1,1,ADAMS (1),110,AURORA,3,3,10,October,2023,3,Tuesday,7,7:00am-7:59am,45,45,0,This Section IS NOT on the NHS,2,Urban,4,Minor Arterial,4,City or Municipal Highway Agency,6,Municipal,MU-E MONTVIEW BLVD,MU-N PARIS ST,0,None,39.74740556,39.74740556,-104.848125000,-104.84812500,0,No Special Jurisdiction,8,Pedestrian,0,The First Harmful Event was Not a Collision with a Motor Vehicle in Transport,0,No,3,Intersection-Related,3,T-Intersection,0,None,,,1,On Roadway,4,Dawn,,,,,1,Clear,0,No,0000000,Not Applicable,99,Unknown,99,Unknown,99,Unknown EMS Scene Arrival Hour,99,Unknown EMS Scene Arrival Minutes,99,Unknown,99,Unknown EMS Hospital Arrival Time,,,,,,,1,
2023,8,80544,Colorado,2,2,0,0,0,2,2,101,PUEBLO (101),0,NOT APPLICABLE,18,18,10,October,2023,4,Wednesday,19,7:00pm-7:59pm,29,29,0,This Section IS NOT on the NHS,1,Rural,5,Major Collector,1,State Highway Agency,3,State Highway,SR-78,,243,243,38.15672222,38.15672222,-104.791638890,-104.79163889,0,No Special Jurisdiction,12,Motor Vehicle In-Transport,8,Sideswipe - Opposite Direction,0,No,1,Non-Junction,1,Not an Intersection,0,None,,,1,On Roadway,5,Dusk,,,,,1,Clear,0,No,0000000,Not Applicable,99,Unknown,99,Unknown,99,Unknown EMS Scene Arrival Hour,99,Unknown EMS Scene Arrival Minutes,88,"Not Applicable (Not Transported) ",88,Not Applicable (Not Transported),,,,,,,1,
2023,8,80545,Colorado,1,1,0,0,0,1,1,121,WASHINGTON (121),0,NOT APPLICABLE,18,18,10,October,2023,4,Wednesday,4,4:00am-4:59am,30,30,0,This Section IS NOT on the NHS,1,Rural,5,Major Collector,1,State Highway Agency,3,State Highway,SR-63,,466,466,40.41482500,40.41482500,-103.217000000,-103.21700000,0,No Special Jurisdiction,1,Rollover/Overturn,0,The First Harmful Event was Not a Collision with a Motor Vehicle in Transport,0,No,1,Non-Junction,1,Not an Intersection,0,None,,,4,On Roadside,2,Dark - Not Lighted,,,,,1,Clear,0,No,0000000,Not Applicable,5,5:00am-5:59am,47,47,5,5:00am-5:59am,51,51,88,"Not Applicable (Not Transported) ",88,Not Applicable (Not Transported),,,,,,,1,
2023,8,80546,Colorado,2,2,0,0,0,3,3,65,LAKE (65),0,NOT APPLICABLE,20,20,10,October,2023,6,Friday,19,7:00pm-7:59pm,20,20,0,This Section IS NOT on the NHS,1,Rural,4,Minor Arterial,1,State Highway Agency,3,State Highway,SR-91,CR-BUCKEYE GULCH RD,42,42,39.30880833,39.30880833,-106.245333330,-106.24533333,0,No Special Jurisdiction,12,Motor Vehicle In-Transport,6,Angle,0,No,2,Intersection,3,T-Intersection,0,None,,,1,On Roadway,2,Dark - Not Lighted,,,,,1,Clear,0,No,0000000,Not Applicable,99,Unknown,99,Unknown,99,Unknown EMS Scene Arrival Hour,99,Unknown EMS Scene Arrival Minutes,99,Unknown,99,Unknown EMS Hospital Arrival Time,,,,,,,2,
2023,8,80547,Colorado,2,2,0,0,0,3,3,14,BROOMFIELD (14),253,BROOMFIELD,20,20,10,October,2023,6,Friday,11,11:00am-11:59am,55,55,0,This Section IS NOT on the NHS,2,Urban,4,Minor Arterial,4,City or Municipal Highway Agency,6,Municipal,MU-W FLATIRON CROSSING DR,MU-SUMMIT BLVD,0,None,39.92893056,39.92893056,-105.136961110,-105.13696111,0,No Special Jurisdiction,12,Motor Vehicle In-Transport,6,Angle,0,No,2,Intersection,2,Four-Way Intersection,0,None,,,1,On Roadway,1,Daylight,,,,,1,Clear,0,No,0000000,Not Applicable,11,11:00am-11:59am,55,55,12,12:00pm-12:59pm,1,1,12,12:00pm-12:59pm,17,17,,,,,,,1,
2023,8,80548,Colorado,2,1,1,0,0,1,1,5,ARAPAHOE (5),110,AURORA,20,20,10,October,2023,6,Friday,22,10:00pm-10:59pm,6,6,0,This Section IS NOT on the NHS,2,Urban,7,Local,4,City or Municipal Highway Agency,6,Municipal,MU-E 7TH AVE,,0,None,39.72715556,39.72715556,-104.804425000,-104.80442500,0,No Special Jurisdiction,18,Other Object (not fixed),0,The First Harmful Event was Not a Collision with a Motor Vehicle in Transport,0,No,1,Non-Junction,1,Not an Intersection,0,None,,,7,In Parking Lane/Zone,3,Dark - Lighted,,,,,1,Clear,0,No,0000000,Not Applicable,22,10:00pm-10:59pm,7,7,22,10:00pm-10:59pm,11,11,22,10:00pm-10:59pm,25,25,,,,,,,1,
2023,8,80549,Colorado,2,2,0,0,0,2,2,41,EL PASO (41),430,COLORADO SPRINGS,18,18,10,October,2023,4,Wednesday,17,5:00pm-5:59pm,38,38,1,This Section IS ON the NHS,2,Urban,3,Other Principal Arterial,4,City or Municipal Highway Agency,6,Municipal,MU-E FILLMORE ST,,0,None,38.87397222,38.87397222,-104.804083330,-104.80408333,0,No Special Jurisdiction,12,Motor Vehicle In-Transport,6,Angle,0,No,8,Driveway Access Related,1,Not an Intersection,0,None,,,1,On Roadway,5,Dusk,,,,,1,Clear,0,No,0000000,Not Applicable,99,Unknown,99,Unknown,20,8:00pm-8:59pm,24,24,88,"Not Applicable (Not Transported) ",88,Not Applicable (Not Transported),,,,,,,1,
2023,8,80550,Colorado,1,1,0,0,0,2,2,123,WELD (123),1070,GREELEY,22,22,10,October,2023,1,Sunday,0,0:00am-0:59am,49,49,1,This Section IS ON the NHS,2,Urban,3,Other Principal Arterial,1,State Highway Agency,2,U.S. Highway,US-34 BUSN RT,,106,106,40.41693611,40.41693611,-104.691094440,-104.69109444,0,No Special Jurisdiction,17,Boulder,0,The First Harmful Event was Not a Collision with a Motor Vehicle in Transport,0,No,1,Non-Junction,1,Not an Intersection,0,None,,,4,On Roadside,3,Dark - Lighted,,,,,1,Clear,0,No,0000000,Not Applicable,0,0:00am-0:59am,49,49,0,0:00am-0:59am,54,54,1,1:00am-1:59am,0,0,,,,,,,1,
2023,8,80551,Colorado,1,1,0,1,1,1,1,69,LARIMER (69),860,FORT COLLINS,18,18,10,October,2023,4,Wednesday,19,7:00pm-7:59pm,28,28,1,This Section IS ON the NHS,2,Urban,3,Other Principal Arterial,1,State Highway Agency,2,U.S. Highway,US-287  S COLLEGE AVE,,3421,3421,40.52219444,40.52219444,-105.077272220,-105.07727222,0,No Special Jurisdiction,8,Pedestrian,0,The First Harmful Event was Not a Collision with a Motor Vehicle in Transport,0,No,1,Non-Junction,1,Not an Intersection,0,None,,,1,On Roadway,3,Dark - Lighted,,,,,1,Clear,0,No,0000000,Not Applicable,19,7:00pm-7:59pm,28,28,19,7:00pm-7:59pm,31,31,88,"Not Applicable (Not Transported) ",88,Not Applicable (Not Transported),,,,,,,1,
2023,8,80552,Colorado,1,1,0,0,0,1,1,85,MONTROSE (85),0,NOT APPLICABLE,3,3,10,October,2023,3,Tuesday,10,10:00am-10:59am,49,49,0,This Section IS NOT on the NHS,1,Rural,7,Local,2,County Highway Agency,4,County,CR-S RIVER RD,,0,None,38.56195556,38.56195556,-107.977666670,-107.97766667,0,No Special Jurisdiction,1,Rollover/Overturn,0,The First Harmful Event was Not a Collision with a Motor Vehicle in Transport,0,No,1,Non-Junction,1,Not an Intersection,0,None,,,1,On Roadway,1,Daylight,,,,,1,Clear,0,No,0000000,Not Applicable,99,Unknown,99,Unknown,99,Unknown EMS Scene Arrival Hour,99,Unknown EMS Scene Arrival Minutes,99,Unknown,99,Unknown EMS Hospital Arrival Time,,,,,,,1,
2023,8,80553,Colorado,1,1,0,0,0,1,1,35,DOUGLAS (35),0,NOT APPLICABLE,22,22,10,October,2023,1,Sunday,14,2:00pm-2:59pm,50,50,0,This Section IS NOT on the NHS,1,Rural,5,Major Collector,2,County Highway Agency,4,County,CR-S PERRY PARK RD,,0,None,39.29261667,39.29261667,-104.967300000,-104.96730000,0,No Special Jurisdiction,31,"Post, Pole or Other Supports",0,The First Harmful Event was Not a Collision with a Motor Vehicle in Transport,0,No,1,Non-Junction,1,Not an Intersection,0,None,,,4,On Roadside,1,Daylight,,,,,1,Clear,0,No,0000000,Not Applicable,15,3:00pm-3:59pm,14,14,15,3:00pm-3:59pm,16,16,15,3:00pm-3:59pm,56,56,,,,,,,1,
2023,8,80554,Colorado,2,2,0,0,0,2,2,59,JEFFERSON (59),2550,WESTMINSTER,23,23,10,October,2023,2,Monday,16,4:00pm-4:59pm,51,51,1,This Section IS ON the NHS,2,Urban,2,Other Freeways and Expressways,1,State Highway Agency,2,U.S. Highway,US-36,,512,512,39.87675556,39.87675556,-105.064000000,-105.06400000,0,No Special Jurisdiction,12,Motor Vehicle In-Transport,1,Front-to-Rear,0,No,1,Non-Junction,1,Not an Intersection,0,None,,,1,On Roadway,1,Daylight,,,,,1,Clear,0,No,0000000,Not Applicable,16,4:00pm-4:59pm,52,52,16,4:00pm-4:59pm,58,58,17,5:00pm-5:59pm,15,15,,,,,,,1,
2023,8,80555,Colorado,2,2,0,0,0,4,4,5,ARAPAHOE (5),380,CHERRY HILLS VILLAGE,21,21,10,October,2023,7,Saturday,2,2:00am-2:59am,0,0,1,This Section IS ON the NHS,2,Urban,3,Other Principal Arterial,1,State Highway Agency,3,State Highway,SR-88   E BELLEVIEW AVE,,117,117,39.62433889,39.62433889,-104.958044440,-104.95804444,0,No Special Jurisdiction,33,Curb,0,The First Harmful Event was Not a Collision with a Motor Vehicle in Transport,0,No,1,Non-Junction,1,Not an Intersection,0,None,,,3,On Median,2,Dark - Not Lighted,,,,,1,Clear,0,No,0000000,Not Applicable,99,Unknown,99,Unknown,99,Unknown EMS Scene Arrival Hour,99,Unknown EMS Scene Arrival Minutes,99,Unknown,99,Unknown EMS Hospital Arrival Time,,,,,,,2,
2023,8,80556,Colorado,1,1,0,1,1,1,1,41,EL PASO (41),430,COLORADO SPRINGS,13,13,10,October,2023,6,Friday,17,5:00pm-5:59pm,5,5,0,This Section IS NOT on the NHS,2,Urban,4,Minor Arterial,4,City or Municipal Highway Agency,6,Municipal,MU-E LAS VEGAS ST,,0,None,38.80748056,38.80748056,-104.795222220,-104.79522222,0,No Special Jurisdiction,9,Pedalcyclist,0,The First Harmful Event was Not a Collision with a Motor Vehicle in Transport,0,No,1,Non-Junction,1,Not an Intersection,0,None,,,2,On Shoulder,1,Daylight,,,,,1,Clear,0,No,0000000,Not Applicable,99,Unknown,99,Unknown,99,Unknown EMS Scene Arrival Hour,99,Unknown EMS Scene Arrival Minutes,99,Unknown,99,Unknown EMS Hospital Arrival Time,,,,,,,1,
2023,8,80557,Colorado,1,1,0,0,0,3,3,123,WELD (123),1070,GREELEY,24,24,10,October,2023,3,Tuesday,22,10:00pm-10:59pm,38,38,1,This Section IS ON the NHS,2,Urban,2,Other Freeways and Expressways,1,State Highway Agency,2,U.S. Highway,US-34,,1062,1062,40.39833333,40.39833333,-104.809472220,-104.80947222,0,No Special Jurisdiction,31,"Post, Pole or Other Supports",0,The First Harmful Event was Not a Collision with a Motor Vehicle in Transport,0,No,1,Non-Junction,1,Not an Intersection,0,None,,,4,On Roadside,2,Dark - Not Lighted,,,,,1,Clear,0,No,0000000,Not Applicable,22,10:00pm-10:59pm,38,38,22,10:00pm-10:59pm,46,46,23,11:00pm-11:59pm,15,15,,,,,,,1,