caseyear,state,st_case,statename,ve_total,ve_forms,pvh_invl,peds,pernotmvit,permvit,persons,county,countyname,city,cityname,day,dayname,month,monthname,year,day_week,day_weekname,hour,hourname,minute,minutename,nhs,nhsname,rur_urb,rur_urbname,func_sys,func_sysname,rd_owner,rd_ownername,route,routename,tway_id,tway_id2,milept,mileptname,latitude,latitudename,longitud,longitudname,sp_jur,sp_jurname,harm_ev,harm_evname,man_coll,man_collname,reljct1,reljct1name,reljct2,reljct2name,typ_int,typ_intname,wrk_zone,wrk_zonename,road_fnc,road_fncname,rel_road,rel_roadname,lgt_cond,lgt_condname,weather1,weather1name,weather2,weather2name,weather,weathername,sch_bus,sch_busname,rail,railname,not_hour,not_hourname,not_min,not_minname,arr_hour,arr_hourname,arr_min,arr_minname,hosp_hr,hosp_hrname,hosp_mn,hosp_mnname,cf1,cf1name,cf2,cf2name,cf3,cf3name,fatals,drunk_dr
2023,8,80594,Colorado,2,2,0,0,0,2,2,83,MONTEZUMA (83),0,NOT APPLICABLE,19,19,11,November,2023,1,Sunday,9,9:00am-9:59am,25,25,1,This Section IS ON the NHS,1,Rural,3,Other Principal Arterial,1,State Highway Agency,2,U.S. Highway,US-491,,414,414,37.53155556,37.53155556,-108.717480560,-108.71748056,0,No Special Jurisdiction,12,Motor Vehicle In-Transport,6,Angle,0,No,1,Non-Junction,1,Not an Intersection,0,None,,,1,On Roadway,1,Daylight,,,,,4,Snow,0,No,0000000,Not Applicable,99,Unknown,99,Unknown,99,Unknown EMS Scene Arrival Hour,99,Unknown EMS Scene Arrival Minutes,88,"Not Applicable (Not Transported) ",88,Not Applicable (Not Transported),,,,,,,1,
2023,8,80595,Colorado,2,2,0,0,0,4,4,41,EL PASO (41),0,NOT APPLICABLE,17,17,11,November,2023,6,Friday,16,4:00pm-4:59pm,37,37,1,This Section IS ON the NHS,2,Urban,3,Other Principal Arterial,2,County Highway Agency,4,County,CR-E WOODMAN RD,CR-MERIDIAN RD,0,None,38.94068333,38.94068333,-104.607722220,-104.60772222,0,No Special Jurisdiction,12,Motor Vehicle In-Transport,6,Angle,0,No,2,Intersection,2,Four-Way Intersection,0,None,,,1,On Roadway,5,Dusk,,,,,1,Clear,0,No,0000000,Not Applicable,99,Unknown,99,Unknown,99,Unknown EMS Scene Arrival Hour,99,Unknown EMS Scene Arrival Minutes,99,Unknown,99,Unknown EMS Hospital Arrival Time,,,,,,,1,
2023,8,80596,Colorado,1,1,0,1,1,1,1,101,PUEBLO (101),2052,PUEBLO WEST,16,16,11,November,2023,5,Thursday,20,8:00pm-8:59pm,17,17,0,This Section IS NOT on the NHS,2,Urban,4,Minor Arterial,4,City or Municipal Highway Agency,6,Municipal,MU-E JOE MARTINEZ BLVD,MU-S PURCELL BLVD,0,None,38.30638056,38.30638056,-104.719091670,-104.71909167,0,No Special Jurisdiction,8,Pedestrian,0,The First Harmful Event was Not a Collision with a Motor Vehicle in Transport,0,No,3,Intersection-Related,2,Four-Way Intersection,0,None,,,1,On Roadway,2,Dark - Not Lighted,,,,,1,Clear,0,No,0000000,Not Applicable,20,8:00pm-8:59pm,18,18,20,8:00pm-8:59pm,23,23,88,"Not Applicable (Not Transported) ",88,Not Applicable (Not Transported),,,,,,,1,
2023,8,80597,Colorado,1,1,0,0,0,3,3,101,PUEBLO (101),0,NOT APPLICABLE,21,21,11,November,2023,3,Tuesday,15,3:00pm-3:59pm,21,21,0,This Section IS NOT on the NHS,1,Rural,5,Major Collector,1,State Highway Agency,3,State Highway,SR-78,,152,152,38.08664444,38.08664444,-104.930680560,-104.93068056,0,No Special Jurisdiction,42,Tree (Standing Only),0,The First Harmful Event was Not a Collision with a Motor Vehicle in Transport,0,No,1,Non-Junction,1,Not an Intersection,0,None,,,4,On Roadside,1,Daylight,,,,,1,Clear,0,No,0000000,Not Applicable,99,Unknown,99,Unknown,99,Unknown EMS Scene Arrival Hour,99,Unknown EMS Scene Arrival Minutes,88,"Not Applicable (Not Transported) ",88,Not Applicable (Not Transported),,,,,,,3,
2023,8,80598,Colorado,1,1,0,0,0,1,1,123,WELD (123),0,NOT APPLICABLE,21,21,11,November,2023,3,Tuesday,7,7:00am-7:59am,7,7,1,This Section IS ON the NHS,1,Rural,1,Interstate,1,State Highway Agency,1,Interstate,I-25,,2926,2926,40.91098889,40.91098889,-104.937775000,-104.93777500,0,No Special Jurisdiction,21,Bridge Pier or Support,0,The First Harmful Event was Not a Collision with a Motor Vehicle in Transport,1,Yes,19,Other location within Interchange Area,1,Not an Intersection,0,None,,,4,On Roadside,1,Daylight,,,,,1,Clear,0,No,0000000,Not Applicable,7,7:00am-7:59am,9,9,7,7:00am-7:59am,23,23,88,"Not Applicable (Not Transported) ",88,Not Applicable (Not Transported),,,,,,,1,
2023,8,80599,Colorado,2,2,0,0,0,2,2,14,BROOMFIELD (14),253,BROOMFIELD,21,21,11,November,2023,3,Tuesday,5,5:00am-5:59am,21,21,1,This Section IS ON the NHS,2,Urban,3,Other Principal Arterial,1,State Highway Agency,3,State Highway,SR-7,MU-VISTA PKWY,659,659,40.00033333,40.00033333,-105.026527780,-105.02652778,0,No Special Jurisdiction,12,Motor Vehicle In-Transport,2,Front-to-Front,0,No,2,Intersection,3,T-Intersection,0,None,,,1,On Roadway,3,Dark - Lighted,,,,,1,Clear,0,No,0000000,Not Applicable,99,Unknown,99,Unknown,5,5:00am-5:59am,32,32,99,Unknown,99,Unknown EMS Hospital Arrival Time,,,,,,,1,
2023,8,80600,Colorado,2,2,0,0,0,6,6,1,ADAMS (1),230,BRIGHTON,19,19,11,November,2023,1,Sunday,23,11:00pm-11:59pm,5,5,0,This Section IS NOT on the NHS,2,Urban,4,Minor Arterial,4,City or Municipal Highway Agency,6,Municipal,MU-S 27TH AVE,,0,None,39.96186111,39.96186111,-104.789822220,-104.78982222,0,No Special Jurisdiction,12,Motor Vehicle In-Transport,2,Front-to-Front,0,No,1,Non-Junction,1,Not an Intersection,0,None,,,1,On Roadway,3,Dark - Lighted,,,,,1,Clear,0,No,0000000,Not Applicable,23,11:00pm-11:59pm,6,6,23,11:00pm-11:59pm,12,12,99,Unknown,99,Unknown EMS Hospital Arrival Time,,,,,,,1,
2023,8,80601,Colorado,2,2,0,0,0,3,3,41,EL PASO (41),0,NOT APPLICABLE,22,22,11,November,2023,4,Wednesday,17,5:00pm-5:59pm,5,5,0,This Section IS NOT on the NHS,2,Urban,7,Local,2,County Highway Agency,4,County,CR-MERIDIAN RD,,0,None,38.93821389,38.93821389,-104.610172220,-104.61017222,0,No Special Jurisdiction,12,Motor Vehicle In-Transport,6,Angle,0,No,8,Driveway Access Related,1,Not an Intersection,0,None,,,1,On Roadway,3,Dark - Lighted,,,,,1,Clear,0,No,0000000,Not Applicable,99,Unknown,99,Unknown,99,Unknown EMS Scene Arrival Hour,99,Unknown EMS Scene Arrival Minutes,99,Unknown,99,Unknown EMS Hospital Arrival Time,,,,,,,1,
2023,8,80602,Colorado,1,1,0,0,0,1,1,75,LOGAN (75),0,NOT APPLICABLE,22,22,11,November,2023,4,Wednesday,13,1:00pm-1:59pm,10,10,1,This Section IS ON the NHS,1,Rural,1,Interstate,1,State Highway Agency,1,Interstate,I-76,,1266,1266,40.64182222,40.64182222,-103.151766670,-103.15176667,0,No Special Jurisdiction,1,Rollover/Overturn,0,The First Harmful Event was Not a Collision with a Motor Vehicle in Transport,0,No,1,Non-Junction,1,Not an Intersection,0,None,,,3,On Median,1,Daylight,,,,,1,Clear,0,No,0000000,Not Applicable,13,1:00pm-1:59pm,10,10,99,Unknown EMS Scene Arrival Hour,99,Unknown EMS Scene Arrival Minutes,88,"Not Applicable (Not Transported) ",88,Not Applicable (Not Transported),,,,,,,1,
2023,8,80603,Colorado,2,2,0,0,0,5,5,117,SUMMIT (117),0,NOT APPLICABLE,22,22,11,November,2023,4,Wednesday,17,5:00pm-5:59pm,50,50,0,This Section IS NOT on the NHS,1,Rural,4,Minor Arterial,1,State Highway Agency,2,U.S. Highway,US-6,,2232,2232,39.65478889,39.65478889,-105.872777780,-105.87277778,0,No Special Jurisdiction,12,Motor Vehicle In-Transport,2,Front-to-Front,0,No,1,Non-Junction,1,Not an Intersection,0,None,,,1,On Roadway,2,Dark - Not Lighted,,,,,1,Clear,0,No,0000000,Not Applicable,17,5:00pm-5:59pm,53,53,99,Unknown EMS Scene Arrival Hour,99,Unknown EMS Scene Arrival Minutes,99,Unknown,99,Unknown EMS Hospital Arrival Time,,,,,,,1,
2023,8,80604,Colorado,1,1,0,1,1,1,1,1,ADAMS (1),0,NOT APPLICABLE,23,23,11,November,2023,5,Thursday,3,3:00am-3:59am,0,0,1,This Section IS ON the NHS,2,Urban,3,Other Principal Arterial,1,State Highway Agency,2,U.S. Highway,US-287   N FEDERAL BLVD,CR-W 58TH AVE,2871,2871,39.80305556,39.80305556,-105.025227780,-105.02522778,0,No Special Jurisdiction,8,Pedestrian,0,The First Harmful Event was Not a Collision with a Motor Vehicle in Transport,0,No,3,Intersection-Related,2,Four-Way Intersection,0,None,,,1,On Roadway,3,Dark - Lighted,,,,,1,Clear,0,No,0000000,Not Applicable,3,3:00am-3:59am,10,10,3,3:00am-3:59am,12,12,88,"Not Applicable (Not Transported) ",88,Not Applicable (Not Transported),,,,,,,1,
2023,8,80605,Colorado,2,2,0,0,0,6,6,105,RIO GRANDE (105),0,NOT APPLICABLE,24,24,11,November,2023,6,Friday,17,5:00pm-5:59pm,56,56,1,This Section IS ON the NHS,1,Rural,3,Other Principal Arterial,1,State Highway Agency,2,U.S. Highway,US-285,CR-7N,579,579,37.67565833,37.67565833,-106.149013890,-106.14901389,0,No Special Jurisdiction,12,Motor Vehicle In-Transport,6,Angle,0,No,2,Intersection,2,Four-Way Intersection,0,None,,,1,On Roadway,2,Dark - Not Lighted,,,,,1,Clear,0,No,0000000,Not Applicable,99,Unknown,99,Unknown,99,Unknown EMS Scene Arrival Hour,99,Unknown EMS Scene Arrival Minutes,99,Unknown,99,Unknown EMS Hospital Arrival Time,,,,,,,1,
2023,8,80606,Colorado,1,1,0,0,0,4,4,123,WELD (123),0,NOT APPLICABLE,25,25,11,November,2023,7,Saturday,10,10:00am-10:59am,12,12,0,This Section IS NOT on the NHS,1,Rural,7,Local,2,County Highway Agency,4,County,CR-88,,0,None,40.62591944,40.62591944,-104.748083330,-104.74808333,0,No Special Jurisdiction,10,Railway Vehicle,0,The First Harmful Event was Not a Collision with a Motor Vehicle in Transport,0,No,6,"Railway Grade Crossing ",1,Not an Intersection,0,None,,,1,On Roadway,1,Daylight,,,,,4,Snow,0,No,804868X,804868X,10,10:00am-10:59am,15,15,10,10:00am-10:59am,23,23,99,Unknown,99,Unknown EMS Hospital Arrival Time,,,,,,,1,
2023,8,80607,Colorado,2,2,0,0,0,2,2,5,ARAPAHOE (5),110,AURORA,26,26,11,November,2023,1,Sunday,7,7:00am-7:59am,9,9,1,This Section IS ON the NHS,2,Urban,3,Other Principal Arterial,1,State Highway Agency,3,State Highway,SR-30  S HAVANA ST,MU-E ILIFF AVE,43,43,39.67484167,39.67484167,-104.866055560,-104.86605556,0,No Special Jurisdiction,12,Motor Vehicle In-Transport,6,Angle,0,No,2,Intersection,2,Four-Way Intersection,0,None,,,1,On Roadway,4,Dawn,,,,,1,Clear,0,No,0000000,Not Applicable,7,7:00am-7:59am,9,9,7,7:00am-7:59am,12,12,88,"Not Applicable (Not Transported) ",88,Not Applicable (Not Transported),,,,,,,1,
2023,8,80608,Colorado,1,1,0,1,1,1,1,45,GARFIELD (45),0,NOT APPLICABLE,15,15,11,November,2023,4,Wednesday,18,6:00pm-6:59pm,0,0,0,This Section IS NOT on the NHS,2,Urban,5,Major Collector,2,County Highway Agency,4,County,CR-CASTLE VALLEY RD,I-70 RAMP D,0,None,39.56638333,39.56638333,-107.516722220,-107.51672222,0,No Special Jurisdiction,8,Pedestrian,0,The First Harmful Event was Not a Collision with a Motor Vehicle in Transport,1,Yes,3,Intersection-Related,2,Four-Way Intersection,0,None,,,1,On Roadway,3,Dark - Lighted,,,,,1,Clear,0,No,0000000,Not Applicable,99,Unknown,99,Unknown,99,Unknown EMS Scene Arrival Hour,99,Unknown EMS Scene Arrival Minutes,99,Unknown,99,Unknown EMS Hospital Arrival Time,,,,,,,1,
2023,8,80609,Colorado,1,1,0,0,0,1,1,15,CHAFFEE (15),0,NOT APPLICABLE,8,8,11,November,2023,4,Wednesday,6,6:00am-6:59am,0,0,0,This Section IS NOT on the NHS,1,Rural,5,Major Collector,2,County Highway Agency,4,County,CR-321,,0,None,38.79374167,38.79374167,-106.146519440,-106.14651944,0,No Special Jurisdiction,11,Live Animal,0,The First Harmful Event was Not a Collision with a Motor Vehicle in Transport,0,No,1,Non-Junction,1,Not an Intersection,0,None,,,1,On Roadway,2,Dark - Not Lighted,,,,,1,Clear,0,No,0000000,Not Applicable,6,6:00am-6:59am,15,15,6,6:00am-6:59am,22,22,7,7:00am-7:59am,19,19,,,,,,,1,
2023,8,80610,Colorado,2,2,0,0,0,2,2,1,ADAMS (1),2427,THORNTON,23,23,11,November,2023,5,Thursday,10,10:00am-10:59am,44,44,0,This Section IS NOT on the NHS,2,Urban,4,Minor Arterial,4,City or Municipal Highway Agency,6,Municipal,MU-WASHINGTON ST,MU-E 160TH AVE,0,None,39.98663889,39.98663889,-104.978477780,-104.97847778,0,No Special Jurisdiction,12,Motor Vehicle In-Transport,6,Angle,0,No,2,Intersection,2,Four-Way Intersection,0,None,,,1,On Roadway,1,Daylight,,,,,1,Clear,0,No,0000000,Not Applicable,10,10:00am-10:59am,44,44,10,10:00am-10:59am,54,54,10,10:00am-10:59am,57,57,,,,,,,1,
2023,8,80611,Colorado,1,1,0,1,1,3,3,31,DENVER (31),600,DENVER,19,19,11,November,2023,1,Sunday,2,2:00am-2:59am,33,33,1,This Section IS ON the NHS,2,Urban,1,Interstate,1,State Highway Agency,1,Interstate,I-70,,2823,2823,39.77289444,39.77289444,-104.833830560,-104.83383056,0,No Special Jurisdiction,8,Pedestrian,0,The First Harmful Event was Not a Collision with a Motor Vehicle in Transport,1,Yes,18,Through Roadway,1,Not an Intersection,0,None,,,1,On Roadway,3,Dark - Lighted,,,,,1,Clear,0,No,0000000,Not Applicable,2,2:00am-2:59am,33,33,2,2:00am-2:59am,33,33,88,"Not Applicable (Not Transported) ",88,Not Applicable (Not Transported),,,,,,,1,
2023,8,80612,Colorado,1,1,0,1,1,1,1,31,DENVER (31),600,DENVER,30,30,11,November,2023,5,Thursday,11,11:00am-11:59am,59,59,1,This Section IS ON the NHS,2,Urban,3,Other Principal Arterial,1,State Highway Agency,3,State Highway,SR-88   N FEDERAL BLVD,MU-W 10TH AVE,5,5,39.73307500,39.73307500,-105.025152780,-105.02515278,0,No Special Jurisdiction,15,Non-Motorist on Personal Conveyance,0,The First Harmful Event was Not a Collision with a Motor Vehicle in Transport,0,No,3,Intersection-Related,2,Four-Way Intersection,0,None,,,1,On Roadway,1,Daylight,,,,,1,Clear,0,No,0000000,Not Applicable,11,11:00am-11:59am,59,59,12,12:00pm-12:59pm,2,2,88,"Not Applicable (Not Transported) ",88,Not Applicable (Not Transported),,,,,,,1,
2023,8,80613,Colorado,1,1,0,1,1,1,1,41,EL PASO (41),430,COLORADO SPRINGS,22,22,11,November,2023,4,Wednesday,18,6:00pm-6:59pm,33,33,1,This Section IS ON the NHS,2,Urban,2,Other Freeways and Expressways,4,City or Municipal Highway Agency,6,Municipal,MU-E PLATTE AVE,,0,None,38.83966667,38.83966667,-104.755555560,-104.75555556,0,No Special Jurisdiction,8,Pedestrian,0,The First Harmful Event was Not a Collision with a Motor Vehicle in Transport,1,Yes,18,Through Roadway,1,Not an Intersection,0,None,,,1,On Roadway,3,Dark - Lighted,,,,,1,Clear,0,No,0000000,Not Applicable,18,6:00pm-6:59pm,33,33,18,6:00pm-6:59pm,37,37,19,7:00pm-7:59pm,6,6,,,,,,,1,
2023,8,80614,Colorado,1,1,0,0,0,1,1,101,PUEBLO (101),2050,PUEBLO,18,18,11,November,2023,7,Saturday,9,9:00am-9:59am,59,59,1,This Section IS ON the NHS,2,Urban,1,Interstate,1,State Highway Agency,1,Interstate,I-25,,966,966,38.24122222,38.24122222,-104.612500000,-104.61250000,0,No Special Jurisdiction,1,Rollover/Overturn,0,The First Harmful Event was Not a Collision with a Motor Vehicle in Transport,1,Yes,19,Other location within Interchange Area,1,Not an Intersection,0,None,,,8,Gore,1,Daylight,,,,,1,Clear,0,No,0000000,Not Applicable,10,10:00am-10:59am,0,0,10,10:00am-10:59am,4,4,10,10:00am-10:59am,19,19,,,,,,,1,
2023,8,80615,Colorado,1,1,0,1,1,1,1,31,DENVER (31),600,DENVER,19,19,11,November,2023,1,Sunday,18,6:00pm-6:59pm,36,36,1,This Section IS ON the NHS,2,Urban,3,Other Principal Arterial,1,State Highway Agency,3,State Highway,SR-2   N COLORADO BLVD,MU-E 48TH AVE,90,90,39.78366111,39.78366111,-104.940633330,-104.94063333,0,No Special Jurisdiction,8,Pedestrian,0,The First Harmful Event was Not a Collision with a Motor Vehicle in Transport,0,No,3,Intersection-Related,2,Four-Way Intersection,0,None,,,1,On Roadway,3,Dark - Lighted,,,,,1,Clear,0,No,0000000,Not Applicable,18,6:00pm-6:59pm,36,36,18,6:00pm-6:59pm,41,41,18,6:00pm-6:59pm,57,57,,,,,,,1,
2023,8,80616,Colorado,1,1,0,0,0,1,1,31,DENVER (31),600,DENVER,25,25,11,November,2023,7,Saturday,22,10:00pm-10:59pm,0,0,0,This Section IS NOT on the NHS,2,Urban,4,Minor Arterial,4,City or Municipal Highway Agency,6,Municipal,MU-N QUEBEC ST,,0,None,39.73627778,39.73627778,-104.903425000,-104.90342500,0,No Special Jurisdiction,33,Curb,0,The First Harmful Event was Not a Collision with a Motor Vehicle in Transport,0,No,1,Non-Junction,1,Not an Intersection,0,None,,,4,On Roadside,3,Dark - Lighted,,,,,1,Clear,0,No,0000000,Not Applicable,22,10:00pm-10:59pm,3,3,22,10:00pm-10:59pm,12,12,22,10:00pm-10:59pm,27,27,,,,,,,1,
2023,8,80617,Colorado,2,2,0,1,1,1,1,31,DENVER (31),600,DENVER,22,22,10,October,2023,1,Sunday,22,10:00pm-10:59pm,48,48,1,This Section IS ON the NHS,2,Urban,1,Interstate,1,State Highway Agency,1,Interstate,I-70 HOV LANE,,2796,2796,39.77732778,39.77732778,-104.883752780,-104.88375278,0,No Special Jurisdiction,12,Motor Vehicle In-Transport,1,Front-to-Rear,1,Yes,18,Through Roadway,1,Not an Intersection,0,None,,,1,On Roadway,3,Dark - Lighted,,,,,1,Clear,0,No,0000000,Not Applicable,22,10:00pm-10:59pm,48,48,22,10:00pm-10:59pm,58,58,88,"Not Applicable (Not Transported) ",88,Not Applicable (Not Transported),,,,,,,1,
2023,8,80618,Colorado,1,1,0,1,1,1,1,123,WELD (123),1070,GREELEY,4,4,12,December,2023,2,Monday,0,0:00am-0:59am,3,3,0,This Section IS NOT on the NHS,2,Urban,4,Minor Arterial,4,City or Municipal Highway Agency,6,Municipal,MU-8TH AVE,,0,None,40.39951389,40.39951389,-104.691147220,-104.69114722,0,No Special Jurisdiction,9,Pedalcyclist,0,The First Harmful Event was Not a Collision with a Motor Vehicle in Transport,0,No,1,Non-Junction,1,Not an Intersection,0,None,,,1,On Roadway,3,Dark - Lighted,,,,,1,Clear,0,No,0000000,Not Applicable,0,0:00am-0:59am,3,3,0,0:00am-0:59am,8,8,0,0:00am-0:59am,19,19,,,,,,,1,
2023,8,80619,Colorado,3,3,0,0,0,4,4,5,ARAPAHOE (5),110,AURORA,3,3,12,December,2023,1,Sunday,22,10:00pm-10:59pm,5,5,1,This Section IS ON the NHS,2,Urban,3,Other Principal Arterial,1,State Highway Agency,3,State Highway,SR-30   S HAVANA ST,MU-E ILIFF AVE,43,43,39.67455556,39.67455556,-104.865880560,-104.86588056,0,No Special Jurisdiction,1,Rollover/Overturn,0,The First Harmful Event was Not a Collision with a Motor Vehicle in Transport,0,No,3,Intersection-Related,2,Four-Way Intersection,0,None,,,1,On Roadway,3,Dark - Lighted,,,,,1,Clear,0,No,0000000,Not Applicable,22,10:00pm-10:59pm,5,5,22,10:00pm-10:59pm,8,8,88,"Not Applicable (Not Transported) ",88,Not Applicable (Not Transported),,,,,,,1,
2023,8,80620,Colorado,1,1,0,0,0,3,3,5,ARAPAHOE (5),110,AURORA,3,3,12,December,2023,1,Sunday,21,9:00pm-9:59pm,1,1,0,This Section IS NOT on the NHS,2,Urban,7,Local,4,City or Municipal Highway Agency,6,Municipal,MU-S WHEATLANDS PKWY,,0,None,39.60253889,39.60253889,-104.693813890,-104.69381389,0,No Special Jurisdiction,33,Curb,0,The First Harmful Event was Not a Collision with a Motor Vehicle in Transport,0,No,1,Non-Junction,1,Not an Intersection,0,None,,,3,On Median,2,Dark - Not Lighted,,,,,10,Cloudy,0,No,0000000,Not Applicable,21,9:00pm-9:59pm,5,5,21,9:00pm-9:59pm,9,9,21,9:00pm-9:59pm,49,49,,,,,,,1,
2023,8,80621,Colorado,2,2,0,0,0,3,3,91,OURAY (91),0,NOT APPLICABLE,5,5,12,December,2023,3,Tuesday,17,5:00pm-5:59pm,0,0,1,This Section IS ON the NHS,1,Rural,3,Other Principal Arterial,1,State Highway Agency,2,U.S. Highway,US-550,,1134,1134,38.27553333,38.27553333,-107.766438890,-107.76643889,0,No Special Jurisdiction,12,Motor Vehicle In-Transport,2,Front-to-Front,0,No,1,Non-Junction,1,Not an Intersection,0,None,,,1,On Roadway,2,Dark - Not Lighted,,,,,1,Clear,0,No,0000000,Not Applicable,99,Unknown,99,Unknown,99,Unknown EMS Scene Arrival Hour,99,Unknown EMS Scene Arrival Minutes,88,"Not Applicable (Not Transported) ",88,Not Applicable (Not Transported),,,,,,,1,
2023,8,80622,Colorado,2,2,0,0,0,2,2,123,WELD (123),1530,LONGMONT,5,5,12,December,2023,3,Tuesday,7,7:00am-7:59am,20,20,0,This Section IS NOT on the NHS,2,Urban,5,Major Collector,4,City or Municipal Highway Agency,6,Municipal,MU-E COUNTY LINE RD,MU-ZLATEN DR,0,None,40.15633333,40.15633333,-105.055325000,-105.05532500,0,No Special Jurisdiction,12,Motor Vehicle In-Transport,6,Angle,0,No,2,Intersection,2,Four-Way Intersection,0,None,,,1,On Roadway,1,Daylight,,,,,1,Clear,0,No,0000000,Not Applicable,7,7:00am-7:59am,33,33,7,7:00am-7:59am,30,30,88,"Not Applicable (Not Transported) ",88,Not Applicable (Not Transported),,,,,,,1,
2023,8,80623,Colorado,1,1,0,1,1,1,1,59,JEFFERSON (59),1435,LAKEWOOD,3,3,12,December,2023,1,Sunday,23,11:00pm-11:59pm,39,39,1,This Section IS ON the NHS,2,Urban,3,Other Principal Arterial,1,State Highway Agency,3,State Highway,SR-391   KIPLING ST,,55,55,39.72956111,39.72956111,-105.109750000,-105.10975000,0,No Special Jurisdiction,8,Pedestrian,0,The First Harmful Event was Not a Collision with a Motor Vehicle in Transport,0,No,1,Non-Junction,1,Not an Intersection,0,None,,,1,On Roadway,3,Dark - Lighted,,,,,1,Clear,0,No,0000000,Not Applicable,23,11:00pm-11:59pm,39,39,99,Unknown EMS Scene Arrival Hour,99,Unknown EMS Scene Arrival Minutes,88,"Not Applicable (Not Transported) ",88,Not Applicable (Not Transported),,,,,,,1,
2023,8,80624,Colorado,1,1,0,1,1,1,1,59,JEFFERSON (59),1435,LAKEWOOD,7,7,12,December,2023,5,Thursday,12,12:00pm-12:59pm,21,21,1,This Section IS ON the NHS,2,Urban,3,Other Principal Arterial,1,State Highway Agency,2,U.S. Highway,US-40   W COLFAX AVE,MU-TELLER ST,2930,2930,39.74021111,39.74021111,-105.076838890,-105.07683889,0,No Special Jurisdiction,15,Non-Motorist on Personal Conveyance,0,The First Harmful Event was Not a Collision with a Motor Vehicle in Transport,0,No,3,Intersection-Related,2,Four-Way Intersection,0,None,,,1,On Roadway,1,Daylight,,,,,1,Clear,0,No,0000000,Not Applicable,12,12:00pm-12:59pm,22,22,12,12:00pm-12:59pm,26,26,99,Unknown,99,Unknown EMS Hospital Arrival Time,,,,,,,1,
2023,8,80625,Colorado,2,2,0,0,0,3,3,101,PUEBLO (101),2052,PUEBLO WEST,9,9,12,December,2023,7,Saturday,15,3:00pm-3:59pm,59,59,0,This Section IS NOT on the NHS,2,Urban,7,Local,4,City or Municipal Highway Agency,6,Municipal,MU-W CARRIZO SPRINGS AVE,,0,None,38.32436944,38.32436944,-104.832797220,-104.83279722,0,No Special Jurisdiction,12,Motor Vehicle In-Transport,2,Front-to-Front,0,No,1,Non-Junction,1,Not an Intersection,0,None,,,1,On Roadway,1,Daylight,,,,,1,Clear,0,No,0000000,Not Applicable,16,4:00pm-4:59pm,0,0,16,4:00pm-4:59pm,12,12,99,Unknown,99,Unknown EMS Hospital Arrival Time,,,,,,,1,
2023,8,80626,Colorado,1,1,0,1,1,1,1,69,LARIMER (69),0,NOT APPLICABLE,10,10,12,December,2023,1,Sunday,18,6:00pm-6:59pm,42,42,1,This Section IS ON the NHS,2,Urban,3,Other Principal Arterial,1,State Highway Agency,3,State Highway,SR-14,,1387,1387,40.58119167,40.58119167,-105.006097220,-105.00609722,0,No Special Jurisdiction,8,Pedestrian,0,The First Harmful Event was Not a Collision with a Motor Vehicle in Transport,0,No,1,Non-Junction,1,Not an Intersection,0,None,,,1,On Roadway,2,Dark - Not Lighted,,,,,1,Clear,0,No,0000000,Not Applicable,18,6:00pm-6:59pm,42,42,18,6:00pm-6:59pm,44,44,19,7:00pm-7:59pm,55,55,,,,,,,1,
2023,8,80627,Colorado,2,2,0,0,0,3,3,93,PARK (93),0,NOT APPLICABLE,9,9,12,December,2023,7,Saturday,7,7:00am-7:59am,47,47,0,This Section IS NOT on the NHS,1,Rural,4,Minor Arterial,1,State Highway Agency,2,U.S. Highway,US-24,,2501,2501,39.04791944,39.04791944,-105.599519440,-105.59951944,0,No Special Jurisdiction,12,Motor Vehicle In-Transport,2,Front-to-Front,0,No,1,Non-Junction,1,Not an Intersection,0,None,,,1,On Roadway,1,Daylight,,,,,1,Clear,0,No,0000000,Not Applicable,99,Unknown,99,Unknown,99,Unknown EMS Scene Arrival Hour,99,Unknown EMS Scene Arrival Minutes,99,Unknown,99,Unknown EMS Hospital Arrival Time,,,,,,,2,
2023,8,80628,Colorado,1,1,0,1,1,1,1,31,DENVER (31),600,DENVER,5,5,12,December,2023,3,Tuesday,18,6:00pm-6:59pm,15,15,0,This Section IS NOT on the NHS,2,Urban,4,Minor Arterial,4,City or Municipal Highway Agency,6,Municipal,MU-N HAVANA ST,MU-E 47TH AVE,0,None,39.78253333,39.78253333,-104.865811110,-104.86581111,0,No Special Jurisdiction,8,Pedestrian,0,The First Harmful Event was Not a Collision with a Motor Vehicle in Transport,0,No,3,Intersection-Related,2,Four-Way Intersection,0,None,,,1,On Roadway,3,Dark - Lighted,,,,,1,Clear,0,No,0000000,Not Applicable,18,6:00pm-6:59pm,10,10,18,6:00pm-6:59pm,10,10,18,6:00pm-6:59pm,20,20,,,,,,,1,
2023,8,80629,Colorado,2,2,0,0,0,2,2,123,WELD (123),0,NOT APPLICABLE,8,8,12,December,2023,6,Friday,11,11:00am-11:59am,33,33,0,This Section IS NOT on the NHS,1,Rural,4,Minor Arterial,1,State Highway Agency,3,State Highway,SR-392,,1072,1072,40.47968889,40.47968889,-104.854616670,-104.85461667,0,No Special Jurisdiction,12,Motor Vehicle In-Transport,2,Front-to-Front,0,No,1,Non-Junction,1,Not an Intersection,0,None,,,1,On Roadway,1,Daylight,,,,,10,Cloudy,0,No,0000000,Not Applicable,11,11:00am-11:59am,36,36,11,11:00am-11:59am,40,40,12,12:00pm-12:59pm,26,26,,,,,,,1,
2023,8,80630,Colorado,1,1,0,1,1,1,1,101,PUEBLO (101),2050,PUEBLO,11,11,12,December,2023,2,Monday,20,8:00pm-8:59pm,0,0,1,This Section IS ON the NHS,2,Urban,3,Other Principal Arterial,1,State Highway Agency,3,State Highway,SR-45   W PUEBLO BLVD,MU-LAKE AVE,4,4,38.21865556,38.21865556,-104.625261110,-104.62526111,0,No Special Jurisdiction,15,Non-Motorist on Personal Conveyance,0,The First Harmful Event was Not a Collision with a Motor Vehicle in Transport,0,No,3,Intersection-Related,2,Four-Way Intersection,0,None,,,1,On Roadway,3,Dark - Lighted,,,,,1,Clear,0,No,0000000,Not Applicable,20,8:00pm-8:59pm,1,1,20,8:00pm-8:59pm,8,8,20,8:00pm-8:59pm,31,31,,,,,,,1,