caseyear,state,st_case,statename,ve_total,ve_forms,pvh_invl,peds,pernotmvit,permvit,persons,county,countyname,city,cityname,day,dayname,month,monthname,year,day_week,day_weekname,hour,hourname,minute,minutename,nhs,nhsname,rur_urb,rur_urbname,func_sys,func_sysname,rd_owner,rd_ownername,route,routename,tway_id,tway_id2,milept,mileptname,latitude,latitudename,longitud,longitudname,sp_jur,sp_jurname,harm_ev,harm_evname,man_coll,man_collname,reljct1,reljct1name,reljct2,reljct2name,typ_int,typ_intname,wrk_zone,wrk_zonename,road_fnc,road_fncname,rel_road,rel_roadname,lgt_cond,lgt_condname,weather1,weather1name,weather2,weather2name,weather,weathername,sch_bus,sch_busname,rail,railname,not_hour,not_hourname,not_min,not_minname,arr_hour,arr_hourname,arr_min,arr_minname,hosp_hr,hosp_hrname,hosp_mn,hosp_mnname,cf1,cf1name,cf2,cf2name,cf3,cf3name,fatals,drunk_dr
2023,8,80631,Colorado,2,2,0,0,0,2,2,1,ADAMS (1),434,COMMERCE CITY,15,15,12,December,2023,6,Friday,13,1:00pm-1:59pm,39,39,0,This Section IS NOT on the NHS,2,Urban,5,Major Collector,4,City or Municipal Highway Agency,6,Municipal,MU-E 96TH AVE,,0,None,39.87077222,39.87077222,-104.874744440,-104.87474444,0,No Special Jurisdiction,12,Motor Vehicle In-Transport,2,Front-to-Front,0,No,8,Driveway Access Related,1,Not an Intersection,0,None,,,1,On Roadway,1,Daylight,,,,,1,Clear,0,No,0000000,Not Applicable,13,1:00pm-1:59pm,39,39,13,1:00pm-1:59pm,43,43,88,"Not Applicable (Not Transported) ",88,Not Applicable (Not Transported),,,,,,,1,
2023,8,80632,Colorado,1,1,0,0,0,1,1,85,MONTROSE (85),0,NOT APPLICABLE,16,16,12,December,2023,7,Saturday,8,8:00am-8:59am,30,30,0,This Section IS NOT on the NHS,1,Rural,4,Minor Arterial,1,State Highway Agency,3,State Highway,SR-141,,564,564,38.22236111,38.22236111,-108.503597220,-108.50359722,0,No Special Jurisdiction,59,"Traffic Sign Support ",0,The First Harmful Event was Not a Collision with a Motor Vehicle in Transport,0,No,1,Non-Junction,1,Not an Intersection,0,None,,,4,On Roadside,1,Daylight,,,,,1,Clear,0,No,0000000,Not Applicable,99,Unknown,99,Unknown,99,Unknown EMS Scene Arrival Hour,99,Unknown EMS Scene Arrival Minutes,88,"Not Applicable (Not Transported) ",88,Not Applicable (Not Transported),,,,,,,1,
2023,8,80633,Colorado,1,1,0,0,0,1,1,1,ADAMS (1),0,NOT APPLICABLE,16,16,12,December,2023,7,Saturday,2,2:00am-2:59am,12,12,1,This Section IS ON the NHS,2,Urban,2,Other Freeways and Expressways,1,State Highway Agency,3,State Highway,SR-470   E-470,,289,289,39.84959722,39.84959722,-104.747175000,-104.74717500,0,No Special Jurisdiction,32,Culvert,0,The First Harmful Event was Not a Collision with a Motor Vehicle in Transport,0,No,1,Non-Junction,1,Not an Intersection,0,None,,,4,On Roadside,2,Dark - Not Lighted,,,,,1,Clear,0,No,0000000,Not Applicable,99,Unknown,99,Unknown,99,Unknown EMS Scene Arrival Hour,99,Unknown EMS Scene Arrival Minutes,88,"Not Applicable (Not Transported) ",88,Not Applicable (Not Transported),,,,,,,1,
2023,8,80634,Colorado,2,2,0,0,0,3,3,14,BROOMFIELD (14),253,BROOMFIELD,12,12,12,December,2023,3,Tuesday,13,1:00pm-1:59pm,19,19,0,This Section IS NOT on the NHS,2,Urban,4,Minor Arterial,4,City or Municipal Highway Agency,6,Municipal,MU-MAIN ST,MU-MIRAMONTE BLVD,0,None,39.93272778,39.93272778,-105.071922220,-105.07192222,0,No Special Jurisdiction,12,Motor Vehicle In-Transport,6,Angle,0,No,2,Intersection,3,T-Intersection,0,None,,,1,On Roadway,1,Daylight,,,,,1,Clear,0,No,0000000,Not Applicable,13,1:00pm-1:59pm,24,24,13,1:00pm-1:59pm,25,25,13,1:00pm-1:59pm,40,40,,,,,,,2,
2023,8,80635,Colorado,2,2,0,0,0,2,2,123,WELD (123),2580,WINDSOR,20,20,12,December,2023,4,Wednesday,5,5:00am-5:59am,22,22,0,This Section IS NOT on the NHS,2,Urban,4,Minor Arterial,4,City or Municipal Highway Agency,6,Municipal,MU-COLORADO BLVD,MU-CHERRY BLOSSOM DR,0,None,40.45072500,40.45072500,-104.944236110,-104.94423611,0,No Special Jurisdiction,12,Motor Vehicle In-Transport,6,Angle,0,No,2,Intersection,2,Four-Way Intersection,0,None,,,1,On Roadway,3,Dark - Lighted,,,,,1,Clear,0,No,0000000,Not Applicable,5,5:00am-5:59am,19,19,5,5:00am-5:59am,29,29,5,5:00am-5:59am,48,48,,,,,,,1,
2023,8,80636,Colorado,1,1,0,1,1,1,1,5,ARAPAHOE (5),0,NOT APPLICABLE,21,21,12,December,2023,5,Thursday,3,3:00am-3:59am,46,46,0,This Section IS NOT on the NHS,2,Urban,4,Minor Arterial,2,County Highway Agency,4,County,CR-W COALMINE RD,,0,None,39.59519444,39.59519444,-105.048013890,-105.04801389,0,No Special Jurisdiction,8,Pedestrian,0,The First Harmful Event was Not a Collision with a Motor Vehicle in Transport,0,No,1,Non-Junction,1,Not an Intersection,0,None,,,1,On Roadway,2,Dark - Not Lighted,,,,,1,Clear,0,No,0000000,Not Applicable,3,3:00am-3:59am,43,43,3,3:00am-3:59am,48,48,3,3:00am-3:59am,58,58,,,,,,,1,
2023,8,80637,Colorado,2,2,0,0,0,2,2,23,COSTILLA (23),0,NOT APPLICABLE,21,21,12,December,2023,5,Thursday,6,6:00am-6:59am,55,55,1,This Section IS ON the NHS,1,Rural,3,Other Principal Arterial,1,State Highway Agency,2,U.S. Highway,US-160,,2481,2481,37.47504722,37.47504722,-105.599083330,-105.59908333,0,No Special Jurisdiction,12,Motor Vehicle In-Transport,6,Angle,0,No,1,Non-Junction,1,Not an Intersection,0,None,,,1,On Roadway,2,Dark - Not Lighted,,,,,12,Freezing Rain or Drizzle,0,No,0000000,Not Applicable,99,Unknown,99,Unknown,99,Unknown EMS Scene Arrival Hour,99,Unknown EMS Scene Arrival Minutes,88,"Not Applicable (Not Transported) ",88,Not Applicable (Not Transported),,,,,,,1,
2023,8,80638,Colorado,1,1,0,1,1,1,1,31,DENVER (31),600,DENVER,26,26,12,December,2023,3,Tuesday,13,1:00pm-1:59pm,30,30,1,This Section IS ON the NHS,2,Urban,3,Other Principal Arterial,4,City or Municipal Highway Agency,6,Municipal,MU-E EVANS AVE,MU-S BIRCH ST,0,None,39.67843889,39.67843889,-104.936561110,-104.93656111,0,No Special Jurisdiction,8,Pedestrian,0,The First Harmful Event was Not a Collision with a Motor Vehicle in Transport,0,No,3,Intersection-Related,2,Four-Way Intersection,0,None,,,1,On Roadway,1,Daylight,,,,,10,Cloudy,0,No,0000000,Not Applicable,13,1:00pm-1:59pm,31,31,13,1:00pm-1:59pm,35,35,13,1:00pm-1:59pm,47,47,,,,,,,1,
2023,8,80639,Colorado,1,1,0,1,1,1,1,1,ADAMS (1),0,NOT APPLICABLE,21,21,12,December,2023,5,Thursday,19,7:00pm-7:59pm,3,3,0,This Section IS NOT on the NHS,2,Urban,4,Minor Arterial,2,County Highway Agency,4,County,CR-E 58TH AVE,CR-LOGAN CT,0,None,39.80186111,39.80186111,-104.981291670,-104.98129167,0,No Special Jurisdiction,15,Non-Motorist on Personal Conveyance,0,The First Harmful Event was Not a Collision with a Motor Vehicle in Transport,0,No,2,Intersection,3,T-Intersection,0,None,,,1,On Roadway,3,Dark - Lighted,,,,,1,Clear,0,No,0000000,Not Applicable,19,7:00pm-7:59pm,5,5,19,7:00pm-7:59pm,7,7,19,7:00pm-7:59pm,23,23,,,,,,,1,
2023,8,80640,Colorado,2,2,0,0,0,4,4,123,WELD (123),0,NOT APPLICABLE,24,24,12,December,2023,1,Sunday,17,5:00pm-5:59pm,21,21,0,This Section IS NOT on the NHS,1,Rural,5,Major Collector,2,County Highway Agency,4,County,CR-49,,0,None,40.27426111,40.27426111,-104.602366670,-104.60236667,0,No Special Jurisdiction,12,Motor Vehicle In-Transport,2,Front-to-Front,0,No,1,Non-Junction,1,Not an Intersection,0,None,,,1,On Roadway,2,Dark - Not Lighted,,,,,1,Clear,0,No,0000000,Not Applicable,17,5:00pm-5:59pm,22,22,17,5:00pm-5:59pm,33,33,99,Unknown,99,Unknown EMS Hospital Arrival Time,,,,,,,1,
2023,8,80641,Colorado,1,1,0,0,0,1,1,69,LARIMER (69),0,NOT APPLICABLE,25,25,12,December,2023,2,Monday,3,3:00am-3:59am,16,16,1,This Section IS ON the NHS,2,Urban,1,Interstate,1,State Highway Agency,1,Interstate,I-25,,2620,2620,40.47482778,40.47482778,-104.991513890,-104.99151389,0,No Special Jurisdiction,52,Guardrail End,0,The First Harmful Event was Not a Collision with a Motor Vehicle in Transport,0,No,1,Non-Junction,1,Not an Intersection,0,None,,,4,On Roadside,3,Dark - Lighted,,,,,1,Clear,0,No,0000000,Not Applicable,3,3:00am-3:59am,18,18,3,3:00am-3:59am,26,26,88,"Not Applicable (Not Transported) ",88,Not Applicable (Not Transported),,,,,,,1,
2023,8,80642,Colorado,1,1,0,1,1,2,2,1,ADAMS (1),110,AURORA,25,25,12,December,2023,2,Monday,1,1:00am-1:59am,18,18,0,This Section IS NOT on the NHS,2,Urban,5,Major Collector,4,City or Municipal Highway Agency,6,Municipal,MU-N YOSEMITE ST,,0,None,39.74115556,39.74115556,-104.884627780,-104.88462778,0,No Special Jurisdiction,8,Pedestrian,0,The First Harmful Event was Not a Collision with a Motor Vehicle in Transport,0,No,1,Non-Junction,1,Not an Intersection,0,None,,,1,On Roadway,3,Dark - Lighted,,,,,1,Clear,0,No,0000000,Not Applicable,1,1:00am-1:59am,18,18,1,1:00am-1:59am,20,20,1,1:00am-1:59am,42,42,,,,,,,1,
2023,8,80643,Colorado,1,1,0,1,1,2,2,69,LARIMER (69),860,FORT COLLINS,21,21,12,December,2023,5,Thursday,20,8:00pm-8:59pm,56,56,0,This Section IS NOT on the NHS,2,Urban,4,Minor Arterial,4,City or Municipal Highway Agency,6,Municipal,MU-S TAFT HILL RD,,0,None,40.55779167,40.55779167,-105.115000000,-105.11500000,0,No Special Jurisdiction,15,Non-Motorist on Personal Conveyance,0,The First Harmful Event was Not a Collision with a Motor Vehicle in Transport,0,No,1,Non-Junction,1,Not an Intersection,0,None,,,1,On Roadway,3,Dark - Lighted,,,,,1,Clear,0,No,0000000,Not Applicable,20,8:00pm-8:59pm,56,56,21,9:00pm-9:59pm,0,0,21,9:00pm-9:59pm,25,25,,,,,,,1,
2023,8,80644,Colorado,1,1,0,1,1,2,2,5,ARAPAHOE (5),0,NOT APPLICABLE,15,15,12,December,2023,6,Friday,21,9:00pm-9:59pm,5,5,0,This Section IS NOT on the NHS,2,Urban,5,Major Collector,2,County Highway Agency,4,County,CR-E FLORIDA AVE,,0,None,39.68928333,39.68928333,-104.884700000,-104.88470000,0,No Special Jurisdiction,8,Pedestrian,0,The First Harmful Event was Not a Collision with a Motor Vehicle in Transport,0,No,1,Non-Junction,1,Not an Intersection,0,None,,,1,On Roadway,2,Dark - Not Lighted,,,,,1,Clear,0,No,0000000,Not Applicable,21,9:00pm-9:59pm,7,7,21,9:00pm-9:59pm,13,13,88,"Not Applicable (Not Transported) ",88,Not Applicable (Not Transported),,,,,,,1,
2023,8,80645,Colorado,2,2,0,0,0,3,3,31,DENVER (31),600,DENVER,17,17,12,December,2023,1,Sunday,19,7:00pm-7:59pm,11,11,1,This Section IS ON the NHS,2,Urban,3,Other Principal Arterial,1,State Highway Agency,3,State Highway,SR-95   S SHERIDAN BLVD,,21,21,39.68285000,39.68285000,-105.053172220,-105.05317222,0,No Special Jurisdiction,12,Motor Vehicle In-Transport,6,Angle,0,No,8,Driveway Access Related,1,Not an Intersection,0,None,,,1,On Roadway,3,Dark - Lighted,,,,,1,Clear,0,No,0000000,Not Applicable,19,7:00pm-7:59pm,13,13,19,7:00pm-7:59pm,22,22,19,7:00pm-7:59pm,40,40,,,,,,,2,
2023,8,80646,Colorado,4,4,0,0,0,8,8,1,ADAMS (1),0,NOT APPLICABLE,27,27,12,December,2023,4,Wednesday,16,4:00pm-4:59pm,30,30,1,This Section IS ON the NHS,2,Urban,2,Other Freeways and Expressways,1,State Highway Agency,3,State Highway,SR-470   E-470,,449,449,39.97618611,39.97618611,-104.960805560,-104.96080556,0,No Special Jurisdiction,12,Motor Vehicle In-Transport,2,Front-to-Front,1,Yes,18,Through Roadway,1,Not an Intersection,0,None,,,1,On Roadway,1,Daylight,,,,,1,Clear,0,No,0000000,Not Applicable,16,4:00pm-4:59pm,32,32,16,4:00pm-4:59pm,37,37,16,4:00pm-4:59pm,54,54,,,,,,,1,
2023,8,80647,Colorado,1,1,0,0,0,1,1,1,ADAMS (1),0,NOT APPLICABLE,27,27,12,December,2023,4,Wednesday,22,10:00pm-10:59pm,30,30,0,This Section IS NOT on the NHS,2,Urban,7,Local,98,Not Reported,0,Not Signed,I 76 E FRONTAGE RD,,107,107,39.86097778,39.86097778,-104.909455560,-104.90945556,0,No Special Jurisdiction,38,Fence,0,The First Harmful Event was Not a Collision with a Motor Vehicle in Transport,0,No,1,Non-Junction,1,Not an Intersection,0,None,,,5,Outside Trafficway,3,Dark - Lighted,,,,,1,Clear,0,No,0000000,Not Applicable,99,Unknown,99,Unknown,99,Unknown EMS Scene Arrival Hour,99,Unknown EMS Scene Arrival Minutes,88,"Not Applicable (Not Transported) ",88,Not Applicable (Not Transported),,,,,,,1,
2023,8,80648,Colorado,2,2,0,0,0,3,3,123,WELD (123),0,NOT APPLICABLE,28,28,12,December,2023,5,Thursday,17,5:00pm-5:59pm,11,11,1,This Section IS ON the NHS,1,Rural,3,Other Principal Arterial,1,State Highway Agency,3,State Highway,SR-14,,1998,1998,40.59656944,40.59656944,-103.903761110,-103.90376111,0,No Special Jurisdiction,12,Motor Vehicle In-Transport,2,Front-to-Front,0,No,1,Non-Junction,1,Not an Intersection,0,None,,,1,On Roadway,1,Daylight,,,,,1,Clear,0,No,0000000,Not Applicable,17,5:00pm-5:59pm,12,12,17,5:00pm-5:59pm,24,24,18,6:00pm-6:59pm,34,34,,,,,,,2,
2023,8,80649,Colorado,1,1,0,1,1,1,1,123,WELD (123),1522,LOCHBUIE,17,17,12,December,2023,1,Sunday,2,2:00am-2:59am,15,15,0,This Section IS NOT on the NHS,1,Rural,7,Local,3,Town or Township Highway Agency,5,Township,TS-VISTA BLVD,,0,None,40.02410000,40.02410000,-104.720755560,-104.72075556,0,No Special Jurisdiction,8,Pedestrian,0,The First Harmful Event was Not a Collision with a Motor Vehicle in Transport,0,No,8,Driveway Access Related,1,Not an Intersection,0,None,,,1,On Roadway,3,Dark - Lighted,,,,,1,Clear,0,No,0000000,Not Applicable,2,2:00am-2:59am,13,13,2,2:00am-2:59am,24,24,2,2:00am-2:59am,42,42,,,,,,,1,
2023,8,80650,Colorado,1,1,0,0,0,4,4,1,ADAMS (1),230,BRIGHTON,28,28,12,December,2023,5,Thursday,13,1:00pm-1:59pm,54,54,1,This Section IS ON the NHS,2,Urban,1,Interstate,1,State Highway Agency,1,Interstate,I-76,,240,240,39.99000000,39.99000000,-104.730794440,-104.73079444,0,No Special Jurisdiction,34,Ditch,0,The First Harmful Event was Not a Collision with a Motor Vehicle in Transport,0,No,1,Non-Junction,1,Not an Intersection,0,None,,,4,On Roadside,1,Daylight,,,,,1,Clear,0,No,0000000,Not Applicable,13,1:00pm-1:59pm,54,54,14,2:00pm-2:59pm,2,2,99,Unknown,99,Unknown EMS Hospital Arrival Time,,,,,,,2,
2023,8,80651,Colorado,1,1,0,1,1,1,1,5,ARAPAHOE (5),110,AURORA,29,29,12,December,2023,6,Friday,22,10:00pm-10:59pm,37,37,1,This Section IS ON the NHS,2,Urban,3,Other Principal Arterial,4,City or Municipal Highway Agency,6,Municipal,MU-E ALAMEDA PKWY,MU-S FRASER CT,0,None,39.70864722,39.70864722,-104.813119440,-104.81311944,0,No Special Jurisdiction,8,Pedestrian,0,The First Harmful Event was Not a Collision with a Motor Vehicle in Transport,0,No,3,Intersection-Related,3,T-Intersection,0,None,,,1,On Roadway,2,Dark - Not Lighted,,,,,10,Cloudy,0,No,0000000,Not Applicable,22,10:00pm-10:59pm,37,37,22,10:00pm-10:59pm,40,40,88,"Not Applicable (Not Transported) ",88,Not Applicable (Not Transported),,,,,,,1,
2023,8,80652,Colorado,1,1,0,1,1,1,1,31,DENVER (31),600,DENVER,30,30,12,December,2023,7,Saturday,19,7:00pm-7:59pm,48,48,0,This Section IS NOT on the NHS,2,Urban,4,Minor Arterial,4,City or Municipal Highway Agency,6,Municipal,MU-E 56TH AVE,MU-N DUNKIRK ST,0,None,39.79854167,39.79854167,-104.762763890,-104.76276389,0,No Special Jurisdiction,8,Pedestrian,0,The First Harmful Event was Not a Collision with a Motor Vehicle in Transport,0,No,3,Intersection-Related,2,Four-Way Intersection,0,None,,,1,On Roadway,3,Dark - Lighted,,,,,1,Clear,0,No,0000000,Not Applicable,19,7:00pm-7:59pm,49,49,19,7:00pm-7:59pm,55,55,20,8:00pm-8:59pm,14,14,,,,,,,1,
2023,8,80653,Colorado,2,2,0,0,0,2,2,95,PHILLIPS (95),0,NOT APPLICABLE,20,20,12,December,2023,4,Wednesday,11,11:00am-11:59am,56,56,0,This Section IS NOT on the NHS,1,Rural,7,Local,2,County Highway Agency,4,County,CR-37,CR-28,0,None,40.62941389,40.62941389,-102.320747220,-102.32074722,0,No Special Jurisdiction,12,Motor Vehicle In-Transport,6,Angle,0,No,2,Intersection,2,Four-Way Intersection,0,None,,,1,On Roadway,1,Daylight,,,,,1,Clear,0,No,0000000,Not Applicable,99,Unknown,99,Unknown,99,Unknown EMS Scene Arrival Hour,99,Unknown EMS Scene Arrival Minutes,12,12:00pm-12:59pm,20,20,,,,,,,1,
2023,8,80654,Colorado,3,3,0,0,0,11,11,35,DOUGLAS (35),1952,PARKER,12,12,12,December,2023,3,Tuesday,15,3:00pm-3:59pm,43,43,0,This Section IS NOT on the NHS,2,Urban,4,Minor Arterial,4,City or Municipal Highway Agency,6,Municipal,MU-E MAINSTREET,MU-S DRANSFELD RD,0,None,39.51842500,39.51842500,-104.770744440,-104.77074444,0,No Special Jurisdiction,12,Motor Vehicle In-Transport,6,Angle,0,No,2,Intersection,2,Four-Way Intersection,0,None,,,1,On Roadway,1,Daylight,,,,,10,Cloudy,0,No,0000000,Not Applicable,99,Unknown,99,Unknown,99,Unknown EMS Scene Arrival Hour,99,Unknown EMS Scene Arrival Minutes,99,Unknown,99,Unknown EMS Hospital Arrival Time,,,,,,,1,
2023,8,80655,Colorado,2,2,0,0,0,2,2,69,LARIMER (69),1550,LOVELAND,29,29,12,December,2023,6,Friday,14,2:00pm-2:59pm,12,12,0,This Section IS NOT on the NHS,2,Urban,7,Local,98,Not Reported,0,Not Signed,I 25 W FRONTAGE RD,CR-3,2613,2613,40.46473889,40.46473889,-104.992347220,-104.99234722,0,No Special Jurisdiction,12,Motor Vehicle In-Transport,2,Front-to-Front,0,No,2,Intersection,3,T-Intersection,0,None,,,1,On Roadway,1,Daylight,,,,,1,Clear,0,No,0000000,Not Applicable,14,2:00pm-2:59pm,12,12,14,2:00pm-2:59pm,20,20,14,2:00pm-2:59pm,40,40,,,,,,,1,
2023,8,80656,Colorado,1,1,0,0,0,1,1,41,EL PASO (41),430,COLORADO SPRINGS,29,29,12,December,2023,6,Friday,16,4:00pm-4:59pm,25,25,1,This Section IS ON the NHS,2,Urban,3,Other Principal Arterial,4,City or Municipal Highway Agency,6,Municipal,MU-N NEVADA AVE,MU-E WILLAMETTE AVE,0,None,38.84240556,38.84240556,-104.821172220,-104.82117222,0,No Special Jurisdiction,1,Rollover/Overturn,0,The First Harmful Event was Not a Collision with a Motor Vehicle in Transport,0,No,2,Intersection,2,Four-Way Intersection,0,None,,,1,On Roadway,5,Dusk,,,,,1,Clear,0,No,0000000,Not Applicable,16,4:00pm-4:59pm,27,27,16,4:00pm-4:59pm,30,30,16,4:00pm-4:59pm,40,40,,,,,,,1,
2023,8,80657,Colorado,1,1,0,0,0,1,1,41,EL PASO (41),430,COLORADO SPRINGS,30,30,12,December,2023,7,Saturday,13,1:00pm-1:59pm,17,17,1,This Section IS ON the NHS,2,Urban,1,Interstate,1,State Highway Agency,1,Interstate,I-25,,1490,1490,38.93490000,38.93490000,-104.812588890,-104.81258889,0,No Special Jurisdiction,1,Rollover/Overturn,0,The First Harmful Event was Not a Collision with a Motor Vehicle in Transport,1,Yes,19,Other location within Interchange Area,1,Not an Intersection,0,None,,,3,On Median,1,Daylight,,,,,1,Clear,0,No,0000000,Not Applicable,13,1:00pm-1:59pm,17,17,13,1:00pm-1:59pm,26,26,88,"Not Applicable (Not Transported) ",88,Not Applicable (Not Transported),,,,,,,1,
2023,8,80658,Colorado,1,1,0,0,0,1,1,77,MESA (77),1040,GRAND JUNCTION,31,31,12,December,2023,1,Sunday,21,9:00pm-9:59pm,39,39,1,This Section IS ON the NHS,2,Urban,3,Other Principal Arterial,1,State Highway Agency,3,State Highway,SR-70   HWY 6 AND 50,,1,1,39.11119444,39.11119444,-108.643358330,-108.64335833,0,No Special Jurisdiction,20,Impact Attenuator/Crash Cushion,0,The First Harmful Event was Not a Collision with a Motor Vehicle in Transport,1,Yes,19,Other location within Interchange Area,1,Not an Intersection,0,None,,,4,On Roadside,3,Dark - Lighted,,,,,1,Clear,0,No,0000000,Not Applicable,21,9:00pm-9:59pm,39,39,21,9:00pm-9:59pm,51,51,22,10:00pm-10:59pm,13,13,,,,,,,1,
2023,8,80659,Colorado,1,1,0,0,0,1,1,31,DENVER (31),600,DENVER,30,30,12,December,2023,7,Saturday,20,8:00pm-8:59pm,3,3,1,This Section IS ON the NHS,2,Urban,1,Interstate,1,State Highway Agency,1,Interstate,I-225,,14,14,39.63994167,39.63994167,-104.883577780,-104.88357778,0,No Special Jurisdiction,18,Other Object (not fixed),0,The First Harmful Event was Not a Collision with a Motor Vehicle in Transport,1,Yes,19,Other location within Interchange Area,1,Not an Intersection,0,None,,,2,On Shoulder,3,Dark - Lighted,,,,,1,Clear,0,No,0000000,Not Applicable,20,8:00pm-8:59pm,3,3,20,8:00pm-8:59pm,5,5,88,"Not Applicable (Not Transported) ",88,Not Applicable (Not Transported),,,,,,,1,
2023,8,80660,Colorado,1,1,0,0,0,1,1,31,DENVER (31),600,DENVER,26,26,12,December,2023,3,Tuesday,7,7:00am-7:59am,3,3,0,This Section IS NOT on the NHS,2,Urban,4,Minor Arterial,4,City or Municipal Highway Agency,6,Municipal,MU-E YALE AVE,,0,None,39.66797222,39.66797222,-104.937472220,-104.93747222,0,No Special Jurisdiction,33,Curb,0,The First Harmful Event was Not a Collision with a Motor Vehicle in Transport,0,No,1,Non-Junction,1,Not an Intersection,0,None,,,4,On Roadside,3,Dark - Lighted,,,,,4,Snow,0,No,0000000,Not Applicable,7,7:00am-7:59am,5,5,7,7:00am-7:59am,26,26,8,8:00am-8:59am,2,2,,,,,,,1,
2023,8,80661,Colorado,1,1,0,0,0,1,1,75,LOGAN (75),0,NOT APPLICABLE,20,20,12,December,2023,4,Wednesday,14,2:00pm-2:59pm,25,25,1,This Section IS ON the NHS,1,Rural,1,Interstate,1,State Highway Agency,1,Interstate,I-76,,1408,1408,40.76949722,40.76949722,-102.940980560,-102.94098056,0,No Special Jurisdiction,24,Guardrail Face,0,The First Harmful Event was Not a Collision with a Motor Vehicle in Transport,1,Yes,19,Other location within Interchange Area,1,Not an Intersection,0,None,,,3,On Median,1,Daylight,,,,,10,Cloudy,0,No,0000000,Not Applicable,14,2:00pm-2:59pm,26,26,14,2:00pm-2:59pm,43,43,15,3:00pm-3:59pm,3,3,,,,,,,1,
2023,8,80662,Colorado,2,2,0,0,0,3,3,5,ARAPAHOE (5),110,AURORA,19,19,12,December,2023,3,Tuesday,19,7:00pm-7:59pm,47,47,0,This Section IS NOT on the NHS,2,Urban,5,Major Collector,4,City or Municipal Highway Agency,6,Municipal,MU-S GARTRELL RD,,0,None,39.58044444,39.58044444,-104.725061110,-104.72506111,0,No Special Jurisdiction,12,Motor Vehicle In-Transport,8,Sideswipe - Opposite Direction,0,No,1,Non-Junction,1,Not an Intersection,0,None,,,1,On Roadway,3,Dark - Lighted,,,,,1,Clear,0,No,0000000,Not Applicable,99,Unknown,99,Unknown,99,Unknown EMS Scene Arrival Hour,99,Unknown EMS Scene Arrival Minutes,99,Unknown,99,Unknown EMS Hospital Arrival Time,,,,,,,1,
2023,8,80663,Colorado,1,1,0,1,1,1,1,41,EL PASO (41),430,COLORADO SPRINGS,8,8,12,December,2023,6,Friday,14,2:00pm-2:59pm,48,48,1,This Section IS ON the NHS,2,Urban,3,Other Principal Arterial,4,City or Municipal Highway Agency,6,Municipal,MU-AIRPORT RD,,0,None,38.82542500,38.82542500,-104.768586110,-104.76858611,0,No Special Jurisdiction,8,Pedestrian,0,The First Harmful Event was Not a Collision with a Motor Vehicle in Transport,0,No,1,Non-Junction,1,Not an Intersection,0,None,,,1,On Roadway,1,Daylight,,,,,10,Cloudy,0,No,0000000,Not Applicable,14,2:00pm-2:59pm,48,48,14,2:00pm-2:59pm,50,50,15,3:00pm-3:59pm,2,2,,,,,,,1,
2023,8,80664,Colorado,1,1,0,1,1,1,1,59,JEFFERSON (59),1000,GOLDEN,27,27,12,December,2023,4,Wednesday,6,6:00am-6:59am,5,5,0,This Section IS NOT on the NHS,2,Urban,3,Other Principal Arterial,1,State Highway Agency,2,U.S. Highway,US-40   W COLFAX AVE,MU-VIOLET ST,2864,2864,39.72183333,39.72183333,-105.197005560,-105.19700556,0,No Special Jurisdiction,8,Pedestrian,0,The First Harmful Event was Not a Collision with a Motor Vehicle in Transport,0,No,2,Intersection,2,Four-Way Intersection,0,None,,,1,On Roadway,2,Dark - Not Lighted,,,,,1,Clear,0,No,0000000,Not Applicable,6,6:00am-6:59am,10,10,6,6:00am-6:59am,15,15,6,6:00am-6:59am,30,30,,,,,,,1,
2023,8,80665,Colorado,1,1,0,1,1,1,1,31,DENVER (31),600,DENVER,13,13,2,February,2023,2,Monday,9,9:00am-9:59am,43,43,1,This Section IS ON the NHS,2,Urban,3,Other Principal Arterial,1,State Highway Agency,2,U.S. Highway,US-40   W COLFAX AVE,MU-N DELAWARE ST,2978,2978,39.74005000,39.74005000,-104.992888890,-104.99288889,0,No Special Jurisdiction,8,Pedestrian,0,The First Harmful Event was Not a Collision with a Motor Vehicle in Transport,0,No,3,Intersection-Related,2,Four-Way Intersection,0,None,,,1,On Roadway,1,Daylight,,,,,1,Clear,0,No,0000000,Not Applicable,9,9:00am-9:59am,44,44,9,9:00am-9:59am,52,52,10,10:00am-10:59am,0,0,,,,,,,1,
2023,8,80666,Colorado,2,2,0,0,0,2,2,31,DENVER (31),600,DENVER,18,18,11,November,2023,7,Saturday,0,0:00am-0:59am,7,7,0,This Section IS NOT on the NHS,2,Urban,4,Minor Arterial,4,City or Municipal Highway Agency,6,Municipal,MU-N SPEER BLV,MU-N GROVE ST,0,None,39.76106667,39.76106667,-105.026822220,-105.02682222,0,No Special Jurisdiction,12,Motor Vehicle In-Transport,6,Angle,0,No,2,Intersection,3,T-Intersection,0,None,,,1,On Roadway,3,Dark - Lighted,,,,,1,Clear,0,No,0000000,Not Applicable,0,0:00am-0:59am,7,7,0,0:00am-0:59am,10,10,0,0:00am-0:59am,15,15,,,,,,,1,
2023,8,80667,Colorado,1,1,0,0,0,2,2,123,WELD (123),1800,NUNN,29,29,12,December,2023,6,Friday,10,10:00am-10:59am,34,34,0,This Section IS NOT on the NHS,1,Rural,7,Local,3,Town or Township Highway Agency,5,Township,TS-98,,0,None,40.69624444,40.69624444,-104.775958330,-104.77595833,0,No Special Jurisdiction,10,Railway Vehicle,0,The First Harmful Event was Not a Collision with a Motor Vehicle in Transport,0,No,6,"Railway Grade Crossing ",1,Not an Intersection,0,None,,,1,On Roadway,1,Daylight,,,,,1,Clear,0,No,804870Y,804870Y,10,10:00am-10:59am,30,30,10,10:00am-10:59am,38,38,99,Unknown,99,Unknown EMS Hospital Arrival Time,,,,,,,1,